"scenario","year","variable","value","units"
"SSP245_CH4",1850,"Ca",284.20440303028,"ppmv CO2"
"SSP245_CH4",1851,"Ca",284.416504591648,"ppmv CO2"
"SSP245_CH4",1852,"Ca",284.619478993891,"ppmv CO2"
"SSP245_CH4",1853,"Ca",284.837667042056,"ppmv CO2"
"SSP245_CH4",1854,"Ca",285.074361949939,"ppmv CO2"
"SSP245_CH4",1855,"Ca",285.305200218061,"ppmv CO2"
"SSP245_CH4",1856,"Ca",285.529611922044,"ppmv CO2"
"SSP245_CH4",1857,"Ca",285.736094537586,"ppmv CO2"
"SSP245_CH4",1858,"Ca",285.889064315823,"ppmv CO2"
"SSP245_CH4",1859,"Ca",285.993078552476,"ppmv CO2"
"SSP245_CH4",1860,"Ca",286.115248927756,"ppmv CO2"
"SSP245_CH4",1861,"Ca",286.28540665864,"ppmv CO2"
"SSP245_CH4",1862,"Ca",286.490415163717,"ppmv CO2"
"SSP245_CH4",1863,"Ca",286.677045501227,"ppmv CO2"
"SSP245_CH4",1864,"Ca",286.827311587307,"ppmv CO2"
"SSP245_CH4",1865,"Ca",286.975567627318,"ppmv CO2"
"SSP245_CH4",1866,"Ca",287.131791514372,"ppmv CO2"
"SSP245_CH4",1867,"Ca",287.294613946709,"ppmv CO2"
"SSP245_CH4",1868,"Ca",287.46034671412,"ppmv CO2"
"SSP245_CH4",1869,"Ca",287.625328482448,"ppmv CO2"
"SSP245_CH4",1870,"Ca",287.787904889752,"ppmv CO2"
"SSP245_CH4",1871,"Ca",287.946911078138,"ppmv CO2"
"SSP245_CH4",1872,"Ca",288.112541860088,"ppmv CO2"
"SSP245_CH4",1873,"Ca",288.326873178438,"ppmv CO2"
"SSP245_CH4",1874,"Ca",288.579586210155,"ppmv CO2"
"SSP245_CH4",1875,"Ca",288.827415572036,"ppmv CO2"
"SSP245_CH4",1876,"Ca",289.074107570734,"ppmv CO2"
"SSP245_CH4",1877,"Ca",289.32480658231,"ppmv CO2"
"SSP245_CH4",1878,"Ca",289.571034445316,"ppmv CO2"
"SSP245_CH4",1879,"Ca",289.815444523586,"ppmv CO2"
"SSP245_CH4",1880,"Ca",290.06676799777,"ppmv CO2"
"SSP245_CH4",1881,"Ca",290.33025585456,"ppmv CO2"
"SSP245_CH4",1882,"Ca",290.615271348405,"ppmv CO2"
"SSP245_CH4",1883,"Ca",290.890814838459,"ppmv CO2"
"SSP245_CH4",1884,"Ca",291.134510043545,"ppmv CO2"
"SSP245_CH4",1885,"Ca",291.278636964401,"ppmv CO2"
"SSP245_CH4",1886,"Ca",291.313940902287,"ppmv CO2"
"SSP245_CH4",1887,"Ca",291.364746364424,"ppmv CO2"
"SSP245_CH4",1888,"Ca",291.476400482251,"ppmv CO2"
"SSP245_CH4",1889,"Ca",291.634434039163,"ppmv CO2"
"SSP245_CH4",1890,"Ca",291.819023557131,"ppmv CO2"
"SSP245_CH4",1891,"Ca",292.005545934232,"ppmv CO2"
"SSP245_CH4",1892,"Ca",292.185948124578,"ppmv CO2"
"SSP245_CH4",1893,"Ca",292.373128645724,"ppmv CO2"
"SSP245_CH4",1894,"Ca",292.579960127067,"ppmv CO2"
"SSP245_CH4",1895,"Ca",292.813999902627,"ppmv CO2"
"SSP245_CH4",1896,"Ca",293.078776333385,"ppmv CO2"
"SSP245_CH4",1897,"Ca",293.353441576916,"ppmv CO2"
"SSP245_CH4",1898,"Ca",293.615957694967,"ppmv CO2"
"SSP245_CH4",1899,"Ca",293.867242210264,"ppmv CO2"
"SSP245_CH4",1900,"Ca",294.130338755346,"ppmv CO2"
"SSP245_CH4",1901,"Ca",294.414702354655,"ppmv CO2"
"SSP245_CH4",1902,"Ca",294.742472598366,"ppmv CO2"
"SSP245_CH4",1903,"Ca",295.101298268545,"ppmv CO2"
"SSP245_CH4",1904,"Ca",295.433286428209,"ppmv CO2"
"SSP245_CH4",1905,"Ca",295.729744820152,"ppmv CO2"
"SSP245_CH4",1906,"Ca",296.046973428993,"ppmv CO2"
"SSP245_CH4",1907,"Ca",296.443119650441,"ppmv CO2"
"SSP245_CH4",1908,"Ca",296.90009479923,"ppmv CO2"
"SSP245_CH4",1909,"Ca",297.367750738463,"ppmv CO2"
"SSP245_CH4",1910,"Ca",297.831926604939,"ppmv CO2"
"SSP245_CH4",1911,"Ca",298.309909092564,"ppmv CO2"
"SSP245_CH4",1912,"Ca",298.766861911661,"ppmv CO2"
"SSP245_CH4",1913,"Ca",299.184984120532,"ppmv CO2"
"SSP245_CH4",1914,"Ca",299.563076875505,"ppmv CO2"
"SSP245_CH4",1915,"Ca",299.88808720157,"ppmv CO2"
"SSP245_CH4",1916,"Ca",300.194952299948,"ppmv CO2"
"SSP245_CH4",1917,"Ca",300.527028278894,"ppmv CO2"
"SSP245_CH4",1918,"Ca",300.885022320298,"ppmv CO2"
"SSP245_CH4",1919,"Ca",301.245565298453,"ppmv CO2"
"SSP245_CH4",1920,"Ca",301.577777329223,"ppmv CO2"
"SSP245_CH4",1921,"Ca",301.91713340862,"ppmv CO2"
"SSP245_CH4",1922,"Ca",302.265863368545,"ppmv CO2"
"SSP245_CH4",1923,"Ca",302.610841456092,"ppmv CO2"
"SSP245_CH4",1924,"Ca",302.995475732206,"ppmv CO2"
"SSP245_CH4",1925,"Ca",303.40737803599,"ppmv CO2"
"SSP245_CH4",1926,"Ca",303.820734800293,"ppmv CO2"
"SSP245_CH4",1927,"Ca",304.226903884597,"ppmv CO2"
"SSP245_CH4",1928,"Ca",304.665897867,"ppmv CO2"
"SSP245_CH4",1929,"Ca",305.137250985192,"ppmv CO2"
"SSP245_CH4",1930,"Ca",305.625700797644,"ppmv CO2"
"SSP245_CH4",1931,"Ca",306.138270323112,"ppmv CO2"
"SSP245_CH4",1932,"Ca",306.634639390171,"ppmv CO2"
"SSP245_CH4",1933,"Ca",307.044401818339,"ppmv CO2"
"SSP245_CH4",1934,"Ca",307.400159555696,"ppmv CO2"
"SSP245_CH4",1935,"Ca",307.775276109788,"ppmv CO2"
"SSP245_CH4",1936,"Ca",308.168095043673,"ppmv CO2"
"SSP245_CH4",1937,"Ca",308.589140093111,"ppmv CO2"
"SSP245_CH4",1938,"Ca",309.034133995231,"ppmv CO2"
"SSP245_CH4",1939,"Ca",309.460377651818,"ppmv CO2"
"SSP245_CH4",1940,"Ca",309.881573350607,"ppmv CO2"
"SSP245_CH4",1941,"Ca",310.326627468876,"ppmv CO2"
"SSP245_CH4",1942,"Ca",310.775451730717,"ppmv CO2"
"SSP245_CH4",1943,"Ca",311.223523773223,"ppmv CO2"
"SSP245_CH4",1944,"Ca",311.678562172872,"ppmv CO2"
"SSP245_CH4",1945,"Ca",312.130803220603,"ppmv CO2"
"SSP245_CH4",1946,"Ca",312.531126573738,"ppmv CO2"
"SSP245_CH4",1947,"Ca",312.955116197593,"ppmv CO2"
"SSP245_CH4",1948,"Ca",313.490227179736,"ppmv CO2"
"SSP245_CH4",1949,"Ca",314.079178936873,"ppmv CO2"
"SSP245_CH4",1950,"Ca",314.671586199507,"ppmv CO2"
"SSP245_CH4",1951,"Ca",315.296985633641,"ppmv CO2"
"SSP245_CH4",1952,"Ca",316.078596525428,"ppmv CO2"
"SSP245_CH4",1953,"Ca",316.977150591428,"ppmv CO2"
"SSP245_CH4",1954,"Ca",317.874986531393,"ppmv CO2"
"SSP245_CH4",1955,"Ca",318.794863542862,"ppmv CO2"
"SSP245_CH4",1956,"Ca",319.791026558625,"ppmv CO2"
"SSP245_CH4",1957,"Ca",320.881500697616,"ppmv CO2"
"SSP245_CH4",1958,"Ca",322.032991119449,"ppmv CO2"
"SSP245_CH4",1959,"Ca",323.227642868668,"ppmv CO2"
"SSP245_CH4",1960,"Ca",324.43941058565,"ppmv CO2"
"SSP245_CH4",1961,"Ca",325.648780431975,"ppmv CO2"
"SSP245_CH4",1962,"Ca",326.87863457511,"ppmv CO2"
"SSP245_CH4",1963,"Ca",328.11164827813,"ppmv CO2"
"SSP245_CH4",1964,"Ca",329.360187856277,"ppmv CO2"
"SSP245_CH4",1965,"Ca",330.58901208203,"ppmv CO2"
"SSP245_CH4",1966,"Ca",331.797725340491,"ppmv CO2"
"SSP245_CH4",1967,"Ca",333.07676265242,"ppmv CO2"
"SSP245_CH4",1968,"Ca",334.456637456462,"ppmv CO2"
"SSP245_CH4",1969,"Ca",335.913936469195,"ppmv CO2"
"SSP245_CH4",1970,"Ca",337.394894539344,"ppmv CO2"
"SSP245_CH4",1971,"Ca",338.925277776297,"ppmv CO2"
"SSP245_CH4",1972,"Ca",340.472573768898,"ppmv CO2"
"SSP245_CH4",1973,"Ca",342.0089933154,"ppmv CO2"
"SSP245_CH4",1974,"Ca",343.59745366126,"ppmv CO2"
"SSP245_CH4",1975,"Ca",345.190426013606,"ppmv CO2"
"SSP245_CH4",1976,"Ca",346.720836588882,"ppmv CO2"
"SSP245_CH4",1977,"Ca",348.281093168449,"ppmv CO2"
"SSP245_CH4",1978,"Ca",349.939705524442,"ppmv CO2"
"SSP245_CH4",1979,"Ca",351.665058747072,"ppmv CO2"
"SSP245_CH4",1980,"Ca",353.403712676654,"ppmv CO2"
"SSP245_CH4",1981,"Ca",355.102843237125,"ppmv CO2"
"SSP245_CH4",1982,"Ca",356.739036320091,"ppmv CO2"
"SSP245_CH4",1983,"Ca",358.319041885225,"ppmv CO2"
"SSP245_CH4",1984,"Ca",359.874355264835,"ppmv CO2"
"SSP245_CH4",1985,"Ca",361.468092976394,"ppmv CO2"
"SSP245_CH4",1986,"Ca",363.150341921892,"ppmv CO2"
"SSP245_CH4",1987,"Ca",364.929738481343,"ppmv CO2"
"SSP245_CH4",1988,"Ca",366.775550985454,"ppmv CO2"
"SSP245_CH4",1989,"Ca",368.668743221443,"ppmv CO2"
"SSP245_CH4",1990,"Ca",370.618904218665,"ppmv CO2"
"SSP245_CH4",1991,"Ca",372.522228458176,"ppmv CO2"
"SSP245_CH4",1992,"Ca",374.444451506676,"ppmv CO2"
"SSP245_CH4",1993,"Ca",376.324712046731,"ppmv CO2"
"SSP245_CH4",1994,"Ca",378.022822000699,"ppmv CO2"
"SSP245_CH4",1995,"Ca",379.689056722275,"ppmv CO2"
"SSP245_CH4",1996,"Ca",381.445488489325,"ppmv CO2"
"SSP245_CH4",1997,"Ca",383.290935197485,"ppmv CO2"
"SSP245_CH4",1998,"Ca",385.50616449908,"ppmv CO2"
"SSP245_CH4",1999,"Ca",387.720321993656,"ppmv CO2"
"SSP245_CH4",2000,"Ca",389.529572158523,"ppmv CO2"
"SSP245_CH4",2001,"Ca",391.262208148953,"ppmv CO2"
"SSP245_CH4",2002,"Ca",392.906303782467,"ppmv CO2"
"SSP245_CH4",2003,"Ca",394.539204997618,"ppmv CO2"
"SSP245_CH4",2004,"Ca",396.24019891506,"ppmv CO2"
"SSP245_CH4",2005,"Ca",398.075931087561,"ppmv CO2"
"SSP245_CH4",2006,"Ca",400.101198750333,"ppmv CO2"
"SSP245_CH4",2007,"Ca",402.243521853701,"ppmv CO2"
"SSP245_CH4",2008,"Ca",404.44598132028,"ppmv CO2"
"SSP245_CH4",2009,"Ca",406.505422495001,"ppmv CO2"
"SSP245_CH4",2010,"Ca",408.438607453054,"ppmv CO2"
"SSP245_CH4",2011,"Ca",410.525611455569,"ppmv CO2"
"SSP245_CH4",2012,"Ca",412.821842303928,"ppmv CO2"
"SSP245_CH4",2013,"Ca",415.225487390004,"ppmv CO2"
"SSP245_CH4",2014,"Ca",417.683244379482,"ppmv CO2"
"SSP245_CH4",2015,"Ca",420.271847018678,"ppmv CO2"
"SSP245_CH4",2016,"Ca",422.858490180882,"ppmv CO2"
"SSP245_CH4",2017,"Ca",425.387094553709,"ppmv CO2"
"SSP245_CH4",2018,"Ca",427.934140135833,"ppmv CO2"
"SSP245_CH4",2019,"Ca",430.496983985212,"ppmv CO2"
"SSP245_CH4",2020,"Ca",433.0760870044,"ppmv CO2"
"SSP245_CH4",2021,"Ca",435.671803577317,"ppmv CO2"
"SSP245_CH4",2022,"Ca",438.283901555938,"ppmv CO2"
"SSP245_CH4",2023,"Ca",440.909160964307,"ppmv CO2"
"SSP245_CH4",2024,"Ca",443.546429290458,"ppmv CO2"
"SSP245_CH4",2025,"Ca",446.195579180689,"ppmv CO2"
"SSP245_CH4",2026,"Ca",448.856759292649,"ppmv CO2"
"SSP245_CH4",2027,"Ca",451.530187109851,"ppmv CO2"
"SSP245_CH4",2028,"Ca",454.216093397781,"ppmv CO2"
"SSP245_CH4",2029,"Ca",456.914715294417,"ppmv CO2"
"SSP245_CH4",2030,"Ca",459.626291906617,"ppmv CO2"
"SSP245_CH4",2031,"Ca",462.351066521663,"ppmv CO2"
"SSP245_CH4",2032,"Ca",465.074329747897,"ppmv CO2"
"SSP245_CH4",2033,"Ca",467.783661492202,"ppmv CO2"
"SSP245_CH4",2034,"Ca",470.480936272864,"ppmv CO2"
"SSP245_CH4",2035,"Ca",473.155844018242,"ppmv CO2"
"SSP245_CH4",2036,"Ca",475.841172157352,"ppmv CO2"
"SSP245_CH4",2037,"Ca",478.51358054976,"ppmv CO2"
"SSP245_CH4",2038,"Ca",481.174345806247,"ppmv CO2"
"SSP245_CH4",2039,"Ca",483.826904504494,"ppmv CO2"
"SSP245_CH4",2040,"Ca",486.472840181104,"ppmv CO2"
"SSP245_CH4",2041,"Ca",489.112872382362,"ppmv CO2"
"SSP245_CH4",2042,"Ca",491.73164852941,"ppmv CO2"
"SSP245_CH4",2043,"Ca",494.315212452601,"ppmv CO2"
"SSP245_CH4",2044,"Ca",496.865263102912,"ppmv CO2"
"SSP245_CH4",2045,"Ca",499.383055738957,"ppmv CO2"
"SSP245_CH4",2046,"Ca",501.869700245738,"ppmv CO2"
"SSP245_CH4",2047,"Ca",504.326259908055,"ppmv CO2"
"SSP245_CH4",2048,"Ca",506.753766558735,"ppmv CO2"
"SSP245_CH4",2049,"Ca",509.153203782065,"ppmv CO2"
"SSP245_CH4",2050,"Ca",511.525507346628,"ppmv CO2"
"SSP245_CH4",2051,"Ca",513.871582339551,"ppmv CO2"
"SSP245_CH4",2052,"Ca",516.174457472398,"ppmv CO2"
"SSP245_CH4",2053,"Ca",518.417984407818,"ppmv CO2"
"SSP245_CH4",2054,"Ca",520.604080127052,"ppmv CO2"
"SSP245_CH4",2055,"Ca",522.734301457471,"ppmv CO2"
"SSP245_CH4",2056,"Ca",524.806350133318,"ppmv CO2"
"SSP245_CH4",2057,"Ca",526.830830562518,"ppmv CO2"
"SSP245_CH4",2058,"Ca",528.804560068786,"ppmv CO2"
"SSP245_CH4",2059,"Ca",530.725099645916,"ppmv CO2"
"SSP245_CH4",2060,"Ca",532.595937265102,"ppmv CO2"
"SSP245_CH4",2061,"Ca",534.418833367999,"ppmv CO2"
"SSP245_CH4",2062,"Ca",536.192961229596,"ppmv CO2"
"SSP245_CH4",2063,"Ca",537.916649546027,"ppmv CO2"
"SSP245_CH4",2064,"Ca",539.590435843517,"ppmv CO2"
"SSP245_CH4",2065,"Ca",541.214960076873,"ppmv CO2"
"SSP245_CH4",2066,"Ca",542.790917210175,"ppmv CO2"
"SSP245_CH4",2067,"Ca",544.318968944039,"ppmv CO2"
"SSP245_CH4",2068,"Ca",545.799699207551,"ppmv CO2"
"SSP245_CH4",2069,"Ca",547.233652333408,"ppmv CO2"
"SSP245_CH4",2070,"Ca",548.621353667306,"ppmv CO2"
"SSP245_CH4",2071,"Ca",549.963317948024,"ppmv CO2"
"SSP245_CH4",2072,"Ca",551.235322146591,"ppmv CO2"
"SSP245_CH4",2073,"Ca",552.414998727376,"ppmv CO2"
"SSP245_CH4",2074,"Ca",553.504395530237,"ppmv CO2"
"SSP245_CH4",2075,"Ca",554.504952680674,"ppmv CO2"
"SSP245_CH4",2076,"Ca",555.417937825684,"ppmv CO2"
"SSP245_CH4",2077,"Ca",556.252677325339,"ppmv CO2"
"SSP245_CH4",2078,"Ca",556.990642213241,"ppmv CO2"
"SSP245_CH4",2079,"Ca",557.651860994097,"ppmv CO2"
"SSP245_CH4",2080,"Ca",558.227552599103,"ppmv CO2"
"SSP245_CH4",2081,"Ca",558.721158049453,"ppmv CO2"
"SSP245_CH4",2082,"Ca",559.122519486197,"ppmv CO2"
"SSP245_CH4",2083,"Ca",559.421372167618,"ppmv CO2"
"SSP245_CH4",2084,"Ca",559.619720756817,"ppmv CO2"
"SSP245_CH4",2085,"Ca",559.718577167233,"ppmv CO2"
"SSP245_CH4",2086,"Ca",559.719215979252,"ppmv CO2"
"SSP245_CH4",2087,"Ca",559.623350151922,"ppmv CO2"
"SSP245_CH4",2088,"Ca",559.432913158471,"ppmv CO2"
"SSP245_CH4",2089,"Ca",559.149264216504,"ppmv CO2"
"SSP245_CH4",2090,"Ca",558.773312733819,"ppmv CO2"
"SSP245_CH4",2091,"Ca",558.305902265081,"ppmv CO2"
"SSP245_CH4",2092,"Ca",557.774821504944,"ppmv CO2"
"SSP245_CH4",2093,"Ca",557.205427483594,"ppmv CO2"
"SSP245_CH4",2094,"Ca",556.597247004453,"ppmv CO2"
"SSP245_CH4",2095,"Ca",555.950210066931,"ppmv CO2"
"SSP245_CH4",2096,"Ca",555.264114516599,"ppmv CO2"
"SSP245_CH4",2097,"Ca",554.569443182619,"ppmv CO2"
"SSP245_CH4",2098,"Ca",553.800260491469,"ppmv CO2"
"SSP245_CH4",2099,"Ca",552.988563900422,"ppmv CO2"
"SSP245_CH4",2100,"Ca",552.143989846195,"ppmv CO2"
"SSP245_CH4",2101,"Ca",551.257205421628,"ppmv CO2"
"SSP245_CH4",2102,"Ca",550.378253180828,"ppmv CO2"
"SSP245_CH4",2103,"Ca",549.559340747142,"ppmv CO2"
"SSP245_CH4",2104,"Ca",548.796338893432,"ppmv CO2"
"SSP245_CH4",2105,"Ca",548.084184189594,"ppmv CO2"
"SSP245_CH4",2106,"Ca",547.422807121034,"ppmv CO2"
"SSP245_CH4",2107,"Ca",546.812973825396,"ppmv CO2"
"SSP245_CH4",2108,"Ca",546.251729414904,"ppmv CO2"
"SSP245_CH4",2109,"Ca",545.735994309354,"ppmv CO2"
"SSP245_CH4",2110,"Ca",545.26516625291,"ppmv CO2"
"SSP245_CH4",2111,"Ca",544.838336071651,"ppmv CO2"
"SSP245_CH4",2112,"Ca",544.453005880936,"ppmv CO2"
"SSP245_CH4",2113,"Ca",544.107272175652,"ppmv CO2"
"SSP245_CH4",2114,"Ca",543.800364037565,"ppmv CO2"
"SSP245_CH4",2115,"Ca",543.531012114824,"ppmv CO2"
"SSP245_CH4",2116,"Ca",543.297484238541,"ppmv CO2"
"SSP245_CH4",2117,"Ca",543.098637963533,"ppmv CO2"
"SSP245_CH4",2118,"Ca",542.93358812644,"ppmv CO2"
"SSP245_CH4",2119,"Ca",542.801014097505,"ppmv CO2"
"SSP245_CH4",2120,"Ca",542.699438639244,"ppmv CO2"
"SSP245_CH4",2121,"Ca",542.62776671579,"ppmv CO2"
"SSP245_CH4",2122,"Ca",542.585058281259,"ppmv CO2"
"SSP245_CH4",2123,"Ca",542.570156896735,"ppmv CO2"
"SSP245_CH4",2124,"Ca",542.581978034504,"ppmv CO2"
"SSP245_CH4",2125,"Ca",542.619624998524,"ppmv CO2"
"SSP245_CH4",2126,"Ca",542.682186491137,"ppmv CO2"
"SSP245_CH4",2127,"Ca",542.7686796597,"ppmv CO2"
"SSP245_CH4",2128,"Ca",542.878184176116,"ppmv CO2"
"SSP245_CH4",2129,"Ca",543.009896904052,"ppmv CO2"
"SSP245_CH4",2130,"Ca",543.163016843644,"ppmv CO2"
"SSP245_CH4",2131,"Ca",543.336725909317,"ppmv CO2"
"SSP245_CH4",2132,"Ca",543.530287324038,"ppmv CO2"
"SSP245_CH4",2133,"Ca",543.743059512773,"ppmv CO2"
"SSP245_CH4",2134,"Ca",543.974354196912,"ppmv CO2"
"SSP245_CH4",2135,"Ca",544.223438029028,"ppmv CO2"
"SSP245_CH4",2136,"Ca",544.489624754734,"ppmv CO2"
"SSP245_CH4",2137,"Ca",544.772275862381,"ppmv CO2"
"SSP245_CH4",2138,"Ca",545.070755114232,"ppmv CO2"
"SSP245_CH4",2139,"Ca",545.384455341919,"ppmv CO2"
"SSP245_CH4",2140,"Ca",545.712809314085,"ppmv CO2"
"SSP245_CH4",2141,"Ca",546.055284897129,"ppmv CO2"
"SSP245_CH4",2142,"Ca",546.411348826558,"ppmv CO2"
"SSP245_CH4",2143,"Ca",546.780496292776,"ppmv CO2"
"SSP245_CH4",2144,"Ca",547.162248770439,"ppmv CO2"
"SSP245_CH4",2145,"Ca",547.556139615375,"ppmv CO2"
"SSP245_CH4",2146,"Ca",547.96172947602,"ppmv CO2"
"SSP245_CH4",2147,"Ca",548.378593243025,"ppmv CO2"
"SSP245_CH4",2148,"Ca",548.806296005475,"ppmv CO2"
"SSP245_CH4",2149,"Ca",549.244380249376,"ppmv CO2"
"SSP245_CH4",2150,"Ca",549.69240128581,"ppmv CO2"
"SSP245_CH4",2151,"Ca",550.149970971394,"ppmv CO2"
"SSP245_CH4",2152,"Ca",550.604702126787,"ppmv CO2"
"SSP245_CH4",2153,"Ca",551.045384446029,"ppmv CO2"
"SSP245_CH4",2154,"Ca",551.472541276852,"ppmv CO2"
"SSP245_CH4",2155,"Ca",551.88619091587,"ppmv CO2"
"SSP245_CH4",2156,"Ca",552.286583438175,"ppmv CO2"
"SSP245_CH4",2157,"Ca",552.674092097001,"ppmv CO2"
"SSP245_CH4",2158,"Ca",553.048900225788,"ppmv CO2"
"SSP245_CH4",2159,"Ca",553.411133449533,"ppmv CO2"
"SSP245_CH4",2160,"Ca",553.761037173405,"ppmv CO2"
"SSP245_CH4",2161,"Ca",554.098853004191,"ppmv CO2"
"SSP245_CH4",2162,"Ca",554.424708040234,"ppmv CO2"
"SSP245_CH4",2163,"Ca",554.738741358241,"ppmv CO2"
"SSP245_CH4",2164,"Ca",555.041194627945,"ppmv CO2"
"SSP245_CH4",2165,"Ca",555.332373244193,"ppmv CO2"
"SSP245_CH4",2166,"Ca",555.612539754881,"ppmv CO2"
"SSP245_CH4",2167,"Ca",555.882227019915,"ppmv CO2"
"SSP245_CH4",2168,"Ca",556.142100488802,"ppmv CO2"
"SSP245_CH4",2169,"Ca",556.392457962634,"ppmv CO2"
"SSP245_CH4",2170,"Ca",556.633277772046,"ppmv CO2"
"SSP245_CH4",2171,"Ca",556.864488009375,"ppmv CO2"
"SSP245_CH4",2172,"Ca",557.0861913931,"ppmv CO2"
"SSP245_CH4",2173,"Ca",557.298525291033,"ppmv CO2"
"SSP245_CH4",2174,"Ca",557.501470939438,"ppmv CO2"
"SSP245_CH4",2175,"Ca",557.694917517395,"ppmv CO2"
"SSP245_CH4",2176,"Ca",557.878776747875,"ppmv CO2"
"SSP245_CH4",2177,"Ca",558.053025359309,"ppmv CO2"
"SSP245_CH4",2178,"Ca",558.217737871525,"ppmv CO2"
"SSP245_CH4",2179,"Ca",558.373028386452,"ppmv CO2"
"SSP245_CH4",2180,"Ca",558.518920287303,"ppmv CO2"
"SSP245_CH4",2181,"Ca",558.655330774888,"ppmv CO2"
"SSP245_CH4",2182,"Ca",558.782209761382,"ppmv CO2"
"SSP245_CH4",2183,"Ca",558.899540325739,"ppmv CO2"
"SSP245_CH4",2184,"Ca",559.007279635958,"ppmv CO2"
"SSP245_CH4",2185,"Ca",559.105425712572,"ppmv CO2"
"SSP245_CH4",2186,"Ca",559.194386060002,"ppmv CO2"
"SSP245_CH4",2187,"Ca",559.274628820954,"ppmv CO2"
"SSP245_CH4",2188,"Ca",559.346146789954,"ppmv CO2"
"SSP245_CH4",2189,"Ca",559.408733971696,"ppmv CO2"
"SSP245_CH4",2190,"Ca",559.462203553122,"ppmv CO2"
"SSP245_CH4",2191,"Ca",559.506408941673,"ppmv CO2"
"SSP245_CH4",2192,"Ca",559.541215914406,"ppmv CO2"
"SSP245_CH4",2193,"Ca",559.566516505251,"ppmv CO2"
"SSP245_CH4",2194,"Ca",559.582231710131,"ppmv CO2"
"SSP245_CH4",2195,"Ca",559.588882791199,"ppmv CO2"
"SSP245_CH4",2196,"Ca",559.587206586882,"ppmv CO2"
"SSP245_CH4",2197,"Ca",559.57727671412,"ppmv CO2"
"SSP245_CH4",2198,"Ca",559.558784652449,"ppmv CO2"
"SSP245_CH4",2199,"Ca",559.531369547902,"ppmv CO2"
"SSP245_CH4",2200,"Ca",559.494733637417,"ppmv CO2"
"SSP245_CH4",2201,"Ca",559.448687520501,"ppmv CO2"
"SSP245_CH4",2202,"Ca",559.393070810388,"ppmv CO2"
"SSP245_CH4",2203,"Ca",559.32771307959,"ppmv CO2"
"SSP245_CH4",2204,"Ca",559.252482839542,"ppmv CO2"
"SSP245_CH4",2205,"Ca",559.167291773821,"ppmv CO2"
"SSP245_CH4",2206,"Ca",559.072103181859,"ppmv CO2"
"SSP245_CH4",2207,"Ca",558.966909730385,"ppmv CO2"
"SSP245_CH4",2208,"Ca",558.85169995081,"ppmv CO2"
"SSP245_CH4",2209,"Ca",558.726505825194,"ppmv CO2"
"SSP245_CH4",2210,"Ca",558.591434601578,"ppmv CO2"
"SSP245_CH4",2211,"Ca",558.446580869635,"ppmv CO2"
"SSP245_CH4",2212,"Ca",558.292002533116,"ppmv CO2"
"SSP245_CH4",2213,"Ca",558.127731465706,"ppmv CO2"
"SSP245_CH4",2214,"Ca",557.953786146587,"ppmv CO2"
"SSP245_CH4",2215,"Ca",557.770181893097,"ppmv CO2"
"SSP245_CH4",2216,"Ca",557.576942742254,"ppmv CO2"
"SSP245_CH4",2217,"Ca",557.374079224508,"ppmv CO2"
"SSP245_CH4",2218,"Ca",557.161610724384,"ppmv CO2"
"SSP245_CH4",2219,"Ca",556.939491327835,"ppmv CO2"
"SSP245_CH4",2220,"Ca",556.707679822229,"ppmv CO2"
"SSP245_CH4",2221,"Ca",556.466144349066,"ppmv CO2"
"SSP245_CH4",2222,"Ca",556.214857442009,"ppmv CO2"
"SSP245_CH4",2223,"Ca",555.95379544878,"ppmv CO2"
"SSP245_CH4",2224,"Ca",555.682937688905,"ppmv CO2"
"SSP245_CH4",2225,"Ca",555.402278640934,"ppmv CO2"
"SSP245_CH4",2226,"Ca",555.11182462096,"ppmv CO2"
"SSP245_CH4",2227,"Ca",554.811590885253,"ppmv CO2"
"SSP245_CH4",2228,"Ca",554.501599416146,"ppmv CO2"
"SSP245_CH4",2229,"Ca",554.181876925426,"ppmv CO2"
"SSP245_CH4",2230,"Ca",553.85245394474,"ppmv CO2"
"SSP245_CH4",2231,"Ca",553.513364388102,"ppmv CO2"
"SSP245_CH4",2232,"Ca",553.164644791252,"ppmv CO2"
"SSP245_CH4",2233,"Ca",552.806333653032,"ppmv CO2"
"SSP245_CH4",2234,"Ca",552.438471229344,"ppmv CO2"
"SSP245_CH4",2235,"Ca",552.061094750907,"ppmv CO2"
"SSP245_CH4",2236,"Ca",551.674239444122,"ppmv CO2"
"SSP245_CH4",2237,"Ca",551.277939767026,"ppmv CO2"
"SSP245_CH4",2238,"Ca",550.872230184626,"ppmv CO2"
"SSP245_CH4",2239,"Ca",550.457145703346,"ppmv CO2"
"SSP245_CH4",2240,"Ca",550.032721906302,"ppmv CO2"
"SSP245_CH4",2241,"Ca",549.5989951053,"ppmv CO2"
"SSP245_CH4",2242,"Ca",549.156002478347,"ppmv CO2"
"SSP245_CH4",2243,"Ca",548.703782090246,"ppmv CO2"
"SSP245_CH4",2244,"Ca",548.242372846077,"ppmv CO2"
"SSP245_CH4",2245,"Ca",547.771814177815,"ppmv CO2"
"SSP245_CH4",2246,"Ca",547.292146223375,"ppmv CO2"
"SSP245_CH4",2247,"Ca",546.803410032475,"ppmv CO2"
"SSP245_CH4",2248,"Ca",546.30564766117,"ppmv CO2"
"SSP245_CH4",2249,"Ca",545.79890222159,"ppmv CO2"
"SSP245_CH4",2250,"Ca",545.283217888635,"ppmv CO2"
"SSP245_CH4",2251,"Ca",544.758639862579,"ppmv CO2"
"SSP245_CH4",2252,"Ca",544.231259450983,"ppmv CO2"
"SSP245_CH4",2253,"Ca",543.706522890478,"ppmv CO2"
"SSP245_CH4",2254,"Ca",543.184215121453,"ppmv CO2"
"SSP245_CH4",2255,"Ca",542.664384997949,"ppmv CO2"
"SSP245_CH4",2256,"Ca",542.146941858468,"ppmv CO2"
"SSP245_CH4",2257,"Ca",541.631739500709,"ppmv CO2"
"SSP245_CH4",2258,"Ca",541.118722565573,"ppmv CO2"
"SSP245_CH4",2259,"Ca",540.607854568087,"ppmv CO2"
"SSP245_CH4",2260,"Ca",540.099040662882,"ppmv CO2"
"SSP245_CH4",2261,"Ca",539.592193459835,"ppmv CO2"
"SSP245_CH4",2262,"Ca",539.087273194497,"ppmv CO2"
"SSP245_CH4",2263,"Ca",538.584233029845,"ppmv CO2"
"SSP245_CH4",2264,"Ca",538.08300099882,"ppmv CO2"
"SSP245_CH4",2265,"Ca",537.583523289243,"ppmv CO2"
"SSP245_CH4",2266,"Ca",537.085768071039,"ppmv CO2"
"SSP245_CH4",2267,"Ca",536.589694566264,"ppmv CO2"
"SSP245_CH4",2268,"Ca",536.095255123507,"ppmv CO2"
"SSP245_CH4",2269,"Ca",535.602415676835,"ppmv CO2"
"SSP245_CH4",2270,"Ca",535.111149834715,"ppmv CO2"
"SSP245_CH4",2271,"Ca",534.621425115389,"ppmv CO2"
"SSP245_CH4",2272,"Ca",534.133209275797,"ppmv CO2"
"SSP245_CH4",2273,"Ca",533.646478532436,"ppmv CO2"
"SSP245_CH4",2274,"Ca",533.161211361997,"ppmv CO2"
"SSP245_CH4",2275,"Ca",532.677383652092,"ppmv CO2"
"SSP245_CH4",2276,"Ca",532.194973946382,"ppmv CO2"
"SSP245_CH4",2277,"Ca",531.713966067146,"ppmv CO2"
"SSP245_CH4",2278,"Ca",531.234345167379,"ppmv CO2"
"SSP245_CH4",2279,"Ca",530.756096775849,"ppmv CO2"
"SSP245_CH4",2280,"Ca",530.27920982201,"ppmv CO2"
"SSP245_CH4",2281,"Ca",529.803676735275,"ppmv CO2"
"SSP245_CH4",2282,"Ca",529.329491323804,"ppmv CO2"
"SSP245_CH4",2283,"Ca",528.856648930672,"ppmv CO2"
"SSP245_CH4",2284,"Ca",528.385147861459,"ppmv CO2"
"SSP245_CH4",2285,"Ca",527.91500058384,"ppmv CO2"
"SSP245_CH4",2286,"Ca",527.446274956644,"ppmv CO2"
"SSP245_CH4",2287,"Ca",526.979032897583,"ppmv CO2"
"SSP245_CH4",2288,"Ca",526.513333799714,"ppmv CO2"
"SSP245_CH4",2289,"Ca",526.049234329268,"ppmv CO2"
"SSP245_CH4",2290,"Ca",525.586787347568,"ppmv CO2"
"SSP245_CH4",2291,"Ca",525.126042468731,"ppmv CO2"
"SSP245_CH4",2292,"Ca",524.667046905368,"ppmv CO2"
"SSP245_CH4",2293,"Ca",524.20984517671,"ppmv CO2"
"SSP245_CH4",2294,"Ca",523.754478802173,"ppmv CO2"
"SSP245_CH4",2295,"Ca",523.300986782998,"ppmv CO2"
"SSP245_CH4",2296,"Ca",522.849405956169,"ppmv CO2"
"SSP245_CH4",2297,"Ca",522.399770804883,"ppmv CO2"
"SSP245_CH4",2298,"Ca",521.952113435446,"ppmv CO2"
"SSP245_CH4",2299,"Ca",521.506463901467,"ppmv CO2"
"SSP245_CH4",2300,"Ca",521.062850348555,"ppmv CO2"
"SSP245_CH4",1850,"Ftot",0.342759026289703,"W/m2"
"SSP245_CH4",1851,"Ftot",0.350098111398179,"W/m2"
"SSP245_CH4",1852,"Ftot",0.370119862020411,"W/m2"
"SSP245_CH4",1853,"Ftot",0.387205169816727,"W/m2"
"SSP245_CH4",1854,"Ftot",0.394292107486678,"W/m2"
"SSP245_CH4",1855,"Ftot",0.27088782859962,"W/m2"
"SSP245_CH4",1856,"Ftot",-0.186213405186818,"W/m2"
"SSP245_CH4",1857,"Ftot",-0.434669038624125,"W/m2"
"SSP245_CH4",1858,"Ftot",-0.119823041836269,"W/m2"
"SSP245_CH4",1859,"Ftot",0.205005061125198,"W/m2"
"SSP245_CH4",1860,"Ftot",0.325534106751617,"W/m2"
"SSP245_CH4",1861,"Ftot",0.319635570906573,"W/m2"
"SSP245_CH4",1862,"Ftot",0.237183749482628,"W/m2"
"SSP245_CH4",1863,"Ftot",0.253154614899428,"W/m2"
"SSP245_CH4",1864,"Ftot",0.340387616611361,"W/m2"
"SSP245_CH4",1865,"Ftot",0.386107532841228,"W/m2"
"SSP245_CH4",1866,"Ftot",0.411249364167669,"W/m2"
"SSP245_CH4",1867,"Ftot",0.421179434143404,"W/m2"
"SSP245_CH4",1868,"Ftot",0.4246314396114,"W/m2"
"SSP245_CH4",1869,"Ftot",0.418723097232148,"W/m2"
"SSP245_CH4",1870,"Ftot",0.416255661163285,"W/m2"
"SSP245_CH4",1871,"Ftot",0.420948374844812,"W/m2"
"SSP245_CH4",1872,"Ftot",0.409326508256772,"W/m2"
"SSP245_CH4",1873,"Ftot",0.395241309817448,"W/m2"
"SSP245_CH4",1874,"Ftot",0.409232960189019,"W/m2"
"SSP245_CH4",1875,"Ftot",0.4074508823765,"W/m2"
"SSP245_CH4",1876,"Ftot",0.367728725498206,"W/m2"
"SSP245_CH4",1877,"Ftot",0.36932873411027,"W/m2"
"SSP245_CH4",1878,"Ftot",0.406870113707705,"W/m2"
"SSP245_CH4",1879,"Ftot",0.42740518638919,"W/m2"
"SSP245_CH4",1880,"Ftot",0.438741774048239,"W/m2"
"SSP245_CH4",1881,"Ftot",0.452416055315728,"W/m2"
"SSP245_CH4",1882,"Ftot",0.342180312383244,"W/m2"
"SSP245_CH4",1883,"Ftot",-0.56804474188635,"W/m2"
"SSP245_CH4",1884,"Ftot",-1.29724235813446,"W/m2"
"SSP245_CH4",1885,"Ftot",-0.702892650522859,"W/m2"
"SSP245_CH4",1886,"Ftot",-0.203705325844111,"W/m2"
"SSP245_CH4",1887,"Ftot",-0.0788163097058818,"W/m2"
"SSP245_CH4",1888,"Ftot",0.0242379108435307,"W/m2"
"SSP245_CH4",1889,"Ftot",-0.0365810972905962,"W/m2"
"SSP245_CH4",1890,"Ftot",-0.0954724863704808,"W/m2"
"SSP245_CH4",1891,"Ftot",-0.0233092780329875,"W/m2"
"SSP245_CH4",1892,"Ftot",0.15386033237404,"W/m2"
"SSP245_CH4",1893,"Ftot",0.305842575091718,"W/m2"
"SSP245_CH4",1894,"Ftot",0.413899452068002,"W/m2"
"SSP245_CH4",1895,"Ftot",0.407807047617517,"W/m2"
"SSP245_CH4",1896,"Ftot",0.262976711518751,"W/m2"
"SSP245_CH4",1897,"Ftot",0.183939453284003,"W/m2"
"SSP245_CH4",1898,"Ftot",0.286096546381122,"W/m2"
"SSP245_CH4",1899,"Ftot",0.388246223257274,"W/m2"
"SSP245_CH4",1900,"Ftot",0.437370304038184,"W/m2"
"SSP245_CH4",1901,"Ftot",0.430476505700385,"W/m2"
"SSP245_CH4",1902,"Ftot",-0.0161488570369028,"W/m2"
"SSP245_CH4",1903,"Ftot",-0.416897987177693,"W/m2"
"SSP245_CH4",1904,"Ftot",-0.119699736024835,"W/m2"
"SSP245_CH4",1905,"Ftot",0.233927163686233,"W/m2"
"SSP245_CH4",1906,"Ftot",0.329824679827328,"W/m2"
"SSP245_CH4",1907,"Ftot",0.29092628344462,"W/m2"
"SSP245_CH4",1908,"Ftot",0.323175673682412,"W/m2"
"SSP245_CH4",1909,"Ftot",0.388469703239732,"W/m2"
"SSP245_CH4",1910,"Ftot",0.420321960556772,"W/m2"
"SSP245_CH4",1911,"Ftot",0.437760682088197,"W/m2"
"SSP245_CH4",1912,"Ftot",0.192159838851125,"W/m2"
"SSP245_CH4",1913,"Ftot",0.0766181623841571,"W/m2"
"SSP245_CH4",1914,"Ftot",0.316059284934933,"W/m2"
"SSP245_CH4",1915,"Ftot",0.430348330526722,"W/m2"
"SSP245_CH4",1916,"Ftot",0.441717949135907,"W/m2"
"SSP245_CH4",1917,"Ftot",0.447793143964085,"W/m2"
"SSP245_CH4",1918,"Ftot",0.463215934548267,"W/m2"
"SSP245_CH4",1919,"Ftot",0.505542871008609,"W/m2"
"SSP245_CH4",1920,"Ftot",0.404275744266661,"W/m2"
"SSP245_CH4",1921,"Ftot",0.442046689386546,"W/m2"
"SSP245_CH4",1922,"Ftot",0.52255915976048,"W/m2"
"SSP245_CH4",1923,"Ftot",0.510831921773167,"W/m2"
"SSP245_CH4",1924,"Ftot",0.507329485596213,"W/m2"
"SSP245_CH4",1925,"Ftot",0.51459171801052,"W/m2"
"SSP245_CH4",1926,"Ftot",0.527148201417729,"W/m2"
"SSP245_CH4",1927,"Ftot",0.518284413256955,"W/m2"
"SSP245_CH4",1928,"Ftot",0.477504686125302,"W/m2"
"SSP245_CH4",1929,"Ftot",0.41610693689888,"W/m2"
"SSP245_CH4",1930,"Ftot",0.47383055816771,"W/m2"
"SSP245_CH4",1931,"Ftot",0.547239437283919,"W/m2"
"SSP245_CH4",1932,"Ftot",0.56239710530075,"W/m2"
"SSP245_CH4",1933,"Ftot",0.563402649289561,"W/m2"
"SSP245_CH4",1934,"Ftot",0.584426661251928,"W/m2"
"SSP245_CH4",1935,"Ftot",0.577959761905581,"W/m2"
"SSP245_CH4",1936,"Ftot",0.578027272615211,"W/m2"
"SSP245_CH4",1937,"Ftot",0.562141517222283,"W/m2"
"SSP245_CH4",1938,"Ftot",0.581713353035952,"W/m2"
"SSP245_CH4",1939,"Ftot",0.569931912627852,"W/m2"
"SSP245_CH4",1940,"Ftot",0.569452105826811,"W/m2"
"SSP245_CH4",1941,"Ftot",0.576282494519458,"W/m2"
"SSP245_CH4",1942,"Ftot",0.553699157912077,"W/m2"
"SSP245_CH4",1943,"Ftot",0.556714470706686,"W/m2"
"SSP245_CH4",1944,"Ftot",0.59976278213411,"W/m2"
"SSP245_CH4",1945,"Ftot",0.668198402735908,"W/m2"
"SSP245_CH4",1946,"Ftot",0.694365984681144,"W/m2"
"SSP245_CH4",1947,"Ftot",0.655526050087008,"W/m2"
"SSP245_CH4",1948,"Ftot",0.654586375256033,"W/m2"
"SSP245_CH4",1949,"Ftot",0.668662266120375,"W/m2"
"SSP245_CH4",1950,"Ftot",0.644226581513713,"W/m2"
"SSP245_CH4",1951,"Ftot",0.6546719746064,"W/m2"
"SSP245_CH4",1952,"Ftot",0.662288929154624,"W/m2"
"SSP245_CH4",1953,"Ftot",0.670942273690159,"W/m2"
"SSP245_CH4",1954,"Ftot",0.702771573898207,"W/m2"
"SSP245_CH4",1955,"Ftot",0.716486792289239,"W/m2"
"SSP245_CH4",1956,"Ftot",0.727522413912722,"W/m2"
"SSP245_CH4",1957,"Ftot",0.748594356283327,"W/m2"
"SSP245_CH4",1958,"Ftot",0.790113335855632,"W/m2"
"SSP245_CH4",1959,"Ftot",0.799557468432975,"W/m2"
"SSP245_CH4",1960,"Ftot",0.742147326598062,"W/m2"
"SSP245_CH4",1961,"Ftot",0.592245881321991,"W/m2"
"SSP245_CH4",1962,"Ftot",0.546284573806163,"W/m2"
"SSP245_CH4",1963,"Ftot",0.0746486109083491,"W/m2"
"SSP245_CH4",1964,"Ftot",-0.261939208446628,"W/m2"
"SSP245_CH4",1965,"Ftot",0.0788408040651447,"W/m2"
"SSP245_CH4",1966,"Ftot",0.486661171669124,"W/m2"
"SSP245_CH4",1967,"Ftot",0.661498240586653,"W/m2"
"SSP245_CH4",1968,"Ftot",0.485543113434835,"W/m2"
"SSP245_CH4",1969,"Ftot",0.442929861706831,"W/m2"
"SSP245_CH4",1970,"Ftot",0.697260512629851,"W/m2"
"SSP245_CH4",1971,"Ftot",0.91811623586687,"W/m2"
"SSP245_CH4",1972,"Ftot",0.982354349148324,"W/m2"
"SSP245_CH4",1973,"Ftot",0.964010010532254,"W/m2"
"SSP245_CH4",1974,"Ftot",0.875452213594351,"W/m2"
"SSP245_CH4",1975,"Ftot",0.838678873365108,"W/m2"
"SSP245_CH4",1976,"Ftot",0.97821914905685,"W/m2"
"SSP245_CH4",1977,"Ftot",1.17781282325946,"W/m2"
"SSP245_CH4",1978,"Ftot",1.20939064335645,"W/m2"
"SSP245_CH4",1979,"Ftot",1.23323088842139,"W/m2"
"SSP245_CH4",1980,"Ftot",1.32860793354185,"W/m2"
"SSP245_CH4",1981,"Ftot",1.32535317643933,"W/m2"
"SSP245_CH4",1982,"Ftot",0.700643476427408,"W/m2"
"SSP245_CH4",1983,"Ftot",0.482129601465371,"W/m2"
"SSP245_CH4",1984,"Ftot",1.07850185040709,"W/m2"
"SSP245_CH4",1985,"Ftot",1.41874158154729,"W/m2"
"SSP245_CH4",1986,"Ftot",1.52983200861402,"W/m2"
"SSP245_CH4",1987,"Ftot",1.59614506426546,"W/m2"
"SSP245_CH4",1988,"Ftot",1.69535088477522,"W/m2"
"SSP245_CH4",1989,"Ftot",1.76595120480514,"W/m2"
"SSP245_CH4",1990,"Ftot",1.80968508439499,"W/m2"
"SSP245_CH4",1991,"Ftot",0.889363622983309,"W/m2"
"SSP245_CH4",1992,"Ftot",0.376776815165877,"W/m2"
"SSP245_CH4",1993,"Ftot",1.16159365193067,"W/m2"
"SSP245_CH4",1994,"Ftot",1.73878229838906,"W/m2"
"SSP245_CH4",1995,"Ftot",2.00427737036517,"W/m2"
"SSP245_CH4",1996,"Ftot",2.11337946962453,"W/m2"
"SSP245_CH4",1997,"Ftot",2.12864300813258,"W/m2"
"SSP245_CH4",1998,"Ftot",2.22718920625007,"W/m2"
"SSP245_CH4",1999,"Ftot",2.3553485777129,"W/m2"
"SSP245_CH4",2000,"Ftot",2.40400500552819,"W/m2"
"SSP245_CH4",2001,"Ftot",2.43985617810097,"W/m2"
"SSP245_CH4",2002,"Ftot",2.44042515678109,"W/m2"
"SSP245_CH4",2003,"Ftot",2.45097409143855,"W/m2"
"SSP245_CH4",2004,"Ftot",2.50274306480776,"W/m2"
"SSP245_CH4",2005,"Ftot",2.47949382771368,"W/m2"
"SSP245_CH4",2006,"Ftot",2.38772016497496,"W/m2"
"SSP245_CH4",2007,"Ftot",2.40582698256266,"W/m2"
"SSP245_CH4",2008,"Ftot",2.46418360584133,"W/m2"
"SSP245_CH4",2009,"Ftot",2.5256998171999,"W/m2"
"SSP245_CH4",2010,"Ftot",2.57821287987825,"W/m2"
"SSP245_CH4",2011,"Ftot",2.62131261300979,"W/m2"
"SSP245_CH4",2012,"Ftot",2.64915562830746,"W/m2"
"SSP245_CH4",2013,"Ftot",2.71008787791873,"W/m2"
"SSP245_CH4",2014,"Ftot",2.73632180244292,"W/m2"
"SSP245_CH4",2015,"Ftot",2.88504057953014,"W/m2"
"SSP245_CH4",2016,"Ftot",2.94203397264834,"W/m2"
"SSP245_CH4",2017,"Ftot",2.99794631193364,"W/m2"
"SSP245_CH4",2018,"Ftot",3.05384867673925,"W/m2"
"SSP245_CH4",2019,"Ftot",3.10979187181588,"W/m2"
"SSP245_CH4",2020,"Ftot",3.1658565821002,"W/m2"
"SSP245_CH4",2021,"Ftot",3.1990505174545,"W/m2"
"SSP245_CH4",2022,"Ftot",3.23182519987981,"W/m2"
"SSP245_CH4",2023,"Ftot",3.26417459832601,"W/m2"
"SSP245_CH4",2024,"Ftot",3.29611596872103,"W/m2"
"SSP245_CH4",2025,"Ftot",3.32767676525415,"W/m2"
"SSP245_CH4",2026,"Ftot",3.35888550404974,"W/m2"
"SSP245_CH4",2027,"Ftot",3.38976936820058,"W/m2"
"SSP245_CH4",2028,"Ftot",3.42035368122958,"W/m2"
"SSP245_CH4",2029,"Ftot",3.45066196599623,"W/m2"
"SSP245_CH4",2030,"Ftot",3.48071602763533,"W/m2"
"SSP245_CH4",2031,"Ftot",3.51819004029708,"W/m2"
"SSP245_CH4",2032,"Ftot",3.55491534240893,"W/m2"
"SSP245_CH4",2033,"Ftot",3.5908056756258,"W/m2"
"SSP245_CH4",2034,"Ftot",3.62593495635182,"W/m2"
"SSP245_CH4",2035,"Ftot",3.66023399663903,"W/m2"
"SSP245_CH4",2036,"Ftot",3.69411657762433,"W/m2"
"SSP245_CH4",2037,"Ftot",3.7273569370558,"W/m2"
"SSP245_CH4",2038,"Ftot",3.76000559777722,"W/m2"
"SSP245_CH4",2039,"Ftot",3.79213367720116,"W/m2"
"SSP245_CH4",2040,"Ftot",3.82378841703231,"W/m2"
"SSP245_CH4",2041,"Ftot",3.85547425552601,"W/m2"
"SSP245_CH4",2042,"Ftot",3.88651225430433,"W/m2"
"SSP245_CH4",2043,"Ftot",3.91678415823787,"W/m2"
"SSP245_CH4",2044,"Ftot",3.9463405835429,"W/m2"
"SSP245_CH4",2045,"Ftot",3.97522447183495,"W/m2"
"SSP245_CH4",2046,"Ftot",4.00347469587596,"W/m2"
"SSP245_CH4",2047,"Ftot",4.03112740044601,"W/m2"
"SSP245_CH4",2048,"Ftot",4.05821639320236,"W/m2"
"SSP245_CH4",2049,"Ftot",4.08477316751512,"W/m2"
"SSP245_CH4",2050,"Ftot",4.11082708772957,"W/m2"
"SSP245_CH4",2051,"Ftot",4.13241231997506,"W/m2"
"SSP245_CH4",2052,"Ftot",4.15332997998227,"W/m2"
"SSP245_CH4",2053,"Ftot",4.17343421909186,"W/m2"
"SSP245_CH4",2054,"Ftot",4.19276500972347,"W/m2"
"SSP245_CH4",2055,"Ftot",4.21135636312346,"W/m2"
"SSP245_CH4",2056,"Ftot",4.22920123544213,"W/m2"
"SSP245_CH4",2057,"Ftot",4.24642272945067,"W/m2"
"SSP245_CH4",2058,"Ftot",4.26300175701452,"W/m2"
"SSP245_CH4",2059,"Ftot",4.27892628910554,"W/m2"
"SSP245_CH4",2060,"Ftot",4.29424333848707,"W/m2"
"SSP245_CH4",2061,"Ftot",4.30606894381513,"W/m2"
"SSP245_CH4",2062,"Ftot",4.31755731788348,"W/m2"
"SSP245_CH4",2063,"Ftot",4.3286775914735,"W/m2"
"SSP245_CH4",2064,"Ftot",4.33942295771097,"W/m2"
"SSP245_CH4",2065,"Ftot",4.34978905712681,"W/m2"
"SSP245_CH4",2066,"Ftot",4.35977324176298,"W/m2"
"SSP245_CH4",2067,"Ftot",4.36937353623386,"W/m2"
"SSP245_CH4",2068,"Ftot",4.37858808739631,"W/m2"
"SSP245_CH4",2069,"Ftot",4.3874154527964,"W/m2"
"SSP245_CH4",2070,"Ftot",4.39585472541054,"W/m2"
"SSP245_CH4",2071,"Ftot",4.40387311201474,"W/m2"
"SSP245_CH4",2072,"Ftot",4.41117168949429,"W/m2"
"SSP245_CH4",2073,"Ftot",4.41753989978369,"W/m2"
"SSP245_CH4",2074,"Ftot",4.42300352152424,"W/m2"
"SSP245_CH4",2075,"Ftot",4.42758137495333,"W/m2"
"SSP245_CH4",2076,"Ftot",4.43128988718538,"W/m2"
"SSP245_CH4",2077,"Ftot",4.4342224304523,"W/m2"
"SSP245_CH4",2078,"Ftot",4.43620392782398,"W/m2"
"SSP245_CH4",2079,"Ftot",4.43742975380001,"W/m2"
"SSP245_CH4",2080,"Ftot",4.43781792966208,"W/m2"
"SSP245_CH4",2081,"Ftot",4.43941411569398,"W/m2"
"SSP245_CH4",2082,"Ftot",4.44033047280748,"W/m2"
"SSP245_CH4",2083,"Ftot",4.4404493586709,"W/m2"
"SSP245_CH4",2084,"Ftot",4.43977376005382,"W/m2"
"SSP245_CH4",2085,"Ftot",4.43829899765903,"W/m2"
"SSP245_CH4",2086,"Ftot",4.43602412678153,"W/m2"
"SSP245_CH4",2087,"Ftot",4.43295329008947,"W/m2"
"SSP245_CH4",2088,"Ftot",4.42909345208602,"W/m2"
"SSP245_CH4",2089,"Ftot",4.42444668375287,"W/m2"
"SSP245_CH4",2090,"Ftot",4.41901125620204,"W/m2"
"SSP245_CH4",2091,"Ftot",4.41172710355536,"W/m2"
"SSP245_CH4",2092,"Ftot",4.4038958570104,"W/m2"
"SSP245_CH4",2093,"Ftot",4.39575046750298,"W/m2"
"SSP245_CH4",2094,"Ftot",4.38727754471637,"W/m2"
"SSP245_CH4",2095,"Ftot",4.37846833143344,"W/m2"
"SSP245_CH4",2096,"Ftot",4.36931343599287,"W/m2"
"SSP245_CH4",2097,"Ftot",4.36010003746866,"W/m2"
"SSP245_CH4",2098,"Ftot",4.35018594946639,"W/m2"
"SSP245_CH4",2099,"Ftot",4.33987331082778,"W/m2"
"SSP245_CH4",2100,"Ftot",4.32924969938597,"W/m2"
"SSP245_CH4",2101,"Ftot",4.31900553536197,"W/m2"
"SSP245_CH4",2102,"Ftot",4.30872188312752,"W/m2"
"SSP245_CH4",2103,"Ftot",4.29892073049358,"W/m2"
"SSP245_CH4",2104,"Ftot",4.28957410638619,"W/m2"
"SSP245_CH4",2105,"Ftot",4.28064251500741,"W/m2"
"SSP245_CH4",2106,"Ftot",4.27213365017619,"W/m2"
"SSP245_CH4",2107,"Ftot",4.2640624220301,"W/m2"
"SSP245_CH4",2108,"Ftot",4.25640657762536,"W/m2"
"SSP245_CH4",2109,"Ftot",4.24914189597558,"W/m2"
"SSP245_CH4",2110,"Ftot",4.24226781120302,"W/m2"
"SSP245_CH4",2111,"Ftot",4.23578024426685,"W/m2"
"SSP245_CH4",2112,"Ftot",4.22965904171983,"W/m2"
"SSP245_CH4",2113,"Ftot",4.22388943167937,"W/m2"
"SSP245_CH4",2114,"Ftot",4.2184673816565,"W/m2"
"SSP245_CH4",2115,"Ftot",4.21338361017619,"W/m2"
"SSP245_CH4",2116,"Ftot",4.20862395461146,"W/m2"
"SSP245_CH4",2117,"Ftot",4.20417975978382,"W/m2"
"SSP245_CH4",2118,"Ftot",4.20004464003924,"W/m2"
"SSP245_CH4",2119,"Ftot",4.19620767786916,"W/m2"
"SSP245_CH4",2120,"Ftot",4.19265618915598,"W/m2"
"SSP245_CH4",2121,"Ftot",4.18938105561618,"W/m2"
"SSP245_CH4",2122,"Ftot",4.18637450631265,"W/m2"
"SSP245_CH4",2123,"Ftot",4.18362647282545,"W/m2"
"SSP245_CH4",2124,"Ftot",4.18112744722369,"W/m2"
"SSP245_CH4",2125,"Ftot",4.17886963966703,"W/m2"
"SSP245_CH4",2126,"Ftot",4.17684499518769,"W/m2"
"SSP245_CH4",2127,"Ftot",4.17504464416492,"W/m2"
"SSP245_CH4",2128,"Ftot",4.17346023534363,"W/m2"
"SSP245_CH4",2129,"Ftot",4.17208448417584,"W/m2"
"SSP245_CH4",2130,"Ftot",4.17091004742931,"W/m2"
"SSP245_CH4",2131,"Ftot",4.16992934227047,"W/m2"
"SSP245_CH4",2132,"Ftot",4.16913552287412,"W/m2"
"SSP245_CH4",2133,"Ftot",4.16852262286137,"W/m2"
"SSP245_CH4",2134,"Ftot",4.16808416420249,"W/m2"
"SSP245_CH4",2135,"Ftot",4.16781318011869,"W/m2"
"SSP245_CH4",2136,"Ftot",4.16770312724811,"W/m2"
"SSP245_CH4",2137,"Ftot",4.16774789610428,"W/m2"
"SSP245_CH4",2138,"Ftot",4.16794136828668,"W/m2"
"SSP245_CH4",2139,"Ftot",4.1682776835935,"W/m2"
"SSP245_CH4",2140,"Ftot",4.16875134972913,"W/m2"
"SSP245_CH4",2141,"Ftot",4.16935719736182,"W/m2"
"SSP245_CH4",2142,"Ftot",4.17009002754539,"W/m2"
"SSP245_CH4",2143,"Ftot",4.17094490432889,"W/m2"
"SSP245_CH4",2144,"Ftot",4.17191713536269,"W/m2"
"SSP245_CH4",2145,"Ftot",4.17300213281782,"W/m2"
"SSP245_CH4",2146,"Ftot",4.17419556577113,"W/m2"
"SSP245_CH4",2147,"Ftot",4.17549323403821,"W/m2"
"SSP245_CH4",2148,"Ftot",4.17689083521344,"W/m2"
"SSP245_CH4",2149,"Ftot",4.17838384217011,"W/m2"
"SSP245_CH4",2150,"Ftot",4.17996785047903,"W/m2"
"SSP245_CH4",2151,"Ftot",4.18163900466293,"W/m2"
"SSP245_CH4",2152,"Ftot",4.18327685956516,"W/m2"
"SSP245_CH4",2153,"Ftot",4.18477278328377,"W/m2"
"SSP245_CH4",2154,"Ftot",4.18613230906274,"W/m2"
"SSP245_CH4",2155,"Ftot",4.18735603978061,"W/m2"
"SSP245_CH4",2156,"Ftot",4.18844680527534,"W/m2"
"SSP245_CH4",2157,"Ftot",4.18940860381814,"W/m2"
"SSP245_CH4",2158,"Ftot",4.1902435703964,"W/m2"
"SSP245_CH4",2159,"Ftot",4.19095326220361,"W/m2"
"SSP245_CH4",2160,"Ftot",4.19154037601907,"W/m2"
"SSP245_CH4",2161,"Ftot",4.19200755217836,"W/m2"
"SSP245_CH4",2162,"Ftot",4.19235630730978,"W/m2"
"SSP245_CH4",2163,"Ftot",4.19258825817255,"W/m2"
"SSP245_CH4",2164,"Ftot",4.1927059953723,"W/m2"
"SSP245_CH4",2165,"Ftot",4.19271270691398,"W/m2"
"SSP245_CH4",2166,"Ftot",4.19261115124227,"W/m2"
"SSP245_CH4",2167,"Ftot",4.19240667305227,"W/m2"
"SSP245_CH4",2168,"Ftot",4.19210587309768,"W/m2"
"SSP245_CH4",2169,"Ftot",4.19171179645853,"W/m2"
"SSP245_CH4",2170,"Ftot",4.19122440458451,"W/m2"
"SSP245_CH4",2171,"Ftot",4.19064316898359,"W/m2"
"SSP245_CH4",2172,"Ftot",4.18996923177892,"W/m2"
"SSP245_CH4",2173,"Ftot",4.18920405882988,"W/m2"
"SSP245_CH4",2174,"Ftot",4.18834760863171,"W/m2"
"SSP245_CH4",2175,"Ftot",4.18739894995201,"W/m2"
"SSP245_CH4",2176,"Ftot",4.1863573624009,"W/m2"
"SSP245_CH4",2177,"Ftot",4.18522274310873,"W/m2"
"SSP245_CH4",2178,"Ftot",4.18399591999972,"W/m2"
"SSP245_CH4",2179,"Ftot",4.18267809283395,"W/m2"
"SSP245_CH4",2180,"Ftot",4.18126958479852,"W/m2"
"SSP245_CH4",2181,"Ftot",4.17976969576325,"W/m2"
"SSP245_CH4",2182,"Ftot",4.17817803338282,"W/m2"
"SSP245_CH4",2183,"Ftot",4.17649451708454,"W/m2"
"SSP245_CH4",2184,"Ftot",4.17471881235085,"W/m2"
"SSP245_CH4",2185,"Ftot",4.1728509698349,"W/m2"
"SSP245_CH4",2186,"Ftot",4.17089495187206,"W/m2"
"SSP245_CH4",2187,"Ftot",4.16885529270644,"W/m2"
"SSP245_CH4",2188,"Ftot",4.16673197223959,"W/m2"
"SSP245_CH4",2189,"Ftot",4.16452306425307,"W/m2"
"SSP245_CH4",2190,"Ftot",4.16222682177744,"W/m2"
"SSP245_CH4",2191,"Ftot",4.1598418779067,"W/m2"
"SSP245_CH4",2192,"Ftot",4.15736697917953,"W/m2"
"SSP245_CH4",2193,"Ftot",4.15480111809917,"W/m2"
"SSP245_CH4",2194,"Ftot",4.15214355879993,"W/m2"
"SSP245_CH4",2195,"Ftot",4.14939929890406,"W/m2"
"SSP245_CH4",2196,"Ftot",4.14657539168396,"W/m2"
"SSP245_CH4",2197,"Ftot",4.14367254506255,"W/m2"
"SSP245_CH4",2198,"Ftot",4.14068780913386,"W/m2"
"SSP245_CH4",2199,"Ftot",4.13761772886073,"W/m2"
"SSP245_CH4",2200,"Ftot",4.13445944719069,"W/m2"
"SSP245_CH4",2201,"Ftot",4.13121113771941,"W/m2"
"SSP245_CH4",2202,"Ftot",4.12787124581587,"W/m2"
"SSP245_CH4",2203,"Ftot",4.12443811498841,"W/m2"
"SSP245_CH4",2204,"Ftot",4.12091045511557,"W/m2"
"SSP245_CH4",2205,"Ftot",4.11728738296329,"W/m2"
"SSP245_CH4",2206,"Ftot",4.11356850312964,"W/m2"
"SSP245_CH4",2207,"Ftot",4.10975369542571,"W/m2"
"SSP245_CH4",2208,"Ftot",4.1058427943864,"W/m2"
"SSP245_CH4",2209,"Ftot",4.10183604487514,"W/m2"
"SSP245_CH4",2210,"Ftot",4.09773440729198,"W/m2"
"SSP245_CH4",2211,"Ftot",4.09353871623571,"W/m2"
"SSP245_CH4",2212,"Ftot",4.08924945028788,"W/m2"
"SSP245_CH4",2213,"Ftot",4.08486683378712,"W/m2"
"SSP245_CH4",2214,"Ftot",4.08039095770078,"W/m2"
"SSP245_CH4",2215,"Ftot",4.07582187761685,"W/m2"
"SSP245_CH4",2216,"Ftot",4.07115972772576,"W/m2"
"SSP245_CH4",2217,"Ftot",4.0664045076556,"W/m2"
"SSP245_CH4",2218,"Ftot",4.0615562969738,"W/m2"
"SSP245_CH4",2219,"Ftot",4.05661454305372,"W/m2"
"SSP245_CH4",2220,"Ftot",4.05157873250003,"W/m2"
"SSP245_CH4",2221,"Ftot",4.0464484358805,"W/m2"
"SSP245_CH4",2222,"Ftot",4.04122326015923,"W/m2"
"SSP245_CH4",2223,"Ftot",4.03590284312952,"W/m2"
"SSP245_CH4",2224,"Ftot",4.03048684534651,"W/m2"
"SSP245_CH4",2225,"Ftot",4.02497506753948,"W/m2"
"SSP245_CH4",2226,"Ftot",4.01936741893079,"W/m2"
"SSP245_CH4",2227,"Ftot",4.01366388957882,"W/m2"
"SSP245_CH4",2228,"Ftot",4.00786452924923,"W/m2"
"SSP245_CH4",2229,"Ftot",4.00196942833435,"W/m2"
"SSP245_CH4",2230,"Ftot",3.9959787092204,"W/m2"
"SSP245_CH4",2231,"Ftot",3.98989252221501,"W/m2"
"SSP245_CH4",2232,"Ftot",3.98371103827188,"W/m2"
"SSP245_CH4",2233,"Ftot",3.97743444278416,"W/m2"
"SSP245_CH4",2234,"Ftot",3.97106293367542,"W/m2"
"SSP245_CH4",2235,"Ftot",3.96459667515468,"W/m2"
"SSP245_CH4",2236,"Ftot",3.95803580755701,"W/m2"
"SSP245_CH4",2237,"Ftot",3.95138045930535,"W/m2"
"SSP245_CH4",2238,"Ftot",3.94463075444546,"W/m2"
"SSP245_CH4",2239,"Ftot",3.93778681787085,"W/m2"
"SSP245_CH4",2240,"Ftot",3.93084877571539,"W/m2"
"SSP245_CH4",2241,"Ftot",3.92381675687957,"W/m2"
"SSP245_CH4",2242,"Ftot",3.9166908944403,"W/m2"
"SSP245_CH4",2243,"Ftot",3.90947132590652,"W/m2"
"SSP245_CH4",2244,"Ftot",3.90215819283432,"W/m2"
"SSP245_CH4",2245,"Ftot",3.89475163783263,"W/m2"
"SSP245_CH4",2246,"Ftot",3.88725180636764,"W/m2"
"SSP245_CH4",2247,"Ftot",3.87965884883983,"W/m2"
"SSP245_CH4",2248,"Ftot",3.87197292158257,"W/m2"
"SSP245_CH4",2249,"Ftot",3.86419418742863,"W/m2"
"SSP245_CH4",2250,"Ftot",3.85632281585891,"W/m2"
"SSP245_CH4",2251,"Ftot",3.84764018698469,"W/m2"
"SSP245_CH4",2252,"Ftot",3.83920777220604,"W/m2"
"SSP245_CH4",2253,"Ftot",3.83104747292274,"W/m2"
"SSP245_CH4",2254,"Ftot",3.82313126471505,"W/m2"
"SSP245_CH4",2255,"Ftot",3.81543741323014,"W/m2"
"SSP245_CH4",2256,"Ftot",3.80794551593811,"W/m2"
"SSP245_CH4",2257,"Ftot",3.80063677523622,"W/m2"
"SSP245_CH4",2258,"Ftot",3.79349510361959,"W/m2"
"SSP245_CH4",2259,"Ftot",3.78650618050299,"W/m2"
"SSP245_CH4",2260,"Ftot",3.77965650782479,"W/m2"
"SSP245_CH4",2261,"Ftot",3.77293391142563,"W/m2"
"SSP245_CH4",2262,"Ftot",3.76632781218098,"W/m2"
"SSP245_CH4",2263,"Ftot",3.75982857195948,"W/m2"
"SSP245_CH4",2264,"Ftot",3.75342721278908,"W/m2"
"SSP245_CH4",2265,"Ftot",3.74711575564362,"W/m2"
"SSP245_CH4",2266,"Ftot",3.7408871775077,"W/m2"
"SSP245_CH4",2267,"Ftot",3.73473503009737,"W/m2"
"SSP245_CH4",2268,"Ftot",3.72865339345708,"W/m2"
"SSP245_CH4",2269,"Ftot",3.72263701985231,"W/m2"
"SSP245_CH4",2270,"Ftot",3.71668122107629,"W/m2"
"SSP245_CH4",2271,"Ftot",3.71078168221645,"W/m2"
"SSP245_CH4",2272,"Ftot",3.70493448079721,"W/m2"
"SSP245_CH4",2273,"Ftot",3.69913612964543,"W/m2"
"SSP245_CH4",2274,"Ftot",3.69338347948975,"W/m2"
"SSP245_CH4",2275,"Ftot",3.6876736383754,"W/m2"
"SSP245_CH4",2276,"Ftot",3.68200399553339,"W/m2"
"SSP245_CH4",2277,"Ftot",3.67637222207169,"W/m2"
"SSP245_CH4",2278,"Ftot",3.67077620827035,"W/m2"
"SSP245_CH4",2279,"Ftot",3.66521403319845,"W/m2"
"SSP245_CH4",2280,"Ftot",3.65968397656161,"W/m2"
"SSP245_CH4",2281,"Ftot",3.65418450308502,"W/m2"
"SSP245_CH4",2282,"Ftot",3.64871422617865,"W/m2"
"SSP245_CH4",2283,"Ftot",3.64327189606995,"W/m2"
"SSP245_CH4",2284,"Ftot",3.63785640220496,"W/m2"
"SSP245_CH4",2285,"Ftot",3.63246687600231,"W/m2"
"SSP245_CH4",2286,"Ftot",3.62710309992418,"W/m2"
"SSP245_CH4",2287,"Ftot",3.62176487854752,"W/m2"
"SSP245_CH4",2288,"Ftot",3.61645206514212,"W/m2"
"SSP245_CH4",2289,"Ftot",3.61116455243622,"W/m2"
"SSP245_CH4",2290,"Ftot",3.60590225517737,"W/m2"
"SSP245_CH4",2291,"Ftot",3.60066510994838,"W/m2"
"SSP245_CH4",2292,"Ftot",3.5954530785305,"W/m2"
"SSP245_CH4",2293,"Ftot",3.59026614022266,"W/m2"
"SSP245_CH4",2294,"Ftot",3.58510428446287,"W/m2"
"SSP245_CH4",2295,"Ftot",3.57996751190883,"W/m2"
"SSP245_CH4",2296,"Ftot",3.57485583461245,"W/m2"
"SSP245_CH4",2297,"Ftot",3.56976927098387,"W/m2"
"SSP245_CH4",2298,"Ftot",3.56470784275313,"W/m2"
"SSP245_CH4",2299,"Ftot",3.55967157576377,"W/m2"
"SSP245_CH4",2300,"Ftot",3.55466049918339,"W/m2"
"SSP245_CH4",1850,"Tgav",0.11714020702554,"degC"
"SSP245_CH4",1851,"Tgav",0.122124591991989,"degC"
"SSP245_CH4",1852,"Tgav",0.128571608166981,"degC"
"SSP245_CH4",1853,"Tgav",0.135822647639025,"degC"
"SSP245_CH4",1854,"Tgav",0.142684329246122,"degC"
"SSP245_CH4",1855,"Tgav",0.137851332844833,"degC"
"SSP245_CH4",1856,"Tgav",0.0943666666554113,"degC"
"SSP245_CH4",1857,"Tgav",0.0377118072679191,"degC"
"SSP245_CH4",1858,"Tgav",0.02237900608797,"degC"
"SSP245_CH4",1859,"Tgav",0.0423519732660814,"degC"
"SSP245_CH4",1860,"Tgav",0.0689569846447355,"degC"
"SSP245_CH4",1861,"Tgav",0.087541782287272,"degC"
"SSP245_CH4",1862,"Tgav",0.0933487345894605,"degC"
"SSP245_CH4",1863,"Tgav",0.0983746276212696,"degC"
"SSP245_CH4",1864,"Tgav",0.110313073392515,"degC"
"SSP245_CH4",1865,"Tgav",0.124250005402407,"degC"
"SSP245_CH4",1866,"Tgav",0.137358996486239,"degC"
"SSP245_CH4",1867,"Tgav",0.148512745642835,"degC"
"SSP245_CH4",1868,"Tgav",0.157691887239198,"degC"
"SSP245_CH4",1869,"Tgav",0.164665220945669,"degC"
"SSP245_CH4",1870,"Tgav",0.170282744087937,"degC"
"SSP245_CH4",1871,"Tgav",0.175573356390908,"degC"
"SSP245_CH4",1872,"Tgav",0.179243893534166,"degC"
"SSP245_CH4",1873,"Tgav",0.181311346464658,"degC"
"SSP245_CH4",1874,"Tgav",0.184600173644304,"degC"
"SSP245_CH4",1875,"Tgav",0.187633750257234,"degC"
"SSP245_CH4",1876,"Tgav",0.186948249780991,"degC"
"SSP245_CH4",1877,"Tgav",0.18675495272082,"degC"
"SSP245_CH4",1878,"Tgav",0.190445548830516,"degC"
"SSP245_CH4",1879,"Tgav",0.19570843987078,"degC"
"SSP245_CH4",1880,"Tgav",0.20105931922921,"degC"
"SSP245_CH4",1881,"Tgav",0.206631970142871,"degC"
"SSP245_CH4",1882,"Tgav",0.201718544316888,"degC"
"SSP245_CH4",1883,"Tgav",0.118752424310098,"degC"
"SSP245_CH4",1884,"Tgav",-0.0129312040525703,"degC"
"SSP245_CH4",1885,"Tgav",-0.0630875812986548,"degC"
"SSP245_CH4",1886,"Tgav",-0.0510714836184401,"degC"
"SSP245_CH4",1887,"Tgav",-0.0305454922791917,"degC"
"SSP245_CH4",1888,"Tgav",-0.00929031401531195,"degC"
"SSP245_CH4",1889,"Tgav",-0.000421327201755684,"degC"
"SSP245_CH4",1890,"Tgav",-0.00106123718697597,"degC"
"SSP245_CH4",1891,"Tgav",0.00353749049250792,"degC"
"SSP245_CH4",1892,"Tgav",0.0225353435522128,"degC"
"SSP245_CH4",1893,"Tgav",0.0507149532977525,"degC"
"SSP245_CH4",1894,"Tgav",0.081534063854569,"degC"
"SSP245_CH4",1895,"Tgav",0.104354494714902,"degC"
"SSP245_CH4",1896,"Tgav",0.108730970707631,"degC"
"SSP245_CH4",1897,"Tgav",0.104542548266725,"degC"
"SSP245_CH4",1898,"Tgav",0.110740614156632,"degC"
"SSP245_CH4",1899,"Tgav",0.125978146795023,"degC"
"SSP245_CH4",1900,"Tgav",0.142726593501734,"degC"
"SSP245_CH4",1901,"Tgav",0.155203351559551,"degC"
"SSP245_CH4",1902,"Tgav",0.126188721769284,"degC"
"SSP245_CH4",1903,"Tgav",0.0669092682069369,"degC"
"SSP245_CH4",1904,"Tgav",0.0469595540147849,"degC"
"SSP245_CH4",1905,"Tgav",0.0665053849013008,"degC"
"SSP245_CH4",1906,"Tgav",0.091223688393483,"degC"
"SSP245_CH4",1907,"Tgav",0.105395394222376,"degC"
"SSP245_CH4",1908,"Tgav",0.117671435531606,"degC"
"SSP245_CH4",1909,"Tgav",0.132813674127005,"degC"
"SSP245_CH4",1910,"Tgav",0.147589362337198,"degC"
"SSP245_CH4",1911,"Tgav",0.160599339695503,"degC"
"SSP245_CH4",1912,"Tgav",0.149591399975894,"degC"
"SSP245_CH4",1913,"Tgav",0.129943767917993,"degC"
"SSP245_CH4",1914,"Tgav",0.136325578546449,"degC"
"SSP245_CH4",1915,"Tgav",0.153734460891851,"degC"
"SSP245_CH4",1916,"Tgav",0.168242196976542,"degC"
"SSP245_CH4",1917,"Tgav",0.179467693932731,"degC"
"SSP245_CH4",1918,"Tgav",0.1894919085741,"degC"
"SSP245_CH4",1919,"Tgav",0.201241323139732,"degC"
"SSP245_CH4",1920,"Tgav",0.202130562263361,"degC"
"SSP245_CH4",1921,"Tgav",0.205766032901413,"degC"
"SSP245_CH4",1922,"Tgav",0.216653793199167,"degC"
"SSP245_CH4",1923,"Tgav",0.224960557809713,"degC"
"SSP245_CH4",1924,"Tgav",0.231107080289305,"degC"
"SSP245_CH4",1925,"Tgav",0.236885549355951,"degC"
"SSP245_CH4",1926,"Tgav",0.242978427909548,"degC"
"SSP245_CH4",1927,"Tgav",0.247464845704717,"degC"
"SSP245_CH4",1928,"Tgav",0.247786759862206,"degC"
"SSP245_CH4",1929,"Tgav",0.242999988552329,"degC"
"SSP245_CH4",1930,"Tgav",0.244608660370308,"degC"
"SSP245_CH4",1931,"Tgav",0.253304209959151,"degC"
"SSP245_CH4",1932,"Tgav",0.261977502953581,"degC"
"SSP245_CH4",1933,"Tgav",0.268821047500803,"degC"
"SSP245_CH4",1934,"Tgav",0.276112653115062,"degC"
"SSP245_CH4",1935,"Tgav",0.281646504579319,"degC"
"SSP245_CH4",1936,"Tgav",0.286207567899421,"degC"
"SSP245_CH4",1937,"Tgav",0.288799560705514,"degC"
"SSP245_CH4",1938,"Tgav",0.292858970364679,"degC"
"SSP245_CH4",1939,"Tgav",0.295609016052349,"degC"
"SSP245_CH4",1940,"Tgav",0.297994430718301,"degC"
"SSP245_CH4",1941,"Tgav",0.300878735860811,"degC"
"SSP245_CH4",1942,"Tgav",0.301609338431612,"degC"
"SSP245_CH4",1943,"Tgav",0.302666336513157,"degC"
"SSP245_CH4",1944,"Tgav",0.30769087247283,"degC"
"SSP245_CH4",1945,"Tgav",0.318111955661879,"degC"
"SSP245_CH4",1946,"Tgav",0.328972752484812,"degC"
"SSP245_CH4",1947,"Tgav",0.334137897141224,"degC"
"SSP245_CH4",1948,"Tgav",0.337985586895313,"degC"
"SSP245_CH4",1949,"Tgav",0.342713167132939,"degC"
"SSP245_CH4",1950,"Tgav",0.344827195432693,"degC"
"SSP245_CH4",1951,"Tgav",0.347627647819339,"degC"
"SSP245_CH4",1952,"Tgav",0.351048666485208,"degC"
"SSP245_CH4",1953,"Tgav",0.354894657867092,"degC"
"SSP245_CH4",1954,"Tgav",0.361041422157275,"degC"
"SSP245_CH4",1955,"Tgav",0.367509715579614,"degC"
"SSP245_CH4",1956,"Tgav",0.373781916046655,"degC"
"SSP245_CH4",1957,"Tgav",0.38081436461706,"degC"
"SSP245_CH4",1958,"Tgav",0.390306664453017,"degC"
"SSP245_CH4",1959,"Tgav",0.399022696688795,"degC"
"SSP245_CH4",1960,"Tgav",0.401086123354408,"degC"
"SSP245_CH4",1961,"Tgav",0.389756555292747,"degC"
"SSP245_CH4",1962,"Tgav",0.376891236204645,"degC"
"SSP245_CH4",1963,"Tgav",0.327068737716739,"degC"
"SSP245_CH4",1964,"Tgav",0.257506832436133,"degC"
"SSP245_CH4",1965,"Tgav",0.233704103450774,"degC"
"SSP245_CH4",1966,"Tgav",0.254564213366453,"degC"
"SSP245_CH4",1967,"Tgav",0.286696611458364,"degC"
"SSP245_CH4",1968,"Tgav",0.294409596612496,"degC"
"SSP245_CH4",1969,"Tgav",0.293595640143591,"degC"
"SSP245_CH4",1970,"Tgav",0.314738336973717,"degC"
"SSP245_CH4",1971,"Tgav",0.35182392896324,"degC"
"SSP245_CH4",1972,"Tgav",0.386252081632022,"degC"
"SSP245_CH4",1973,"Tgav",0.410477532453223,"degC"
"SSP245_CH4",1974,"Tgav",0.421138790462671,"degC"
"SSP245_CH4",1975,"Tgav",0.426202486132393,"degC"
"SSP245_CH4",1976,"Tgav",0.443136916163962,"degC"
"SSP245_CH4",1977,"Tgav",0.47541319290107,"degC"
"SSP245_CH4",1978,"Tgav",0.504516520021214,"degC"
"SSP245_CH4",1979,"Tgav",0.529043313134517,"degC"
"SSP245_CH4",1980,"Tgav",0.556889665370549,"degC"
"SSP245_CH4",1981,"Tgav",0.5795293739467,"degC"
"SSP245_CH4",1982,"Tgav",0.543632011182236,"degC"
"SSP245_CH4",1983,"Tgav",0.494516172173302,"degC"
"SSP245_CH4",1984,"Tgav",0.510910819768454,"degC"
"SSP245_CH4",1985,"Tgav",0.559238014204943,"degC"
"SSP245_CH4",1986,"Tgav",0.606632325915374,"degC"
"SSP245_CH4",1987,"Tgav",0.647966574380365,"degC"
"SSP245_CH4",1988,"Tgav",0.688464127949688,"degC"
"SSP245_CH4",1989,"Tgav",0.726874087026284,"degC"
"SSP245_CH4",1990,"Tgav",0.761473113810311,"degC"
"SSP245_CH4",1991,"Tgav",0.70986366460367,"degC"
"SSP245_CH4",1992,"Tgav",0.621683527877757,"degC"
"SSP245_CH4",1993,"Tgav",0.624217097066584,"degC"
"SSP245_CH4",1994,"Tgav",0.685445827634919,"degC"
"SSP245_CH4",1995,"Tgav",0.757287796980018,"degC"
"SSP245_CH4",1996,"Tgav",0.820859268399942,"degC"
"SSP245_CH4",1997,"Tgav",0.870437882786596,"degC"
"SSP245_CH4",1998,"Tgav",0.917432294940021,"degC"
"SSP245_CH4",1999,"Tgav",0.966674218118192,"degC"
"SSP245_CH4",2000,"Tgav",1.01111536648202,"degC"
"SSP245_CH4",2001,"Tgav",1.05031602918777,"degC"
"SSP245_CH4",2002,"Tgav",1.08280244505693,"degC"
"SSP245_CH4",2003,"Tgav",1.11102583173426,"degC"
"SSP245_CH4",2004,"Tgav",1.13983917491282,"degC"
"SSP245_CH4",2005,"Tgav",1.16286952944692,"degC"
"SSP245_CH4",2006,"Tgav",1.17485181890079,"degC"
"SSP245_CH4",2007,"Tgav",1.18764179517173,"degC"
"SSP245_CH4",2008,"Tgav",1.20548550007239,"degC"
"SSP245_CH4",2009,"Tgav",1.22724725855964,"degC"
"SSP245_CH4",2010,"Tgav",1.25085596026664,"degC"
"SSP245_CH4",2011,"Tgav",1.2748399889174,"degC"
"SSP245_CH4",2012,"Tgav",1.29771502349794,"degC"
"SSP245_CH4",2013,"Tgav",1.32255190173927,"degC"
"SSP245_CH4",2014,"Tgav",1.34618179498788,"degC"
"SSP245_CH4",2015,"Tgav",1.37916874584737,"degC"
"SSP245_CH4",2016,"Tgav",1.41228152995606,"degC"
"SSP245_CH4",2017,"Tgav",1.44438540527643,"degC"
"SSP245_CH4",2018,"Tgav",1.47601165666157,"degC"
"SSP245_CH4",2019,"Tgav",1.50743172479095,"degC"
"SSP245_CH4",2020,"Tgav",1.53879473648252,"degC"
"SSP245_CH4",2021,"Tgav",1.56819473570496,"degC"
"SSP245_CH4",2022,"Tgav",1.59595370880838,"degC"
"SSP245_CH4",2023,"Tgav",1.62254015101849,"degC"
"SSP245_CH4",2024,"Tgav",1.64823394431991,"degC"
"SSP245_CH4",2025,"Tgav",1.67321667477926,"degC"
"SSP245_CH4",2026,"Tgav",1.69761370186758,"degC"
"SSP245_CH4",2027,"Tgav",1.72151581141214,"degC"
"SSP245_CH4",2028,"Tgav",1.74499132646942,"degC"
"SSP245_CH4",2029,"Tgav",1.76809333969869,"degC"
"SSP245_CH4",2030,"Tgav",1.79086424831024,"degC"
"SSP245_CH4",2031,"Tgav",1.81400129889747,"degC"
"SSP245_CH4",2032,"Tgav",1.83738089141333,"degC"
"SSP245_CH4",2033,"Tgav",1.86082051802835,"degC"
"SSP245_CH4",2034,"Tgav",1.88421504586646,"degC"
"SSP245_CH4",2035,"Tgav",1.9074908168784,"degC"
"SSP245_CH4",2036,"Tgav",1.93063158628911,"degC"
"SSP245_CH4",2037,"Tgav",1.95361001029207,"degC"
"SSP245_CH4",2038,"Tgav",1.9764068131909,"degC"
"SSP245_CH4",2039,"Tgav",1.99901387789496,"degC"
"SSP245_CH4",2040,"Tgav",2.02142892907848,"degC"
"SSP245_CH4",2041,"Tgav",2.04369323557776,"degC"
"SSP245_CH4",2042,"Tgav",2.06578190927256,"degC"
"SSP245_CH4",2043,"Tgav",2.08765872184791,"degC"
"SSP245_CH4",2044,"Tgav",2.10930135895628,"degC"
"SSP245_CH4",2045,"Tgav",2.13069750605707,"degC"
"SSP245_CH4",2046,"Tgav",2.15184089136494,"degC"
"SSP245_CH4",2047,"Tgav",2.17272918464277,"degC"
"SSP245_CH4",2048,"Tgav",2.19336274351271,"degC"
"SSP245_CH4",2049,"Tgav",2.21374378898745,"degC"
"SSP245_CH4",2050,"Tgav",2.23387584641068,"degC"
"SSP245_CH4",2051,"Tgav",2.25341766954138,"degC"
"SSP245_CH4",2052,"Tgav",2.27241096362887,"degC"
"SSP245_CH4",2053,"Tgav",2.29091383412344,"degC"
"SSP245_CH4",2054,"Tgav",2.30896009760706,"degC"
"SSP245_CH4",2055,"Tgav",2.326573470503,"degC"
"SSP245_CH4",2056,"Tgav",2.34376873012168,"degC"
"SSP245_CH4",2057,"Tgav",2.36056598267069,"degC"
"SSP245_CH4",2058,"Tgav",2.3769787062789,"degC"
"SSP245_CH4",2059,"Tgav",2.39301488524971,"degC"
"SSP245_CH4",2060,"Tgav",2.40868412359079,"degC"
"SSP245_CH4",2061,"Tgav",2.42374416823673,"degC"
"SSP245_CH4",2062,"Tgav",2.4382637837525,"degC"
"SSP245_CH4",2063,"Tgav",2.45232384933719,"degC"
"SSP245_CH4",2064,"Tgav",2.46597462854038,"degC"
"SSP245_CH4",2065,"Tgav",2.479250027128,"degC"
"SSP245_CH4",2066,"Tgav",2.49217425669517,"degC"
"SSP245_CH4",2067,"Tgav",2.50476534209924,"degC"
"SSP245_CH4",2068,"Tgav",2.51703710956867,"degC"
"SSP245_CH4",2069,"Tgav",2.52900043904023,"degC"
"SSP245_CH4",2070,"Tgav",2.54066409669465,"degC"
"SSP245_CH4",2071,"Tgav",2.55203249559483,"degC"
"SSP245_CH4",2072,"Tgav",2.56308345995484,"degC"
"SSP245_CH4",2073,"Tgav",2.57378049593495,"degC"
"SSP245_CH4",2074,"Tgav",2.58409815516156,"degC"
"SSP245_CH4",2075,"Tgav",2.59402005690768,"degC"
"SSP245_CH4",2076,"Tgav",2.60353522071543,"degC"
"SSP245_CH4",2077,"Tgav",2.61264293980515,"degC"
"SSP245_CH4",2078,"Tgav",2.62132743087781,"degC"
"SSP245_CH4",2079,"Tgav",2.62959136487175,"degC"
"SSP245_CH4",2080,"Tgav",2.63743088577895,"degC"
"SSP245_CH4",2081,"Tgav",2.64501836797791,"degC"
"SSP245_CH4",2082,"Tgav",2.65233500546918,"degC"
"SSP245_CH4",2083,"Tgav",2.65933590497885,"degC"
"SSP245_CH4",2084,"Tgav",2.66599201127375,"degC"
"SSP245_CH4",2085,"Tgav",2.6722834771662,"degC"
"SSP245_CH4",2086,"Tgav",2.67819593942242,"degC"
"SSP245_CH4",2087,"Tgav",2.6837189206015,"degC"
"SSP245_CH4",2088,"Tgav",2.68884481547471,"degC"
"SSP245_CH4",2089,"Tgav",2.69356761418054,"degC"
"SSP245_CH4",2090,"Tgav",2.69788207307722,"degC"
"SSP245_CH4",2091,"Tgav",2.70169188167779,"degC"
"SSP245_CH4",2092,"Tgav",2.70502870254318,"degC"
"SSP245_CH4",2093,"Tgav",2.70794878781487,"degC"
"SSP245_CH4",2094,"Tgav",2.71049056199713,"degC"
"SSP245_CH4",2095,"Tgav",2.71267965627742,"degC"
"SSP245_CH4",2096,"Tgav",2.71453394454159,"degC"
"SSP245_CH4",2097,"Tgav",2.71609190036582,"degC"
"SSP245_CH4",2098,"Tgav",2.71732959778808,"degC"
"SSP245_CH4",2099,"Tgav",2.71825017749294,"degC"
"SSP245_CH4",2100,"Tgav",2.71886841554905,"degC"
"SSP245_CH4",2101,"Tgav",2.71925591083112,"degC"
"SSP245_CH4",2102,"Tgav",2.71943552599089,"degC"
"SSP245_CH4",2103,"Tgav",2.71946493749847,"degC"
"SSP245_CH4",2104,"Tgav",2.71939094807592,"degC"
"SSP245_CH4",2105,"Tgav",2.71924515696826,"degC"
"SSP245_CH4",2106,"Tgav",2.71905323338278,"degC"
"SSP245_CH4",2107,"Tgav",2.71883792768644,"degC"
"SSP245_CH4",2108,"Tgav",2.71861662233326,"degC"
"SSP245_CH4",2109,"Tgav",2.7184021390732,"degC"
"SSP245_CH4",2110,"Tgav",2.71820593482761,"degC"
"SSP245_CH4",2111,"Tgav",2.71803823748403,"degC"
"SSP245_CH4",2112,"Tgav",2.71790673810901,"degC"
"SSP245_CH4",2113,"Tgav",2.71781743550841,"degC"
"SSP245_CH4",2114,"Tgav",2.71777595865083,"degC"
"SSP245_CH4",2115,"Tgav",2.7177871641504,"degC"
"SSP245_CH4",2116,"Tgav",2.71785471994592,"degC"
"SSP245_CH4",2117,"Tgav",2.71798174877136,"degC"
"SSP245_CH4",2118,"Tgav",2.71817112808671,"degC"
"SSP245_CH4",2119,"Tgav",2.71842507733864,"degC"
"SSP245_CH4",2120,"Tgav",2.71874504568198,"degC"
"SSP245_CH4",2121,"Tgav",2.71913213958398,"degC"
"SSP245_CH4",2122,"Tgav",2.71958729329231,"degC"
"SSP245_CH4",2123,"Tgav",2.72011105005387,"degC"
"SSP245_CH4",2124,"Tgav",2.72070362503509,"degC"
"SSP245_CH4",2125,"Tgav",2.72136509180319,"degC"
"SSP245_CH4",2126,"Tgav",2.7220953573392,"degC"
"SSP245_CH4",2127,"Tgav",2.72289407905852,"degC"
"SSP245_CH4",2128,"Tgav",2.72376072257002,"degC"
"SSP245_CH4",2129,"Tgav",2.72469466888088,"degC"
"SSP245_CH4",2130,"Tgav",2.72569520067326,"degC"
"SSP245_CH4",2131,"Tgav",2.7267614677405,"degC"
"SSP245_CH4",2132,"Tgav",2.72789254986838,"degC"
"SSP245_CH4",2133,"Tgav",2.72908752754557,"degC"
"SSP245_CH4",2134,"Tgav",2.73034541509711,"degC"
"SSP245_CH4",2135,"Tgav",2.73166510300768,"degC"
"SSP245_CH4",2136,"Tgav",2.73304540000735,"degC"
"SSP245_CH4",2137,"Tgav",2.73448507493322,"degC"
"SSP245_CH4",2138,"Tgav",2.73598284824704,"degC"
"SSP245_CH4",2139,"Tgav",2.73753740580969,"degC"
"SSP245_CH4",2140,"Tgav",2.73914742323046,"degC"
"SSP245_CH4",2141,"Tgav",2.74081158178849,"degC"
"SSP245_CH4",2142,"Tgav",2.74252855027533,"degC"
"SSP245_CH4",2143,"Tgav",2.74429699530814,"degC"
"SSP245_CH4",2144,"Tgav",2.74611559192456,"degC"
"SSP245_CH4",2145,"Tgav",2.74798301972491,"degC"
"SSP245_CH4",2146,"Tgav",2.7498979729417,"degC"
"SSP245_CH4",2147,"Tgav",2.75185915953988,"degC"
"SSP245_CH4",2148,"Tgav",2.75386527986156,"degC"
"SSP245_CH4",2149,"Tgav",2.75591499926853,"degC"
"SSP245_CH4",2150,"Tgav",2.75800695813479,"degC"
"SSP245_CH4",2151,"Tgav",2.76013981978846,"degC"
"SSP245_CH4",2152,"Tgav",2.76230216852386,"degC"
"SSP245_CH4",2153,"Tgav",2.76447513975591,"degC"
"SSP245_CH4",2154,"Tgav",2.76664455836074,"degC"
"SSP245_CH4",2155,"Tgav",2.76880013896096,"degC"
"SSP245_CH4",2156,"Tgav",2.7709341745351,"degC"
"SSP245_CH4",2157,"Tgav",2.77304083775035,"degC"
"SSP245_CH4",2158,"Tgav",2.77511549337181,"degC"
"SSP245_CH4",2159,"Tgav",2.7771543241406,"degC"
"SSP245_CH4",2160,"Tgav",2.77915424267946,"degC"
"SSP245_CH4",2161,"Tgav",2.78111274346583,"degC"
"SSP245_CH4",2162,"Tgav",2.78302768779961,"degC"
"SSP245_CH4",2163,"Tgav",2.78489724320794,"degC"
"SSP245_CH4",2164,"Tgav",2.78671992590915,"degC"
"SSP245_CH4",2165,"Tgav",2.78849460182955,"degC"
"SSP245_CH4",2166,"Tgav",2.7902203901205,"degC"
"SSP245_CH4",2167,"Tgav",2.79189684296863,"degC"
"SSP245_CH4",2168,"Tgav",2.79352399079586,"degC"
"SSP245_CH4",2169,"Tgav",2.79510194054485,"degC"
"SSP245_CH4",2170,"Tgav",2.79663058083656,"degC"
"SSP245_CH4",2171,"Tgav",2.79810960386798,"degC"
"SSP245_CH4",2172,"Tgav",2.79953872758901,"degC"
"SSP245_CH4",2173,"Tgav",2.80091774966698,"degC"
"SSP245_CH4",2174,"Tgav",2.8022464066082,"degC"
"SSP245_CH4",2175,"Tgav",2.80352430775479,"degC"
"SSP245_CH4",2176,"Tgav",2.80475099083089,"degC"
"SSP245_CH4",2177,"Tgav",2.80592600512559,"degC"
"SSP245_CH4",2178,"Tgav",2.80704899873508,"degC"
"SSP245_CH4",2179,"Tgav",2.80811973483274,"degC"
"SSP245_CH4",2180,"Tgav",2.80913799007114,"degC"
"SSP245_CH4",2181,"Tgav",2.81010345816624,"degC"
"SSP245_CH4",2182,"Tgav",2.8110157962984,"degC"
"SSP245_CH4",2183,"Tgav",2.81187467142223,"degC"
"SSP245_CH4",2184,"Tgav",2.81267974124238,"degC"
"SSP245_CH4",2185,"Tgav",2.81343068926216,"degC"
"SSP245_CH4",2186,"Tgav",2.81412756249617,"degC"
"SSP245_CH4",2187,"Tgav",2.81477076130305,"degC"
"SSP245_CH4",2188,"Tgav",2.81536055262295,"degC"
"SSP245_CH4",2189,"Tgav",2.81589690516895,"degC"
"SSP245_CH4",2190,"Tgav",2.81637958552568,"degC"
"SSP245_CH4",2191,"Tgav",2.81680825743289,"degC"
"SSP245_CH4",2192,"Tgav",2.81718252364393,"degC"
"SSP245_CH4",2193,"Tgav",2.81750196177377,"degC"
"SSP245_CH4",2194,"Tgav",2.81776615357561,"degC"
"SSP245_CH4",2195,"Tgav",2.81797517936969,"degC"
"SSP245_CH4",2196,"Tgav",2.81812971292837,"degC"
"SSP245_CH4",2197,"Tgav",2.81823032295496,"degC"
"SSP245_CH4",2198,"Tgav",2.81827712940577,"degC"
"SSP245_CH4",2199,"Tgav",2.81826986987007,"degC"
"SSP245_CH4",2200,"Tgav",2.81820806498765,"degC"
"SSP245_CH4",2201,"Tgav",2.81809117285324,"degC"
"SSP245_CH4",2202,"Tgav",2.81791863224087,"degC"
"SSP245_CH4",2203,"Tgav",2.8176898522577,"degC"
"SSP245_CH4",2204,"Tgav",2.81740424393753,"degC"
"SSP245_CH4",2205,"Tgav",2.81706125327879,"degC"
"SSP245_CH4",2206,"Tgav",2.8166603930142,"degC"
"SSP245_CH4",2207,"Tgav",2.81620124912346,"degC"
"SSP245_CH4",2208,"Tgav",2.81568345704034,"degC"
"SSP245_CH4",2209,"Tgav",2.81510672245319,"degC"
"SSP245_CH4",2210,"Tgav",2.81447086887817,"degC"
"SSP245_CH4",2211,"Tgav",2.8137758024653,"degC"
"SSP245_CH4",2212,"Tgav",2.81302145880583,"degC"
"SSP245_CH4",2213,"Tgav",2.81220777319287,"degC"
"SSP245_CH4",2214,"Tgav",2.811334671215,"degC"
"SSP245_CH4",2215,"Tgav",2.81040207092728,"degC"
"SSP245_CH4",2216,"Tgav",2.80940989424628,"degC"
"SSP245_CH4",2217,"Tgav",2.80835805703013,"degC"
"SSP245_CH4",2218,"Tgav",2.80724647775579,"degC"
"SSP245_CH4",2219,"Tgav",2.80607502433025,"degC"
"SSP245_CH4",2220,"Tgav",2.80484352610046,"degC"
"SSP245_CH4",2221,"Tgav",2.80355179361306,"degC"
"SSP245_CH4",2222,"Tgav",2.80219962759405,"degC"
"SSP245_CH4",2223,"Tgav",2.80078682391551,"degC"
"SSP245_CH4",2224,"Tgav",2.79931317644519,"degC"
"SSP245_CH4",2225,"Tgav",2.79777848930285,"degC"
"SSP245_CH4",2226,"Tgav",2.79618258430748,"degC"
"SSP245_CH4",2227,"Tgav",2.7945253036984,"degC"
"SSP245_CH4",2228,"Tgav",2.79280651034955,"degC"
"SSP245_CH4",2229,"Tgav",2.79102608644928,"degC"
"SSP245_CH4",2230,"Tgav",2.78918393193432,"degC"
"SSP245_CH4",2231,"Tgav",2.78727996316518,"degC"
"SSP245_CH4",2232,"Tgav",2.78531411145684,"degC"
"SSP245_CH4",2233,"Tgav",2.78328632150292,"degC"
"SSP245_CH4",2234,"Tgav",2.78119655007056,"degC"
"SSP245_CH4",2235,"Tgav",2.7790447610637,"degC"
"SSP245_CH4",2236,"Tgav",2.77683092233935,"degC"
"SSP245_CH4",2237,"Tgav",2.77455500455526,"degC"
"SSP245_CH4",2238,"Tgav",2.7722169809968,"degC"
"SSP245_CH4",2239,"Tgav",2.7698168278415,"degC"
"SSP245_CH4",2240,"Tgav",2.76735452432089,"degC"
"SSP245_CH4",2241,"Tgav",2.76483005288769,"degC"
"SSP245_CH4",2242,"Tgav",2.7622433994177,"degC"
"SSP245_CH4",2243,"Tgav",2.75959455334991,"degC"
"SSP245_CH4",2244,"Tgav",2.75688350772594,"degC"
"SSP245_CH4",2245,"Tgav",2.75411025893387,"degC"
"SSP245_CH4",2246,"Tgav",2.75127480663331,"degC"
"SSP245_CH4",2247,"Tgav",2.74837715388744,"degC"
"SSP245_CH4",2248,"Tgav",2.74541730734703,"degC"
"SSP245_CH4",2249,"Tgav",2.74239527742503,"degC"
"SSP245_CH4",2250,"Tgav",2.7393110784302,"degC"
"SSP245_CH4",2251,"Tgav",2.7361025039814,"degC"
"SSP245_CH4",2252,"Tgav",2.73280921121965,"degC"
"SSP245_CH4",2253,"Tgav",2.72947295799194,"degC"
"SSP245_CH4",2254,"Tgav",2.72611969555113,"degC"
"SSP245_CH4",2255,"Tgav",2.72276598439725,"degC"
"SSP245_CH4",2256,"Tgav",2.71942260422963,"degC"
"SSP245_CH4",2257,"Tgav",2.71609654539499,"degC"
"SSP245_CH4",2258,"Tgav",2.71279232542455,"degC"
"SSP245_CH4",2259,"Tgav",2.70951278162878,"degC"
"SSP245_CH4",2260,"Tgav",2.70625952052377,"degC"
"SSP245_CH4",2261,"Tgav",2.70303327283646,"degC"
"SSP245_CH4",2262,"Tgav",2.69983418534454,"degC"
"SSP245_CH4",2263,"Tgav",2.69666198617558,"degC"
"SSP245_CH4",2264,"Tgav",2.69351608334996,"degC"
"SSP245_CH4",2265,"Tgav",2.69039567399659,"degC"
"SSP245_CH4",2266,"Tgav",2.68729983300285,"degC"
"SSP245_CH4",2267,"Tgav",2.68422755162253,"degC"
"SSP245_CH4",2268,"Tgav",2.68117776523624,"degC"
"SSP245_CH4",2269,"Tgav",2.67814939275757,"degC"
"SSP245_CH4",2270,"Tgav",2.67514136264113,"degC"
"SSP245_CH4",2271,"Tgav",2.67215261913542,"degC"
"SSP245_CH4",2272,"Tgav",2.66918213107594,"degC"
"SSP245_CH4",2273,"Tgav",2.66622890614367,"degC"
"SSP245_CH4",2274,"Tgav",2.66329199626168,"degC"
"SSP245_CH4",2275,"Tgav",2.66037049614545,"degC"
"SSP245_CH4",2276,"Tgav",2.65746354598341,"degC"
"SSP245_CH4",2277,"Tgav",2.65457033577249,"degC"
"SSP245_CH4",2278,"Tgav",2.65169010465268,"degC"
"SSP245_CH4",2279,"Tgav",2.6488221385935,"degC"
"SSP245_CH4",2280,"Tgav",2.64596577077925,"degC"
"SSP245_CH4",2281,"Tgav",2.64312038175314,"degC"
"SSP245_CH4",2282,"Tgav",2.64028539709028,"degC"
"SSP245_CH4",2283,"Tgav",2.63746028511634,"degC"
"SSP245_CH4",2284,"Tgav",2.63464455606409,"degC"
"SSP245_CH4",2285,"Tgav",2.63183777095621,"degC"
"SSP245_CH4",2286,"Tgav",2.62903958494162,"degC"
"SSP245_CH4",2287,"Tgav",2.62624972865512,"degC"
"SSP245_CH4",2288,"Tgav",2.62346799099033,"degC"
"SSP245_CH4",2289,"Tgav",2.62069420792563,"degC"
"SSP245_CH4",2290,"Tgav",2.61792825343947,"degC"
"SSP245_CH4",2291,"Tgav",2.61517003295291,"degC"
"SSP245_CH4",2292,"Tgav",2.61241947890637,"degC"
"SSP245_CH4",2293,"Tgav",2.60967654684426,"degC"
"SSP245_CH4",2294,"Tgav",2.60694121174016,"degC"
"SSP245_CH4",2295,"Tgav",2.60421346523861,"degC"
"SSP245_CH4",2296,"Tgav",2.60149331356279,"degC"
"SSP245_CH4",2297,"Tgav",2.59878077543106,"degC"
"SSP245_CH4",2298,"Tgav",2.59607588010845,"degC"
"SSP245_CH4",2299,"Tgav",2.59337866592411,"degC"
"SSP245_CH4",2300,"Tgav",2.59068917903053,"degC"
"SSP370_CH4",1850,"Ca",284.20440303028,"ppmv CO2"
"SSP370_CH4",1851,"Ca",284.416504591648,"ppmv CO2"
"SSP370_CH4",1852,"Ca",284.619478993891,"ppmv CO2"
"SSP370_CH4",1853,"Ca",284.837667042056,"ppmv CO2"
"SSP370_CH4",1854,"Ca",285.074361949939,"ppmv CO2"
"SSP370_CH4",1855,"Ca",285.305200218061,"ppmv CO2"
"SSP370_CH4",1856,"Ca",285.529611922044,"ppmv CO2"
"SSP370_CH4",1857,"Ca",285.736094537586,"ppmv CO2"
"SSP370_CH4",1858,"Ca",285.889064315823,"ppmv CO2"
"SSP370_CH4",1859,"Ca",285.993078552476,"ppmv CO2"
"SSP370_CH4",1860,"Ca",286.115248927756,"ppmv CO2"
"SSP370_CH4",1861,"Ca",286.28540665864,"ppmv CO2"
"SSP370_CH4",1862,"Ca",286.490415163717,"ppmv CO2"
"SSP370_CH4",1863,"Ca",286.677045501227,"ppmv CO2"
"SSP370_CH4",1864,"Ca",286.827311587307,"ppmv CO2"
"SSP370_CH4",1865,"Ca",286.975567627318,"ppmv CO2"
"SSP370_CH4",1866,"Ca",287.131791514372,"ppmv CO2"
"SSP370_CH4",1867,"Ca",287.294613946709,"ppmv CO2"
"SSP370_CH4",1868,"Ca",287.46034671412,"ppmv CO2"
"SSP370_CH4",1869,"Ca",287.625328482448,"ppmv CO2"
"SSP370_CH4",1870,"Ca",287.787904889752,"ppmv CO2"
"SSP370_CH4",1871,"Ca",287.946911078138,"ppmv CO2"
"SSP370_CH4",1872,"Ca",288.112541860088,"ppmv CO2"
"SSP370_CH4",1873,"Ca",288.326873178438,"ppmv CO2"
"SSP370_CH4",1874,"Ca",288.579586210155,"ppmv CO2"
"SSP370_CH4",1875,"Ca",288.827415572036,"ppmv CO2"
"SSP370_CH4",1876,"Ca",289.074107570734,"ppmv CO2"
"SSP370_CH4",1877,"Ca",289.32480658231,"ppmv CO2"
"SSP370_CH4",1878,"Ca",289.571034445316,"ppmv CO2"
"SSP370_CH4",1879,"Ca",289.815444523586,"ppmv CO2"
"SSP370_CH4",1880,"Ca",290.06676799777,"ppmv CO2"
"SSP370_CH4",1881,"Ca",290.33025585456,"ppmv CO2"
"SSP370_CH4",1882,"Ca",290.615271348405,"ppmv CO2"
"SSP370_CH4",1883,"Ca",290.890814838459,"ppmv CO2"
"SSP370_CH4",1884,"Ca",291.134510043545,"ppmv CO2"
"SSP370_CH4",1885,"Ca",291.278636964401,"ppmv CO2"
"SSP370_CH4",1886,"Ca",291.313940902287,"ppmv CO2"
"SSP370_CH4",1887,"Ca",291.364746364424,"ppmv CO2"
"SSP370_CH4",1888,"Ca",291.476400482251,"ppmv CO2"
"SSP370_CH4",1889,"Ca",291.634434039163,"ppmv CO2"
"SSP370_CH4",1890,"Ca",291.819023557131,"ppmv CO2"
"SSP370_CH4",1891,"Ca",292.005545934232,"ppmv CO2"
"SSP370_CH4",1892,"Ca",292.185948124578,"ppmv CO2"
"SSP370_CH4",1893,"Ca",292.373128645724,"ppmv CO2"
"SSP370_CH4",1894,"Ca",292.579960127067,"ppmv CO2"
"SSP370_CH4",1895,"Ca",292.813999902627,"ppmv CO2"
"SSP370_CH4",1896,"Ca",293.078776333385,"ppmv CO2"
"SSP370_CH4",1897,"Ca",293.353441576916,"ppmv CO2"
"SSP370_CH4",1898,"Ca",293.615957694967,"ppmv CO2"
"SSP370_CH4",1899,"Ca",293.867242210264,"ppmv CO2"
"SSP370_CH4",1900,"Ca",294.130338755346,"ppmv CO2"
"SSP370_CH4",1901,"Ca",294.414702354655,"ppmv CO2"
"SSP370_CH4",1902,"Ca",294.742472598366,"ppmv CO2"
"SSP370_CH4",1903,"Ca",295.101298268545,"ppmv CO2"
"SSP370_CH4",1904,"Ca",295.433286428209,"ppmv CO2"
"SSP370_CH4",1905,"Ca",295.729744820152,"ppmv CO2"
"SSP370_CH4",1906,"Ca",296.046973428993,"ppmv CO2"
"SSP370_CH4",1907,"Ca",296.443119650441,"ppmv CO2"
"SSP370_CH4",1908,"Ca",296.90009479923,"ppmv CO2"
"SSP370_CH4",1909,"Ca",297.367750738463,"ppmv CO2"
"SSP370_CH4",1910,"Ca",297.831926604939,"ppmv CO2"
"SSP370_CH4",1911,"Ca",298.309909092564,"ppmv CO2"
"SSP370_CH4",1912,"Ca",298.766861911661,"ppmv CO2"
"SSP370_CH4",1913,"Ca",299.184984120532,"ppmv CO2"
"SSP370_CH4",1914,"Ca",299.563076875505,"ppmv CO2"
"SSP370_CH4",1915,"Ca",299.88808720157,"ppmv CO2"
"SSP370_CH4",1916,"Ca",300.194952299948,"ppmv CO2"
"SSP370_CH4",1917,"Ca",300.527028278894,"ppmv CO2"
"SSP370_CH4",1918,"Ca",300.885022320298,"ppmv CO2"
"SSP370_CH4",1919,"Ca",301.245565298453,"ppmv CO2"
"SSP370_CH4",1920,"Ca",301.577777329223,"ppmv CO2"
"SSP370_CH4",1921,"Ca",301.91713340862,"ppmv CO2"
"SSP370_CH4",1922,"Ca",302.265863368545,"ppmv CO2"
"SSP370_CH4",1923,"Ca",302.610841456092,"ppmv CO2"
"SSP370_CH4",1924,"Ca",302.995475732206,"ppmv CO2"
"SSP370_CH4",1925,"Ca",303.40737803599,"ppmv CO2"
"SSP370_CH4",1926,"Ca",303.820734800293,"ppmv CO2"
"SSP370_CH4",1927,"Ca",304.226903884597,"ppmv CO2"
"SSP370_CH4",1928,"Ca",304.665897867,"ppmv CO2"
"SSP370_CH4",1929,"Ca",305.137250985192,"ppmv CO2"
"SSP370_CH4",1930,"Ca",305.625700797644,"ppmv CO2"
"SSP370_CH4",1931,"Ca",306.138270323112,"ppmv CO2"
"SSP370_CH4",1932,"Ca",306.634639390171,"ppmv CO2"
"SSP370_CH4",1933,"Ca",307.044401818339,"ppmv CO2"
"SSP370_CH4",1934,"Ca",307.400159555696,"ppmv CO2"
"SSP370_CH4",1935,"Ca",307.775276109788,"ppmv CO2"
"SSP370_CH4",1936,"Ca",308.168095043673,"ppmv CO2"
"SSP370_CH4",1937,"Ca",308.589140093111,"ppmv CO2"
"SSP370_CH4",1938,"Ca",309.034133995231,"ppmv CO2"
"SSP370_CH4",1939,"Ca",309.460377651818,"ppmv CO2"
"SSP370_CH4",1940,"Ca",309.881573350607,"ppmv CO2"
"SSP370_CH4",1941,"Ca",310.326627468876,"ppmv CO2"
"SSP370_CH4",1942,"Ca",310.775451730717,"ppmv CO2"
"SSP370_CH4",1943,"Ca",311.223523773223,"ppmv CO2"
"SSP370_CH4",1944,"Ca",311.678562172872,"ppmv CO2"
"SSP370_CH4",1945,"Ca",312.130803220603,"ppmv CO2"
"SSP370_CH4",1946,"Ca",312.531126573738,"ppmv CO2"
"SSP370_CH4",1947,"Ca",312.955116197593,"ppmv CO2"
"SSP370_CH4",1948,"Ca",313.490227179736,"ppmv CO2"
"SSP370_CH4",1949,"Ca",314.079178936873,"ppmv CO2"
"SSP370_CH4",1950,"Ca",314.671586199507,"ppmv CO2"
"SSP370_CH4",1951,"Ca",315.296985633641,"ppmv CO2"
"SSP370_CH4",1952,"Ca",316.078596525428,"ppmv CO2"
"SSP370_CH4",1953,"Ca",316.977150591428,"ppmv CO2"
"SSP370_CH4",1954,"Ca",317.874986531393,"ppmv CO2"
"SSP370_CH4",1955,"Ca",318.794863542862,"ppmv CO2"
"SSP370_CH4",1956,"Ca",319.791026558625,"ppmv CO2"
"SSP370_CH4",1957,"Ca",320.881500697616,"ppmv CO2"
"SSP370_CH4",1958,"Ca",322.032991119449,"ppmv CO2"
"SSP370_CH4",1959,"Ca",323.227642868668,"ppmv CO2"
"SSP370_CH4",1960,"Ca",324.43941058565,"ppmv CO2"
"SSP370_CH4",1961,"Ca",325.648780431975,"ppmv CO2"
"SSP370_CH4",1962,"Ca",326.87863457511,"ppmv CO2"
"SSP370_CH4",1963,"Ca",328.11164827813,"ppmv CO2"
"SSP370_CH4",1964,"Ca",329.360187856277,"ppmv CO2"
"SSP370_CH4",1965,"Ca",330.58901208203,"ppmv CO2"
"SSP370_CH4",1966,"Ca",331.797725340491,"ppmv CO2"
"SSP370_CH4",1967,"Ca",333.07676265242,"ppmv CO2"
"SSP370_CH4",1968,"Ca",334.456637456462,"ppmv CO2"
"SSP370_CH4",1969,"Ca",335.913936469195,"ppmv CO2"
"SSP370_CH4",1970,"Ca",337.394894539344,"ppmv CO2"
"SSP370_CH4",1971,"Ca",338.925277776297,"ppmv CO2"
"SSP370_CH4",1972,"Ca",340.472573768898,"ppmv CO2"
"SSP370_CH4",1973,"Ca",342.0089933154,"ppmv CO2"
"SSP370_CH4",1974,"Ca",343.59745366126,"ppmv CO2"
"SSP370_CH4",1975,"Ca",345.190426013606,"ppmv CO2"
"SSP370_CH4",1976,"Ca",346.720836588882,"ppmv CO2"
"SSP370_CH4",1977,"Ca",348.281093168449,"ppmv CO2"
"SSP370_CH4",1978,"Ca",349.939705524442,"ppmv CO2"
"SSP370_CH4",1979,"Ca",351.665058747072,"ppmv CO2"
"SSP370_CH4",1980,"Ca",353.403712676654,"ppmv CO2"
"SSP370_CH4",1981,"Ca",355.102843237125,"ppmv CO2"
"SSP370_CH4",1982,"Ca",356.739036320091,"ppmv CO2"
"SSP370_CH4",1983,"Ca",358.319041885225,"ppmv CO2"
"SSP370_CH4",1984,"Ca",359.874355264835,"ppmv CO2"
"SSP370_CH4",1985,"Ca",361.468092976394,"ppmv CO2"
"SSP370_CH4",1986,"Ca",363.150341921892,"ppmv CO2"
"SSP370_CH4",1987,"Ca",364.929738481343,"ppmv CO2"
"SSP370_CH4",1988,"Ca",366.775550985454,"ppmv CO2"
"SSP370_CH4",1989,"Ca",368.668743221443,"ppmv CO2"
"SSP370_CH4",1990,"Ca",370.618904218665,"ppmv CO2"
"SSP370_CH4",1991,"Ca",372.522228458176,"ppmv CO2"
"SSP370_CH4",1992,"Ca",374.444451506676,"ppmv CO2"
"SSP370_CH4",1993,"Ca",376.324712046731,"ppmv CO2"
"SSP370_CH4",1994,"Ca",378.022822000699,"ppmv CO2"
"SSP370_CH4",1995,"Ca",379.689056722275,"ppmv CO2"
"SSP370_CH4",1996,"Ca",381.445488489325,"ppmv CO2"
"SSP370_CH4",1997,"Ca",383.290935197485,"ppmv CO2"
"SSP370_CH4",1998,"Ca",385.50616449908,"ppmv CO2"
"SSP370_CH4",1999,"Ca",387.720321993656,"ppmv CO2"
"SSP370_CH4",2000,"Ca",389.529572158523,"ppmv CO2"
"SSP370_CH4",2001,"Ca",391.262208148953,"ppmv CO2"
"SSP370_CH4",2002,"Ca",392.906303782467,"ppmv CO2"
"SSP370_CH4",2003,"Ca",394.539204997618,"ppmv CO2"
"SSP370_CH4",2004,"Ca",396.24019891506,"ppmv CO2"
"SSP370_CH4",2005,"Ca",398.075931087561,"ppmv CO2"
"SSP370_CH4",2006,"Ca",400.101198750333,"ppmv CO2"
"SSP370_CH4",2007,"Ca",402.243521853701,"ppmv CO2"
"SSP370_CH4",2008,"Ca",404.44598132028,"ppmv CO2"
"SSP370_CH4",2009,"Ca",406.505422495001,"ppmv CO2"
"SSP370_CH4",2010,"Ca",408.438607453054,"ppmv CO2"
"SSP370_CH4",2011,"Ca",410.525611455569,"ppmv CO2"
"SSP370_CH4",2012,"Ca",412.821842303928,"ppmv CO2"
"SSP370_CH4",2013,"Ca",415.225487390004,"ppmv CO2"
"SSP370_CH4",2014,"Ca",417.683244379482,"ppmv CO2"
"SSP370_CH4",2015,"Ca",420.271847018678,"ppmv CO2"
"SSP370_CH4",2016,"Ca",422.858490180882,"ppmv CO2"
"SSP370_CH4",2017,"Ca",425.446868595103,"ppmv CO2"
"SSP370_CH4",2018,"Ca",428.167525035932,"ppmv CO2"
"SSP370_CH4",2019,"Ca",431.012455129224,"ppmv CO2"
"SSP370_CH4",2020,"Ca",433.978901650301,"ppmv CO2"
"SSP370_CH4",2021,"Ca",437.064790594966,"ppmv CO2"
"SSP370_CH4",2022,"Ca",440.2407886038,"ppmv CO2"
"SSP370_CH4",2023,"Ca",443.47879734654,"ppmv CO2"
"SSP370_CH4",2024,"Ca",446.778959757752,"ppmv CO2"
"SSP370_CH4",2025,"Ca",450.141179439632,"ppmv CO2"
"SSP370_CH4",2026,"Ca",453.565295128323,"ppmv CO2"
"SSP370_CH4",2027,"Ca",457.051141685832,"ppmv CO2"
"SSP370_CH4",2028,"Ca",460.598576743915,"ppmv CO2"
"SSP370_CH4",2029,"Ca",464.20749518866,"ppmv CO2"
"SSP370_CH4",2030,"Ca",467.877827852663,"ppmv CO2"
"SSP370_CH4",2031,"Ca",471.609542069658,"ppmv CO2"
"SSP370_CH4",2032,"Ca",475.387691313419,"ppmv CO2"
"SSP370_CH4",2033,"Ca",479.198512167937,"ppmv CO2"
"SSP370_CH4",2034,"Ca",483.043243604538,"ppmv CO2"
"SSP370_CH4",2035,"Ca",486.922872869385,"ppmv CO2"
"SSP370_CH4",2036,"Ca",490.838225397446,"ppmv CO2"
"SSP370_CH4",2037,"Ca",494.789844530268,"ppmv CO2"
"SSP370_CH4",2038,"Ca",498.778327048365,"ppmv CO2"
"SSP370_CH4",2039,"Ca",502.804588056186,"ppmv CO2"
"SSP370_CH4",2040,"Ca",506.869421017721,"ppmv CO2"
"SSP370_CH4",2041,"Ca",510.973199536742,"ppmv CO2"
"SSP370_CH4",2042,"Ca",515.108828368122,"ppmv CO2"
"SSP370_CH4",2043,"Ca",519.269468524995,"ppmv CO2"
"SSP370_CH4",2044,"Ca",523.455785053748,"ppmv CO2"
"SSP370_CH4",2045,"Ca",527.668388441302,"ppmv CO2"
"SSP370_CH4",2046,"Ca",531.907863552754,"ppmv CO2"
"SSP370_CH4",2047,"Ca",536.174798833633,"ppmv CO2"
"SSP370_CH4",2048,"Ca",540.469781969715,"ppmv CO2"
"SSP370_CH4",2049,"Ca",544.793378177283,"ppmv CO2"
"SSP370_CH4",2050,"Ca",549.146129273596,"ppmv CO2"
"SSP370_CH4",2051,"Ca",553.528570137221,"ppmv CO2"
"SSP370_CH4",2052,"Ca",557.939881607084,"ppmv CO2"
"SSP370_CH4",2053,"Ca",562.379376131824,"ppmv CO2"
"SSP370_CH4",2054,"Ca",566.847586870368,"ppmv CO2"
"SSP370_CH4",2055,"Ca",571.344978183475,"ppmv CO2"
"SSP370_CH4",2056,"Ca",575.871985653743,"ppmv CO2"
"SSP370_CH4",2057,"Ca",580.429030302442,"ppmv CO2"
"SSP370_CH4",2058,"Ca",585.016528044823,"ppmv CO2"
"SSP370_CH4",2059,"Ca",589.634960586226,"ppmv CO2"
"SSP370_CH4",2060,"Ca",594.285040866238,"ppmv CO2"
"SSP370_CH4",2061,"Ca",598.96754111704,"ppmv CO2"
"SSP370_CH4",2062,"Ca",603.679565970716,"ppmv CO2"
"SSP370_CH4",2063,"Ca",608.418324977244,"ppmv CO2"
"SSP370_CH4",2064,"Ca",613.184311477274,"ppmv CO2"
"SSP370_CH4",2065,"Ca",617.977985060951,"ppmv CO2"
"SSP370_CH4",2066,"Ca",622.799858704286,"ppmv CO2"
"SSP370_CH4",2067,"Ca",627.650432530095,"ppmv CO2"
"SSP370_CH4",2068,"Ca",632.530149745564,"ppmv CO2"
"SSP370_CH4",2069,"Ca",637.439431700629,"ppmv CO2"
"SSP370_CH4",2070,"Ca",642.378696126237,"ppmv CO2"
"SSP370_CH4",2071,"Ca",647.348364013956,"ppmv CO2"
"SSP370_CH4",2072,"Ca",652.34748752908,"ppmv CO2"
"SSP370_CH4",2073,"Ca",657.375208634297,"ppmv CO2"
"SSP370_CH4",2074,"Ca",662.432041331778,"ppmv CO2"
"SSP370_CH4",2075,"Ca",667.518471981985,"ppmv CO2"
"SSP370_CH4",2076,"Ca",672.634981109569,"ppmv CO2"
"SSP370_CH4",2077,"Ca",677.782046866191,"ppmv CO2"
"SSP370_CH4",2078,"Ca",682.96012768546,"ppmv CO2"
"SSP370_CH4",2079,"Ca",688.169673240417,"ppmv CO2"
"SSP370_CH4",2080,"Ca",693.411147301286,"ppmv CO2"
"SSP370_CH4",2081,"Ca",698.684999523406,"ppmv CO2"
"SSP370_CH4",2082,"Ca",703.997643955298,"ppmv CO2"
"SSP370_CH4",2083,"Ca",709.355248638763,"ppmv CO2"
"SSP370_CH4",2084,"Ca",714.758010545792,"ppmv CO2"
"SSP370_CH4",2085,"Ca",720.206176172855,"ppmv CO2"
"SSP370_CH4",2086,"Ca",725.700076169531,"ppmv CO2"
"SSP370_CH4",2087,"Ca",731.240556220118,"ppmv CO2"
"SSP370_CH4",2088,"Ca",736.828759131252,"ppmv CO2"
"SSP370_CH4",2089,"Ca",742.465256906611,"ppmv CO2"
"SSP370_CH4",2090,"Ca",748.150210871832,"ppmv CO2"
"SSP370_CH4",2091,"Ca",753.88373708515,"ppmv CO2"
"SSP370_CH4",2092,"Ca",759.67159524265,"ppmv CO2"
"SSP370_CH4",2093,"Ca",765.519464685815,"ppmv CO2"
"SSP370_CH4",2094,"Ca",771.427384363722,"ppmv CO2"
"SSP370_CH4",2095,"Ca",777.395385262101,"ppmv CO2"
"SSP370_CH4",2096,"Ca",783.42342311413,"ppmv CO2"
"SSP370_CH4",2097,"Ca",789.511406309109,"ppmv CO2"
"SSP370_CH4",2098,"Ca",795.65923919461,"ppmv CO2"
"SSP370_CH4",2099,"Ca",801.866892150468,"ppmv CO2"
"SSP370_CH4",2100,"Ca",808.134468961112,"ppmv CO2"
"SSP370_CH4",2101,"Ca",814.462134982584,"ppmv CO2"
"SSP370_CH4",2102,"Ca",820.778464345641,"ppmv CO2"
"SSP370_CH4",2103,"Ca",827.015208283863,"ppmv CO2"
"SSP370_CH4",2104,"Ca",833.174043427593,"ppmv CO2"
"SSP370_CH4",2105,"Ca",839.256362262492,"ppmv CO2"
"SSP370_CH4",2106,"Ca",845.263652916263,"ppmv CO2"
"SSP370_CH4",2107,"Ca",851.197548671359,"ppmv CO2"
"SSP370_CH4",2108,"Ca",857.05934107687,"ppmv CO2"
"SSP370_CH4",2109,"Ca",862.849999273718,"ppmv CO2"
"SSP370_CH4",2110,"Ca",868.570415749275,"ppmv CO2"
"SSP370_CH4",2111,"Ca",874.221514992224,"ppmv CO2"
"SSP370_CH4",2112,"Ca",879.804192314369,"ppmv CO2"
"SSP370_CH4",2113,"Ca",885.319283195576,"ppmv CO2"
"SSP370_CH4",2114,"Ca",890.767588523625,"ppmv CO2"
"SSP370_CH4",2115,"Ca",896.149885749642,"ppmv CO2"
"SSP370_CH4",2116,"Ca",901.467085682147,"ppmv CO2"
"SSP370_CH4",2117,"Ca",906.720120544725,"ppmv CO2"
"SSP370_CH4",2118,"Ca",911.909702253251,"ppmv CO2"
"SSP370_CH4",2119,"Ca",917.036436478926,"ppmv CO2"
"SSP370_CH4",2120,"Ca",922.100922568813,"ppmv CO2"
"SSP370_CH4",2121,"Ca",927.10375587259,"ppmv CO2"
"SSP370_CH4",2122,"Ca",932.045513581149,"ppmv CO2"
"SSP370_CH4",2123,"Ca",936.926735021651,"ppmv CO2"
"SSP370_CH4",2124,"Ca",941.74801251529,"ppmv CO2"
"SSP370_CH4",2125,"Ca",946.509892866196,"ppmv CO2"
"SSP370_CH4",2126,"Ca",951.212847717752,"ppmv CO2"
"SSP370_CH4",2127,"Ca",955.857346135442,"ppmv CO2"
"SSP370_CH4",2128,"Ca",960.443851319033,"ppmv CO2"
"SSP370_CH4",2129,"Ca",964.972808262883,"ppmv CO2"
"SSP370_CH4",2130,"Ca",969.444639689613,"ppmv CO2"
"SSP370_CH4",2131,"Ca",973.859760708561,"ppmv CO2"
"SSP370_CH4",2132,"Ca",978.218597561931,"ppmv CO2"
"SSP370_CH4",2133,"Ca",982.521594268233,"ppmv CO2"
"SSP370_CH4",2134,"Ca",986.769129233189,"ppmv CO2"
"SSP370_CH4",2135,"Ca",990.961512730085,"ppmv CO2"
"SSP370_CH4",2136,"Ca",995.09904033463,"ppmv CO2"
"SSP370_CH4",2137,"Ca",999.182006209778,"ppmv CO2"
"SSP370_CH4",2138,"Ca",1003.21068665408,"ppmv CO2"
"SSP370_CH4",2139,"Ca",1007.18535691799,"ppmv CO2"
"SSP370_CH4",2140,"Ca",1011.1062855458,"ppmv CO2"
"SSP370_CH4",2141,"Ca",1014.97374204186,"ppmv CO2"
"SSP370_CH4",2142,"Ca",1018.78797176885,"ppmv CO2"
"SSP370_CH4",2143,"Ca",1022.54921725413,"ppmv CO2"
"SSP370_CH4",2144,"Ca",1026.25771131852,"ppmv CO2"
"SSP370_CH4",2145,"Ca",1029.9136711487,"ppmv CO2"
"SSP370_CH4",2146,"Ca",1033.51731842761,"ppmv CO2"
"SSP370_CH4",2147,"Ca",1037.06886090471,"ppmv CO2"
"SSP370_CH4",2148,"Ca",1040.56846603394,"ppmv CO2"
"SSP370_CH4",2149,"Ca",1044.01625166242,"ppmv CO2"
"SSP370_CH4",2150,"Ca",1047.41232425182,"ppmv CO2"
"SSP370_CH4",2151,"Ca",1050.75682469188,"ppmv CO2"
"SSP370_CH4",2152,"Ca",1054.05653687883,"ppmv CO2"
"SSP370_CH4",2153,"Ca",1057.31787933673,"ppmv CO2"
"SSP370_CH4",2154,"Ca",1060.54077309197,"ppmv CO2"
"SSP370_CH4",2155,"Ca",1063.72508968467,"ppmv CO2"
"SSP370_CH4",2156,"Ca",1066.87071092842,"ppmv CO2"
"SSP370_CH4",2157,"Ca",1069.97751431657,"ppmv CO2"
"SSP370_CH4",2158,"Ca",1073.04535975985,"ppmv CO2"
"SSP370_CH4",2159,"Ca",1076.07410486279,"ppmv CO2"
"SSP370_CH4",2160,"Ca",1079.06360874992,"ppmv CO2"
"SSP370_CH4",2161,"Ca",1082.01372481316,"ppmv CO2"
"SSP370_CH4",2162,"Ca",1084.92428807119,"ppmv CO2"
"SSP370_CH4",2163,"Ca",1087.79514023236,"ppmv CO2"
"SSP370_CH4",2164,"Ca",1090.62617398627,"ppmv CO2"
"SSP370_CH4",2165,"Ca",1093.41738266026,"ppmv CO2"
"SSP370_CH4",2166,"Ca",1096.16876727771,"ppmv CO2"
"SSP370_CH4",2167,"Ca",1098.88060626291,"ppmv CO2"
"SSP370_CH4",2168,"Ca",1101.55331589513,"ppmv CO2"
"SSP370_CH4",2169,"Ca",1104.1869474888,"ppmv CO2"
"SSP370_CH4",2170,"Ca",1106.78120739899,"ppmv CO2"
"SSP370_CH4",2171,"Ca",1109.33572172677,"ppmv CO2"
"SSP370_CH4",2172,"Ca",1111.85031095721,"ppmv CO2"
"SSP370_CH4",2173,"Ca",1114.32486189811,"ppmv CO2"
"SSP370_CH4",2174,"Ca",1116.75909226252,"ppmv CO2"
"SSP370_CH4",2175,"Ca",1119.15260232701,"ppmv CO2"
"SSP370_CH4",2176,"Ca",1121.50502123687,"ppmv CO2"
"SSP370_CH4",2177,"Ca",1123.81606395857,"ppmv CO2"
"SSP370_CH4",2178,"Ca",1126.08555468528,"ppmv CO2"
"SSP370_CH4",2179,"Ca",1128.31336227453,"ppmv CO2"
"SSP370_CH4",2180,"Ca",1130.49926425291,"ppmv CO2"
"SSP370_CH4",2181,"Ca",1132.64292299085,"ppmv CO2"
"SSP370_CH4",2182,"Ca",1134.74403250001,"ppmv CO2"
"SSP370_CH4",2183,"Ca",1136.80232812554,"ppmv CO2"
"SSP370_CH4",2184,"Ca",1138.81752412473,"ppmv CO2"
"SSP370_CH4",2185,"Ca",1140.78938070998,"ppmv CO2"
"SSP370_CH4",2186,"Ca",1142.71811719944,"ppmv CO2"
"SSP370_CH4",2187,"Ca",1144.60404529279,"ppmv CO2"
"SSP370_CH4",2188,"Ca",1146.44695408641,"ppmv CO2"
"SSP370_CH4",2189,"Ca",1148.24638843144,"ppmv CO2"
"SSP370_CH4",2190,"Ca",1150.00191209978,"ppmv CO2"
"SSP370_CH4",2191,"Ca",1151.71314674193,"ppmv CO2"
"SSP370_CH4",2192,"Ca",1153.37972929042,"ppmv CO2"
"SSP370_CH4",2193,"Ca",1155.00132145438,"ppmv CO2"
"SSP370_CH4",2194,"Ca",1156.57762257449,"ppmv CO2"
"SSP370_CH4",2195,"Ca",1158.10901391375,"ppmv CO2"
"SSP370_CH4",2196,"Ca",1159.59614814408,"ppmv CO2"
"SSP370_CH4",2197,"Ca",1161.03894341874,"ppmv CO2"
"SSP370_CH4",2198,"Ca",1162.43685860212,"ppmv CO2"
"SSP370_CH4",2199,"Ca",1163.78928474353,"ppmv CO2"
"SSP370_CH4",2200,"Ca",1165.14852322196,"ppmv CO2"
"SSP370_CH4",2201,"Ca",1166.33159578216,"ppmv CO2"
"SSP370_CH4",2202,"Ca",1167.58214809492,"ppmv CO2"
"SSP370_CH4",2203,"Ca",1168.74260530503,"ppmv CO2"
"SSP370_CH4",2204,"Ca",1169.86092736847,"ppmv CO2"
"SSP370_CH4",2205,"Ca",1170.9316899882,"ppmv CO2"
"SSP370_CH4",2206,"Ca",1171.95425566143,"ppmv CO2"
"SSP370_CH4",2207,"Ca",1172.92867019944,"ppmv CO2"
"SSP370_CH4",2208,"Ca",1173.85471903498,"ppmv CO2"
"SSP370_CH4",2209,"Ca",1174.73226906479,"ppmv CO2"
"SSP370_CH4",2210,"Ca",1175.56127915147,"ppmv CO2"
"SSP370_CH4",2211,"Ca",1176.34170069311,"ppmv CO2"
"SSP370_CH4",2212,"Ca",1177.07344581288,"ppmv CO2"
"SSP370_CH4",2213,"Ca",1177.75639757588,"ppmv CO2"
"SSP370_CH4",2214,"Ca",1178.39042739237,"ppmv CO2"
"SSP370_CH4",2215,"Ca",1178.97540711237,"ppmv CO2"
"SSP370_CH4",2216,"Ca",1179.51122083383,"ppmv CO2"
"SSP370_CH4",2217,"Ca",1179.99774024066,"ppmv CO2"
"SSP370_CH4",2218,"Ca",1180.43485023618,"ppmv CO2"
"SSP370_CH4",2219,"Ca",1180.82236481458,"ppmv CO2"
"SSP370_CH4",2220,"Ca",1181.16010548591,"ppmv CO2"
"SSP370_CH4",2221,"Ca",1181.44790888859,"ppmv CO2"
"SSP370_CH4",2222,"Ca",1181.6856204746,"ppmv CO2"
"SSP370_CH4",2223,"Ca",1181.92606878633,"ppmv CO2"
"SSP370_CH4",2224,"Ca",1181.98550016611,"ppmv CO2"
"SSP370_CH4",2225,"Ca",1182.1086601437,"ppmv CO2"
"SSP370_CH4",2226,"Ca",1182.13943029811,"ppmv CO2"
"SSP370_CH4",2227,"Ca",1182.12421010727,"ppmv CO2"
"SSP370_CH4",2228,"Ca",1182.05847375245,"ppmv CO2"
"SSP370_CH4",2229,"Ca",1181.94153655722,"ppmv CO2"
"SSP370_CH4",2230,"Ca",1181.77352287913,"ppmv CO2"
"SSP370_CH4",2231,"Ca",1181.55430228289,"ppmv CO2"
"SSP370_CH4",2232,"Ca",1181.28377129121,"ppmv CO2"
"SSP370_CH4",2233,"Ca",1180.96183318658,"ppmv CO2"
"SSP370_CH4",2234,"Ca",1180.5883931278,"ppmv CO2"
"SSP370_CH4",2235,"Ca",1180.16335973096,"ppmv CO2"
"SSP370_CH4",2236,"Ca",1179.68664499858,"ppmv CO2"
"SSP370_CH4",2237,"Ca",1179.15816442001,"ppmv CO2"
"SSP370_CH4",2238,"Ca",1178.57783705584,"ppmv CO2"
"SSP370_CH4",2239,"Ca",1177.94558557209,"ppmv CO2"
"SSP370_CH4",2240,"Ca",1177.26133625107,"ppmv CO2"
"SSP370_CH4",2241,"Ca",1176.52501898956,"ppmv CO2"
"SSP370_CH4",2242,"Ca",1175.73656728866,"ppmv CO2"
"SSP370_CH4",2243,"Ca",1174.8959182358,"ppmv CO2"
"SSP370_CH4",2244,"Ca",1174.00301248259,"ppmv CO2"
"SSP370_CH4",2245,"Ca",1173.10865651765,"ppmv CO2"
"SSP370_CH4",2246,"Ca",1172.03689462551,"ppmv CO2"
"SSP370_CH4",2247,"Ca",1171.02030289829,"ppmv CO2"
"SSP370_CH4",2248,"Ca",1169.91298066576,"ppmv CO2"
"SSP370_CH4",2249,"Ca",1168.75777314777,"ppmv CO2"
"SSP370_CH4",2250,"Ca",1167.55032613035,"ppmv CO2"
"SSP370_CH4",2251,"Ca",1166.29015396209,"ppmv CO2"
"SSP370_CH4",2252,"Ca",1165.01090348329,"ppmv CO2"
"SSP370_CH4",2253,"Ca",1163.74461852176,"ppmv CO2"
"SSP370_CH4",2254,"Ca",1162.49109822161,"ppmv CO2"
"SSP370_CH4",2255,"Ca",1161.24985704335,"ppmv CO2"
"SSP370_CH4",2256,"Ca",1160.02047826592,"ppmv CO2"
"SSP370_CH4",2257,"Ca",1158.80256215447,"ppmv CO2"
"SSP370_CH4",2258,"Ca",1157.59571955974,"ppmv CO2"
"SSP370_CH4",2259,"Ca",1156.39957325552,"ppmv CO2"
"SSP370_CH4",2260,"Ca",1155.21375721184,"ppmv CO2"
"SSP370_CH4",2261,"Ca",1154.03791611143,"ppmv CO2"
"SSP370_CH4",2262,"Ca",1152.87170487825,"ppmv CO2"
"SSP370_CH4",2263,"Ca",1151.71478821112,"ppmv CO2"
"SSP370_CH4",2264,"Ca",1150.56684015031,"ppmv CO2"
"SSP370_CH4",2265,"Ca",1149.42754349849,"ppmv CO2"
"SSP370_CH4",2266,"Ca",1148.29658950164,"ppmv CO2"
"SSP370_CH4",2267,"Ca",1147.17367760197,"ppmv CO2"
"SSP370_CH4",2268,"Ca",1146.05851520095,"ppmv CO2"
"SSP370_CH4",2269,"Ca",1144.9508174352,"ppmv CO2"
"SSP370_CH4",2270,"Ca",1143.85030696677,"ppmv CO2"
"SSP370_CH4",2271,"Ca",1142.75671378712,"ppmv CO2"
"SSP370_CH4",2272,"Ca",1141.6697750339,"ppmv CO2"
"SSP370_CH4",2273,"Ca",1140.58923481882,"ppmv CO2"
"SSP370_CH4",2274,"Ca",1139.51484406501,"ppmv CO2"
"SSP370_CH4",2275,"Ca",1138.44636044233,"ppmv CO2"
"SSP370_CH4",2276,"Ca",1137.38354818537,"ppmv CO2"
"SSP370_CH4",2277,"Ca",1136.32617792283,"ppmv CO2"
"SSP370_CH4",2278,"Ca",1135.2740265243,"ppmv CO2"
"SSP370_CH4",2279,"Ca",1134.22687695695,"ppmv CO2"
"SSP370_CH4",2280,"Ca",1133.18451814904,"ppmv CO2"
"SSP370_CH4",2281,"Ca",1132.14674485835,"ppmv CO2"
"SSP370_CH4",2282,"Ca",1131.1133575446,"ppmv CO2"
"SSP370_CH4",2283,"Ca",1130.08416224499,"ppmv CO2"
"SSP370_CH4",2284,"Ca",1129.05897045213,"ppmv CO2"
"SSP370_CH4",2285,"Ca",1128.03759851558,"ppmv CO2"
"SSP370_CH4",2286,"Ca",1127.01986764462,"ppmv CO2"
"SSP370_CH4",2287,"Ca",1126.0056039074,"ppmv CO2"
"SSP370_CH4",2288,"Ca",1124.99463817911,"ppmv CO2"
"SSP370_CH4",2289,"Ca",1123.98680606821,"ppmv CO2"
"SSP370_CH4",2290,"Ca",1122.98194782996,"ppmv CO2"
"SSP370_CH4",2291,"Ca",1121.97990827047,"ppmv CO2"
"SSP370_CH4",2292,"Ca",1120.98053664291,"ppmv CO2"
"SSP370_CH4",2293,"Ca",1119.9836865423,"ppmv CO2"
"SSP370_CH4",2294,"Ca",1118.98921580181,"ppmv CO2"
"SSP370_CH4",2295,"Ca",1117.99698555953,"ppmv CO2"
"SSP370_CH4",2296,"Ca",1117.00686028201,"ppmv CO2"
"SSP370_CH4",2297,"Ca",1116.01870783221,"ppmv CO2"
"SSP370_CH4",2298,"Ca",1115.0323994705,"ppmv CO2"
"SSP370_CH4",2299,"Ca",1114.04780982611,"ppmv CO2"
"SSP370_CH4",2300,"Ca",1113.06481685299,"ppmv CO2"
"SSP370_CH4",1850,"Ftot",0.342759026289703,"W/m2"
"SSP370_CH4",1851,"Ftot",0.350098111398179,"W/m2"
"SSP370_CH4",1852,"Ftot",0.370119862020411,"W/m2"
"SSP370_CH4",1853,"Ftot",0.387205169816727,"W/m2"
"SSP370_CH4",1854,"Ftot",0.394292107486678,"W/m2"
"SSP370_CH4",1855,"Ftot",0.27088782859962,"W/m2"
"SSP370_CH4",1856,"Ftot",-0.186213405186818,"W/m2"
"SSP370_CH4",1857,"Ftot",-0.434669038624125,"W/m2"
"SSP370_CH4",1858,"Ftot",-0.119823041836269,"W/m2"
"SSP370_CH4",1859,"Ftot",0.205005061125198,"W/m2"
"SSP370_CH4",1860,"Ftot",0.325534106751617,"W/m2"
"SSP370_CH4",1861,"Ftot",0.319635570906573,"W/m2"
"SSP370_CH4",1862,"Ftot",0.237183749482628,"W/m2"
"SSP370_CH4",1863,"Ftot",0.253154614899428,"W/m2"
"SSP370_CH4",1864,"Ftot",0.340387616611361,"W/m2"
"SSP370_CH4",1865,"Ftot",0.386107532841228,"W/m2"
"SSP370_CH4",1866,"Ftot",0.411249364167669,"W/m2"
"SSP370_CH4",1867,"Ftot",0.421179434143404,"W/m2"
"SSP370_CH4",1868,"Ftot",0.4246314396114,"W/m2"
"SSP370_CH4",1869,"Ftot",0.418723097232148,"W/m2"
"SSP370_CH4",1870,"Ftot",0.416255661163285,"W/m2"
"SSP370_CH4",1871,"Ftot",0.420948374844812,"W/m2"
"SSP370_CH4",1872,"Ftot",0.409326508256772,"W/m2"
"SSP370_CH4",1873,"Ftot",0.395241309817448,"W/m2"
"SSP370_CH4",1874,"Ftot",0.409232960189019,"W/m2"
"SSP370_CH4",1875,"Ftot",0.4074508823765,"W/m2"
"SSP370_CH4",1876,"Ftot",0.367728725498206,"W/m2"
"SSP370_CH4",1877,"Ftot",0.36932873411027,"W/m2"
"SSP370_CH4",1878,"Ftot",0.406870113707705,"W/m2"
"SSP370_CH4",1879,"Ftot",0.42740518638919,"W/m2"
"SSP370_CH4",1880,"Ftot",0.438741774048239,"W/m2"
"SSP370_CH4",1881,"Ftot",0.452416055315728,"W/m2"
"SSP370_CH4",1882,"Ftot",0.342180312383244,"W/m2"
"SSP370_CH4",1883,"Ftot",-0.56804474188635,"W/m2"
"SSP370_CH4",1884,"Ftot",-1.29724235813446,"W/m2"
"SSP370_CH4",1885,"Ftot",-0.702892650522859,"W/m2"
"SSP370_CH4",1886,"Ftot",-0.203705325844111,"W/m2"
"SSP370_CH4",1887,"Ftot",-0.0788163097058818,"W/m2"
"SSP370_CH4",1888,"Ftot",0.0242379108435307,"W/m2"
"SSP370_CH4",1889,"Ftot",-0.0365810972905962,"W/m2"
"SSP370_CH4",1890,"Ftot",-0.0954724863704808,"W/m2"
"SSP370_CH4",1891,"Ftot",-0.0233092780329875,"W/m2"
"SSP370_CH4",1892,"Ftot",0.15386033237404,"W/m2"
"SSP370_CH4",1893,"Ftot",0.305842575091718,"W/m2"
"SSP370_CH4",1894,"Ftot",0.413899452068002,"W/m2"
"SSP370_CH4",1895,"Ftot",0.407807047617517,"W/m2"
"SSP370_CH4",1896,"Ftot",0.262976711518751,"W/m2"
"SSP370_CH4",1897,"Ftot",0.183939453284003,"W/m2"
"SSP370_CH4",1898,"Ftot",0.286096546381122,"W/m2"
"SSP370_CH4",1899,"Ftot",0.388246223257274,"W/m2"
"SSP370_CH4",1900,"Ftot",0.437370304038184,"W/m2"
"SSP370_CH4",1901,"Ftot",0.430476505700385,"W/m2"
"SSP370_CH4",1902,"Ftot",-0.0161488570369028,"W/m2"
"SSP370_CH4",1903,"Ftot",-0.416897987177693,"W/m2"
"SSP370_CH4",1904,"Ftot",-0.119699736024835,"W/m2"
"SSP370_CH4",1905,"Ftot",0.233927163686233,"W/m2"
"SSP370_CH4",1906,"Ftot",0.329824679827328,"W/m2"
"SSP370_CH4",1907,"Ftot",0.29092628344462,"W/m2"
"SSP370_CH4",1908,"Ftot",0.323175673682412,"W/m2"
"SSP370_CH4",1909,"Ftot",0.388469703239732,"W/m2"
"SSP370_CH4",1910,"Ftot",0.420321960556772,"W/m2"
"SSP370_CH4",1911,"Ftot",0.437760682088197,"W/m2"
"SSP370_CH4",1912,"Ftot",0.192159838851125,"W/m2"
"SSP370_CH4",1913,"Ftot",0.0766181623841571,"W/m2"
"SSP370_CH4",1914,"Ftot",0.316059284934933,"W/m2"
"SSP370_CH4",1915,"Ftot",0.430348330526722,"W/m2"
"SSP370_CH4",1916,"Ftot",0.441717949135907,"W/m2"
"SSP370_CH4",1917,"Ftot",0.447793143964085,"W/m2"
"SSP370_CH4",1918,"Ftot",0.463215934548267,"W/m2"
"SSP370_CH4",1919,"Ftot",0.505542871008609,"W/m2"
"SSP370_CH4",1920,"Ftot",0.404275744266661,"W/m2"
"SSP370_CH4",1921,"Ftot",0.442046689386546,"W/m2"
"SSP370_CH4",1922,"Ftot",0.52255915976048,"W/m2"
"SSP370_CH4",1923,"Ftot",0.510831921773167,"W/m2"
"SSP370_CH4",1924,"Ftot",0.507329485596213,"W/m2"
"SSP370_CH4",1925,"Ftot",0.51459171801052,"W/m2"
"SSP370_CH4",1926,"Ftot",0.527148201417729,"W/m2"
"SSP370_CH4",1927,"Ftot",0.518284413256955,"W/m2"
"SSP370_CH4",1928,"Ftot",0.477504686125302,"W/m2"
"SSP370_CH4",1929,"Ftot",0.41610693689888,"W/m2"
"SSP370_CH4",1930,"Ftot",0.47383055816771,"W/m2"
"SSP370_CH4",1931,"Ftot",0.547239437283919,"W/m2"
"SSP370_CH4",1932,"Ftot",0.56239710530075,"W/m2"
"SSP370_CH4",1933,"Ftot",0.563402649289561,"W/m2"
"SSP370_CH4",1934,"Ftot",0.584426661251928,"W/m2"
"SSP370_CH4",1935,"Ftot",0.577959761905581,"W/m2"
"SSP370_CH4",1936,"Ftot",0.578027272615211,"W/m2"
"SSP370_CH4",1937,"Ftot",0.562141517222283,"W/m2"
"SSP370_CH4",1938,"Ftot",0.581713353035952,"W/m2"
"SSP370_CH4",1939,"Ftot",0.569931912627852,"W/m2"
"SSP370_CH4",1940,"Ftot",0.569452105826811,"W/m2"
"SSP370_CH4",1941,"Ftot",0.576282494519458,"W/m2"
"SSP370_CH4",1942,"Ftot",0.553699157912077,"W/m2"
"SSP370_CH4",1943,"Ftot",0.556714470706686,"W/m2"
"SSP370_CH4",1944,"Ftot",0.59976278213411,"W/m2"
"SSP370_CH4",1945,"Ftot",0.668198402735908,"W/m2"
"SSP370_CH4",1946,"Ftot",0.694365984681144,"W/m2"
"SSP370_CH4",1947,"Ftot",0.655526050087008,"W/m2"
"SSP370_CH4",1948,"Ftot",0.654586375256033,"W/m2"
"SSP370_CH4",1949,"Ftot",0.668662266120375,"W/m2"
"SSP370_CH4",1950,"Ftot",0.644226581513713,"W/m2"
"SSP370_CH4",1951,"Ftot",0.6546719746064,"W/m2"
"SSP370_CH4",1952,"Ftot",0.662288929154624,"W/m2"
"SSP370_CH4",1953,"Ftot",0.670942273690159,"W/m2"
"SSP370_CH4",1954,"Ftot",0.702771573898207,"W/m2"
"SSP370_CH4",1955,"Ftot",0.716486792289239,"W/m2"
"SSP370_CH4",1956,"Ftot",0.727522413912722,"W/m2"
"SSP370_CH4",1957,"Ftot",0.748594356283327,"W/m2"
"SSP370_CH4",1958,"Ftot",0.790113335855632,"W/m2"
"SSP370_CH4",1959,"Ftot",0.799557468432975,"W/m2"
"SSP370_CH4",1960,"Ftot",0.742147326598062,"W/m2"
"SSP370_CH4",1961,"Ftot",0.592245881321991,"W/m2"
"SSP370_CH4",1962,"Ftot",0.546284573806163,"W/m2"
"SSP370_CH4",1963,"Ftot",0.0746486109083491,"W/m2"
"SSP370_CH4",1964,"Ftot",-0.261939208446628,"W/m2"
"SSP370_CH4",1965,"Ftot",0.0788408040651447,"W/m2"
"SSP370_CH4",1966,"Ftot",0.486661171669124,"W/m2"
"SSP370_CH4",1967,"Ftot",0.661498240586653,"W/m2"
"SSP370_CH4",1968,"Ftot",0.485543113434835,"W/m2"
"SSP370_CH4",1969,"Ftot",0.442929861706831,"W/m2"
"SSP370_CH4",1970,"Ftot",0.697260512629851,"W/m2"
"SSP370_CH4",1971,"Ftot",0.91811623586687,"W/m2"
"SSP370_CH4",1972,"Ftot",0.982354349148324,"W/m2"
"SSP370_CH4",1973,"Ftot",0.964010010532254,"W/m2"
"SSP370_CH4",1974,"Ftot",0.875452213594351,"W/m2"
"SSP370_CH4",1975,"Ftot",0.838678873365108,"W/m2"
"SSP370_CH4",1976,"Ftot",0.97821914905685,"W/m2"
"SSP370_CH4",1977,"Ftot",1.17781282325946,"W/m2"
"SSP370_CH4",1978,"Ftot",1.20939064335645,"W/m2"
"SSP370_CH4",1979,"Ftot",1.23323088842139,"W/m2"
"SSP370_CH4",1980,"Ftot",1.32860793354185,"W/m2"
"SSP370_CH4",1981,"Ftot",1.32535317643933,"W/m2"
"SSP370_CH4",1982,"Ftot",0.700643476427408,"W/m2"
"SSP370_CH4",1983,"Ftot",0.482129601465371,"W/m2"
"SSP370_CH4",1984,"Ftot",1.07850185040709,"W/m2"
"SSP370_CH4",1985,"Ftot",1.41874158154729,"W/m2"
"SSP370_CH4",1986,"Ftot",1.52983200861402,"W/m2"
"SSP370_CH4",1987,"Ftot",1.59614506426546,"W/m2"
"SSP370_CH4",1988,"Ftot",1.69535088477522,"W/m2"
"SSP370_CH4",1989,"Ftot",1.76595120480514,"W/m2"
"SSP370_CH4",1990,"Ftot",1.80968508439499,"W/m2"
"SSP370_CH4",1991,"Ftot",0.889363622983309,"W/m2"
"SSP370_CH4",1992,"Ftot",0.376776815165877,"W/m2"
"SSP370_CH4",1993,"Ftot",1.16159365193067,"W/m2"
"SSP370_CH4",1994,"Ftot",1.73878229838906,"W/m2"
"SSP370_CH4",1995,"Ftot",2.00427737036517,"W/m2"
"SSP370_CH4",1996,"Ftot",2.11337946962453,"W/m2"
"SSP370_CH4",1997,"Ftot",2.12864300813258,"W/m2"
"SSP370_CH4",1998,"Ftot",2.22718920625007,"W/m2"
"SSP370_CH4",1999,"Ftot",2.3553485777129,"W/m2"
"SSP370_CH4",2000,"Ftot",2.40400500552819,"W/m2"
"SSP370_CH4",2001,"Ftot",2.43985617810097,"W/m2"
"SSP370_CH4",2002,"Ftot",2.44042515678109,"W/m2"
"SSP370_CH4",2003,"Ftot",2.45097409143855,"W/m2"
"SSP370_CH4",2004,"Ftot",2.50274306480776,"W/m2"
"SSP370_CH4",2005,"Ftot",2.47949382771368,"W/m2"
"SSP370_CH4",2006,"Ftot",2.38772016497496,"W/m2"
"SSP370_CH4",2007,"Ftot",2.40582698256266,"W/m2"
"SSP370_CH4",2008,"Ftot",2.46418360584133,"W/m2"
"SSP370_CH4",2009,"Ftot",2.5256998171999,"W/m2"
"SSP370_CH4",2010,"Ftot",2.57821287987825,"W/m2"
"SSP370_CH4",2011,"Ftot",2.62131261300979,"W/m2"
"SSP370_CH4",2012,"Ftot",2.64915562830746,"W/m2"
"SSP370_CH4",2013,"Ftot",2.71008787791873,"W/m2"
"SSP370_CH4",2014,"Ftot",2.73632180244292,"W/m2"
"SSP370_CH4",2015,"Ftot",2.88504057953014,"W/m2"
"SSP370_CH4",2016,"Ftot",2.93808424330626,"W/m2"
"SSP370_CH4",2017,"Ftot",2.9911533765349,"W/m2"
"SSP370_CH4",2018,"Ftot",3.04587154230256,"W/m2"
"SSP370_CH4",2019,"Ftot",3.10209876725884,"W/m2"
"SSP370_CH4",2020,"Ftot",3.15976111501657,"W/m2"
"SSP370_CH4",2021,"Ftot",3.20833883585949,"W/m2"
"SSP370_CH4",2022,"Ftot",3.2576613856838,"W/m2"
"SSP370_CH4",2023,"Ftot",3.30738007061066,"W/m2"
"SSP370_CH4",2024,"Ftot",3.35748877383426,"W/m2"
"SSP370_CH4",2025,"Ftot",3.40797638774848,"W/m2"
"SSP370_CH4",2026,"Ftot",3.45883047411401,"W/m2"
"SSP370_CH4",2027,"Ftot",3.5100386302872,"W/m2"
"SSP370_CH4",2028,"Ftot",3.56158903424152,"W/m2"
"SSP370_CH4",2029,"Ftot",3.6134706647989,"W/m2"
"SSP370_CH4",2030,"Ftot",3.66567326261679,"W/m2"
"SSP370_CH4",2031,"Ftot",3.71784616598051,"W/m2"
"SSP370_CH4",2032,"Ftot",3.77008463687928,"W/m2"
"SSP370_CH4",2033,"Ftot",3.82223848047984,"W/m2"
"SSP370_CH4",2034,"Ftot",3.87432849984382,"W/m2"
"SSP370_CH4",2035,"Ftot",3.92637177524657,"W/m2"
"SSP370_CH4",2036,"Ftot",3.9783826182964,"W/m2"
"SSP370_CH4",2037,"Ftot",4.03037132266179,"W/m2"
"SSP370_CH4",2038,"Ftot",4.08234791578507,"W/m2"
"SSP370_CH4",2039,"Ftot",4.13432500367538,"W/m2"
"SSP370_CH4",2040,"Ftot",4.1863130471636,"W/m2"
"SSP370_CH4",2041,"Ftot",4.23621458137703,"W/m2"
"SSP370_CH4",2042,"Ftot",4.28620361289323,"W/m2"
"SSP370_CH4",2043,"Ftot",4.33619893357183,"W/m2"
"SSP370_CH4",2044,"Ftot",4.38619949493568,"W/m2"
"SSP370_CH4",2045,"Ftot",4.43620428440648,"W/m2"
"SSP370_CH4",2046,"Ftot",4.48621245483375,"W/m2"
"SSP370_CH4",2047,"Ftot",4.53622352605187,"W/m2"
"SSP370_CH4",2048,"Ftot",4.58623728001826,"W/m2"
"SSP370_CH4",2049,"Ftot",4.63625350698604,"W/m2"
"SSP370_CH4",2050,"Ftot",4.68627197435085,"W/m2"
"SSP370_CH4",2051,"Ftot",4.73709930921187,"W/m2"
"SSP370_CH4",2052,"Ftot",4.78794338956565,"W/m2"
"SSP370_CH4",2053,"Ftot",4.83878947742196,"W/m2"
"SSP370_CH4",2054,"Ftot",4.88963553271748,"W/m2"
"SSP370_CH4",2055,"Ftot",4.94047942154157,"W/m2"
"SSP370_CH4",2056,"Ftot",4.99131917667471,"W/m2"
"SSP370_CH4",2057,"Ftot",5.04215305776566,"W/m2"
"SSP370_CH4",2058,"Ftot",5.0929795887699,"W/m2"
"SSP370_CH4",2059,"Ftot",5.14379816276737,"W/m2"
"SSP370_CH4",2060,"Ftot",5.19461047560983,"W/m2"
"SSP370_CH4",2061,"Ftot",5.24568667183349,"W/m2"
"SSP370_CH4",2062,"Ftot",5.29675996939107,"W/m2"
"SSP370_CH4",2063,"Ftot",5.34779939870504,"W/m2"
"SSP370_CH4",2064,"Ftot",5.39880412452067,"W/m2"
"SSP370_CH4",2065,"Ftot",5.44977342011288,"W/m2"
"SSP370_CH4",2066,"Ftot",5.50070733229096,"W/m2"
"SSP370_CH4",2067,"Ftot",5.55160604048581,"W/m2"
"SSP370_CH4",2068,"Ftot",5.60246944822893,"W/m2"
"SSP370_CH4",2069,"Ftot",5.65329746546367,"W/m2"
"SSP370_CH4",2070,"Ftot",5.70409014232116,"W/m2"
"SSP370_CH4",2071,"Ftot",5.75471581380278,"W/m2"
"SSP370_CH4",2072,"Ftot",5.80532978598901,"W/m2"
"SSP370_CH4",2073,"Ftot",5.85591937933314,"W/m2"
"SSP370_CH4",2074,"Ftot",5.90648380345287,"W/m2"
"SSP370_CH4",2075,"Ftot",5.95702238797965,"W/m2"
"SSP370_CH4",2076,"Ftot",6.00753469385375,"W/m2"
"SSP370_CH4",2077,"Ftot",6.05802049599164,"W/m2"
"SSP370_CH4",2078,"Ftot",6.10847961417553,"W/m2"
"SSP370_CH4",2079,"Ftot",6.15891197712164,"W/m2"
"SSP370_CH4",2080,"Ftot",6.2093177786826,"W/m2"
"SSP370_CH4",2081,"Ftot",6.26040077413463,"W/m2"
"SSP370_CH4",2082,"Ftot",6.31142148249369,"W/m2"
"SSP370_CH4",2083,"Ftot",6.36243000110426,"W/m2"
"SSP370_CH4",2084,"Ftot",6.41342965299221,"W/m2"
"SSP370_CH4",2085,"Ftot",6.46442359317362,"W/m2"
"SSP370_CH4",2086,"Ftot",6.51541514918183,"W/m2"
"SSP370_CH4",2087,"Ftot",6.56641101540521,"W/m2"
"SSP370_CH4",2088,"Ftot",6.61741957607976,"W/m2"
"SSP370_CH4",2089,"Ftot",6.66844460949642,"W/m2"
"SSP370_CH4",2090,"Ftot",6.7194866243403,"W/m2"
"SSP370_CH4",2091,"Ftot",6.77177390900746,"W/m2"
"SSP370_CH4",2092,"Ftot",6.82414356533546,"W/m2"
"SSP370_CH4",2093,"Ftot",6.87663093485962,"W/m2"
"SSP370_CH4",2094,"Ftot",6.92923153615974,"W/m2"
"SSP370_CH4",2095,"Ftot",6.98194107936261,"W/m2"
"SSP370_CH4",2096,"Ftot",7.03475489072301,"W/m2"
"SSP370_CH4",2097,"Ftot",7.08766806991389,"W/m2"
"SSP370_CH4",2098,"Ftot",7.14067577185607,"W/m2"
"SSP370_CH4",2099,"Ftot",7.19377366702802,"W/m2"
"SSP370_CH4",2100,"Ftot",7.24695836813742,"W/m2"
"SSP370_CH4",2101,"Ftot",7.29715718683021,"W/m2"
"SSP370_CH4",2102,"Ftot",7.34607188658289,"W/m2"
"SSP370_CH4",2103,"Ftot",7.39334553246391,"W/m2"
"SSP370_CH4",2104,"Ftot",7.43907300331201,"W/m2"
"SSP370_CH4",2105,"Ftot",7.4833388726722,"W/m2"
"SSP370_CH4",2106,"Ftot",7.52622142035588,"W/m2"
"SSP370_CH4",2107,"Ftot",7.56779392242915,"W/m2"
"SSP370_CH4",2108,"Ftot",7.6081222985022,"W/m2"
"SSP370_CH4",2109,"Ftot",7.64726586225703,"W/m2"
"SSP370_CH4",2110,"Ftot",7.68527935706789,"W/m2"
"SSP370_CH4",2111,"Ftot",7.72221402132597,"W/m2"
"SSP370_CH4",2112,"Ftot",7.75811754467149,"W/m2"
"SSP370_CH4",2113,"Ftot",7.79303418355642,"W/m2"
"SSP370_CH4",2114,"Ftot",7.8270051863985,"W/m2"
"SSP370_CH4",2115,"Ftot",7.86006910077668,"W/m2"
"SSP370_CH4",2116,"Ftot",7.89226291835915,"W/m2"
"SSP370_CH4",2117,"Ftot",7.92362158079448,"W/m2"
"SSP370_CH4",2118,"Ftot",7.95417673013529,"W/m2"
"SSP370_CH4",2119,"Ftot",7.98395756655698,"W/m2"
"SSP370_CH4",2120,"Ftot",8.01299158522153,"W/m2"
"SSP370_CH4",2121,"Ftot",8.04130471733158,"W/m2"
"SSP370_CH4",2122,"Ftot",8.06892136470562,"W/m2"
"SSP370_CH4",2123,"Ftot",8.09586439515362,"W/m2"
"SSP370_CH4",2124,"Ftot",8.12215576010866,"W/m2"
"SSP370_CH4",2125,"Ftot",8.14781601778644,"W/m2"
"SSP370_CH4",2126,"Ftot",8.1728642533698,"W/m2"
"SSP370_CH4",2127,"Ftot",8.19731856915859,"W/m2"
"SSP370_CH4",2128,"Ftot",8.22119613378106,"W/m2"
"SSP370_CH4",2129,"Ftot",8.2445131763024,"W/m2"
"SSP370_CH4",2130,"Ftot",8.26728502292313,"W/m2"
"SSP370_CH4",2131,"Ftot",8.28952623254948,"W/m2"
"SSP370_CH4",2132,"Ftot",8.31125074828563,"W/m2"
"SSP370_CH4",2133,"Ftot",8.33247197663728,"W/m2"
"SSP370_CH4",2134,"Ftot",8.35320237431993,"W/m2"
"SSP370_CH4",2135,"Ftot",8.37345348020006,"W/m2"
"SSP370_CH4",2136,"Ftot",8.39323624509687,"W/m2"
"SSP370_CH4",2137,"Ftot",8.41256113649712,"W/m2"
"SSP370_CH4",2138,"Ftot",8.43143808052454,"W/m2"
"SSP370_CH4",2139,"Ftot",8.4498765805388,"W/m2"
"SSP370_CH4",2140,"Ftot",8.46788571264304,"W/m2"
"SSP370_CH4",2141,"Ftot",8.48547419027749,"W/m2"
"SSP370_CH4",2142,"Ftot",8.50265025415924,"W/m2"
"SSP370_CH4",2143,"Ftot",8.51942180634609,"W/m2"
"SSP370_CH4",2144,"Ftot",8.53579639346876,"W/m2"
"SSP370_CH4",2145,"Ftot",8.55178119429758,"W/m2"
"SSP370_CH4",2146,"Ftot",8.56738314158455,"W/m2"
"SSP370_CH4",2147,"Ftot",8.58260884164275,"W/m2"
"SSP370_CH4",2148,"Ftot",8.59746445406561,"W/m2"
"SSP370_CH4",2149,"Ftot",8.61195566048485,"W/m2"
"SSP370_CH4",2150,"Ftot",8.62608787595349,"W/m2"
"SSP370_CH4",2151,"Ftot",8.63986649419203,"W/m2"
"SSP370_CH4",2152,"Ftot",8.65333043791637,"W/m2"
"SSP370_CH4",2153,"Ftot",8.66651618745844,"W/m2"
"SSP370_CH4",2154,"Ftot",8.67942690336043,"W/m2"
"SSP370_CH4",2155,"Ftot",8.6920653726511,"W/m2"
"SSP370_CH4",2156,"Ftot",8.70443431887443,"W/m2"
"SSP370_CH4",2157,"Ftot",8.71653633446249,"W/m2"
"SSP370_CH4",2158,"Ftot",8.72837382061567,"W/m2"
"SSP370_CH4",2159,"Ftot",8.73994906977894,"W/m2"
"SSP370_CH4",2160,"Ftot",8.75126428965386,"W/m2"
"SSP370_CH4",2161,"Ftot",8.76232157177368,"W/m2"
"SSP370_CH4",2162,"Ftot",8.77312283379536,"W/m2"
"SSP370_CH4",2163,"Ftot",8.78366994787893,"W/m2"
"SSP370_CH4",2164,"Ftot",8.79396496115484,"W/m2"
"SSP370_CH4",2165,"Ftot",8.80401033888583,"W/m2"
"SSP370_CH4",2166,"Ftot",8.8138085079567,"W/m2"
"SSP370_CH4",2167,"Ftot",8.82336317280132,"W/m2"
"SSP370_CH4",2168,"Ftot",8.83267862439771,"W/m2"
"SSP370_CH4",2169,"Ftot",8.84175729958988,"W/m2"
"SSP370_CH4",2170,"Ftot",8.85059990219742,"W/m2"
"SSP370_CH4",2171,"Ftot",8.85920670149472,"W/m2"
"SSP370_CH4",2172,"Ftot",8.86757885982948,"W/m2"
"SSP370_CH4",2173,"Ftot",8.87571780886032,"W/m2"
"SSP370_CH4",2174,"Ftot",8.88362412003223,"W/m2"
"SSP370_CH4",2175,"Ftot",8.89129776196791,"W/m2"
"SSP370_CH4",2176,"Ftot",8.89873880558939,"W/m2"
"SSP370_CH4",2177,"Ftot",8.90594769477666,"W/m2"
"SSP370_CH4",2178,"Ftot",8.9129253543719,"W/m2"
"SSP370_CH4",2179,"Ftot",8.91967287995093,"W/m2"
"SSP370_CH4",2180,"Ftot",8.92619089336353,"W/m2"
"SSP370_CH4",2181,"Ftot",8.93247943547645,"W/m2"
"SSP370_CH4",2182,"Ftot",8.93853866424736,"W/m2"
"SSP370_CH4",2183,"Ftot",8.94436889960266,"W/m2"
"SSP370_CH4",2184,"Ftot",8.94997032909542,"W/m2"
"SSP370_CH4",2185,"Ftot",8.95534332382833,"W/m2"
"SSP370_CH4",2186,"Ftot",8.96049037148758,"W/m2"
"SSP370_CH4",2187,"Ftot",8.96541434513213,"W/m2"
"SSP370_CH4",2188,"Ftot",8.97011563131779,"W/m2"
"SSP370_CH4",2189,"Ftot",8.97459344775952,"W/m2"
"SSP370_CH4",2190,"Ftot",8.97884707682267,"W/m2"
"SSP370_CH4",2191,"Ftot",8.98287604582003,"W/m2"
"SSP370_CH4",2192,"Ftot",8.98667992748183,"W/m2"
"SSP370_CH4",2193,"Ftot",8.99025838349423,"W/m2"
"SSP370_CH4",2194,"Ftot",8.99361122325112,"W/m2"
"SSP370_CH4",2195,"Ftot",8.99674137915472,"W/m2"
"SSP370_CH4",2196,"Ftot",8.99965299258305,"W/m2"
"SSP370_CH4",2197,"Ftot",9.0023467722799,"W/m2"
"SSP370_CH4",2198,"Ftot",9.00482128332421,"W/m2"
"SSP370_CH4",2199,"Ftot",9.00707475950455,"W/m2"
"SSP370_CH4",2200,"Ftot",9.00934836933579,"W/m2"
"SSP370_CH4",2201,"Ftot",9.01080302030804,"W/m2"
"SSP370_CH4",2202,"Ftot",9.0125579735249,"W/m2"
"SSP370_CH4",2203,"Ftot",9.01389124168039,"W/m2"
"SSP370_CH4",2204,"Ftot",9.01502365223132,"W/m2"
"SSP370_CH4",2205,"Ftot",9.01593123414838,"W/m2"
"SSP370_CH4",2206,"Ftot",9.01661192992702,"W/m2"
"SSP370_CH4",2207,"Ftot",9.01706677785438,"W/m2"
"SSP370_CH4",2208,"Ftot",9.01729559790919,"W/m2"
"SSP370_CH4",2209,"Ftot",9.01729855353008,"W/m2"
"SSP370_CH4",2210,"Ftot",9.01707619808543,"W/m2"
"SSP370_CH4",2211,"Ftot",9.01662902139058,"W/m2"
"SSP370_CH4",2212,"Ftot",9.01595730553964,"W/m2"
"SSP370_CH4",2213,"Ftot",9.01506117205631,"W/m2"
"SSP370_CH4",2214,"Ftot",9.01394066142916,"W/m2"
"SSP370_CH4",2215,"Ftot",9.01259578821272,"W/m2"
"SSP370_CH4",2216,"Ftot",9.01102659463059,"W/m2"
"SSP370_CH4",2217,"Ftot",9.00923303867919,"W/m2"
"SSP370_CH4",2218,"Ftot",9.00721511045079,"W/m2"
"SSP370_CH4",2219,"Ftot",9.00497245087326,"W/m2"
"SSP370_CH4",2220,"Ftot",9.00250470740464,"W/m2"
"SSP370_CH4",2221,"Ftot",8.99981156834868,"W/m2"
"SSP370_CH4",2222,"Ftot",8.99689273399203,"W/m2"
"SSP370_CH4",2223,"Ftot",8.99398771047637,"W/m2"
"SSP370_CH4",2224,"Ftot",8.99026506940901,"W/m2"
"SSP370_CH4",2225,"Ftot",8.9868329569567,"W/m2"
"SSP370_CH4",2226,"Ftot",8.98298502222881,"W/m2"
"SSP370_CH4",2227,"Ftot",8.97893153192515,"W/m2"
"SSP370_CH4",2228,"Ftot",8.97465223252976,"W/m2"
"SSP370_CH4",2229,"Ftot",8.97014422612755,"W/m2"
"SSP370_CH4",2230,"Ftot",8.96540824742837,"W/m2"
"SSP370_CH4",2231,"Ftot",8.96044384893825,"W/m2"
"SSP370_CH4",2232,"Ftot",8.95525067607291,"W/m2"
"SSP370_CH4",2233,"Ftot",8.94982837553703,"W/m2"
"SSP370_CH4",2234,"Ftot",8.94417657310556,"W/m2"
"SSP370_CH4",2235,"Ftot",8.93829488064054,"W/m2"
"SSP370_CH4",2236,"Ftot",8.9321828956254,"W/m2"
"SSP370_CH4",2237,"Ftot",8.92584020147127,"W/m2"
"SSP370_CH4",2238,"Ftot",8.91926636774768,"W/m2"
"SSP370_CH4",2239,"Ftot",8.91246095018272,"W/m2"
"SSP370_CH4",2240,"Ftot",8.90542349055345,"W/m2"
"SSP370_CH4",2241,"Ftot",8.8981535165249,"W/m2"
"SSP370_CH4",2242,"Ftot",8.89065054140884,"W/m2"
"SSP370_CH4",2243,"Ftot",8.88291406394089,"W/m2"
"SSP370_CH4",2244,"Ftot",8.8749435679951,"W/m2"
"SSP370_CH4",2245,"Ftot",8.86697048647588,"W/m2"
"SSP370_CH4",2246,"Ftot",8.85819194814339,"W/m2"
"SSP370_CH4",2247,"Ftot",8.84966866976132,"W/m2"
"SSP370_CH4",2248,"Ftot",8.84073441962554,"W/m2"
"SSP370_CH4",2249,"Ftot",8.8315844229772,"W/m2"
"SSP370_CH4",2250,"Ftot",8.82219835496909,"W/m2"
"SSP370_CH4",2251,"Ftot",8.81089104713117,"W/m2"
"SSP370_CH4",2252,"Ftot",8.79988752998532,"W/m2"
"SSP370_CH4",2253,"Ftot",8.78929926157613,"W/m2"
"SSP370_CH4",2254,"Ftot",8.77909547653844,"W/m2"
"SSP370_CH4",2255,"Ftot",8.76924766837457,"W/m2"
"SSP370_CH4",2256,"Ftot",8.75973024300186,"W/m2"
"SSP370_CH4",2257,"Ftot",8.75051976787803,"W/m2"
"SSP370_CH4",2258,"Ftot",8.74159464332684,"W/m2"
"SSP370_CH4",2259,"Ftot",8.73293491156473,"W/m2"
"SSP370_CH4",2260,"Ftot",8.72452210674173,"W/m2"
"SSP370_CH4",2261,"Ftot",8.71633913275613,"W/m2"
"SSP370_CH4",2262,"Ftot",8.70837015666937,"W/m2"
"SSP370_CH4",2263,"Ftot",8.70060051246159,"W/m2"
"SSP370_CH4",2264,"Ftot",8.69301661272926,"W/m2"
"SSP370_CH4",2265,"Ftot",8.68560586620652,"W/m2"
"SSP370_CH4",2266,"Ftot",8.67835660226632,"W/m2"
"SSP370_CH4",2267,"Ftot",8.6712580010612,"W/m2"
"SSP370_CH4",2268,"Ftot",8.66430002865696,"W/m2"
"SSP370_CH4",2269,"Ftot",8.65747337686534,"W/m2"
"SSP370_CH4",2270,"Ftot",8.65076940750038,"W/m2"
"SSP370_CH4",2271,"Ftot",8.64418010078703,"W/m2"
"SSP370_CH4",2272,"Ftot",8.63769800766031,"W/m2"
"SSP370_CH4",2273,"Ftot",8.63131620569745,"W/m2"
"SSP370_CH4",2274,"Ftot",8.62502825843689,"W/m2"
"SSP370_CH4",2275,"Ftot",8.61882817827069,"W/m2"
"SSP370_CH4",2276,"Ftot",8.61271039168186,"W/m2"
"SSP370_CH4",2277,"Ftot",8.60666970722161,"W/m2"
"SSP370_CH4",2278,"Ftot",8.60070128605866,"W/m2"
"SSP370_CH4",2279,"Ftot",8.5948006148809,"W/m2"
"SSP370_CH4",2280,"Ftot",8.58896348096111,"W/m2"
"SSP370_CH4",2281,"Ftot",8.58318594921619,"W/m2"
"SSP370_CH4",2282,"Ftot",8.57746434110186,"W/m2"
"SSP370_CH4",2283,"Ftot",8.57179521519859,"W/m2"
"SSP370_CH4",2284,"Ftot",8.56617534935283,"W/m2"
"SSP370_CH4",2285,"Ftot",8.56060172198003,"W/m2"
"SSP370_CH4",2286,"Ftot",8.5550714975176,"W/m2"
"SSP370_CH4",2287,"Ftot",8.54958201306647,"W/m2"
"SSP370_CH4",2288,"Ftot",8.54413076589824,"W/m2"
"SSP370_CH4",2289,"Ftot",8.53871540187542,"W/m2"
"SSP370_CH4",2290,"Ftot",8.5333337047444,"W/m2"
"SSP370_CH4",2291,"Ftot",8.52798358623957,"W/m2"
"SSP370_CH4",2292,"Ftot",8.5226630769363,"W/m2"
"SSP370_CH4",2293,"Ftot",8.51737031781714,"W/m2"
"SSP370_CH4",2294,"Ftot",8.51210355250652,"W/m2"
"SSP370_CH4",2295,"Ftot",8.50686111614135,"W/m2"
"SSP370_CH4",2296,"Ftot",8.50164142935891,"W/m2"
"SSP370_CH4",2297,"Ftot",8.49644299300935,"W/m2"
"SSP370_CH4",2298,"Ftot",8.49126438301782,"W/m2"
"SSP370_CH4",2299,"Ftot",8.48610424553471,"W/m2"
"SSP370_CH4",2300,"Ftot",8.48096129240416,"W/m2"
"SSP370_CH4",1850,"Tgav",0.11714020702554,"degC"
"SSP370_CH4",1851,"Tgav",0.122124591991989,"degC"
"SSP370_CH4",1852,"Tgav",0.128571608166981,"degC"
"SSP370_CH4",1853,"Tgav",0.135822647639025,"degC"
"SSP370_CH4",1854,"Tgav",0.142684329246122,"degC"
"SSP370_CH4",1855,"Tgav",0.137851332844833,"degC"
"SSP370_CH4",1856,"Tgav",0.0943666666554113,"degC"
"SSP370_CH4",1857,"Tgav",0.0377118072679191,"degC"
"SSP370_CH4",1858,"Tgav",0.02237900608797,"degC"
"SSP370_CH4",1859,"Tgav",0.0423519732660814,"degC"
"SSP370_CH4",1860,"Tgav",0.0689569846447355,"degC"
"SSP370_CH4",1861,"Tgav",0.087541782287272,"degC"
"SSP370_CH4",1862,"Tgav",0.0933487345894605,"degC"
"SSP370_CH4",1863,"Tgav",0.0983746276212696,"degC"
"SSP370_CH4",1864,"Tgav",0.110313073392515,"degC"
"SSP370_CH4",1865,"Tgav",0.124250005402407,"degC"
"SSP370_CH4",1866,"Tgav",0.137358996486239,"degC"
"SSP370_CH4",1867,"Tgav",0.148512745642835,"degC"
"SSP370_CH4",1868,"Tgav",0.157691887239198,"degC"
"SSP370_CH4",1869,"Tgav",0.164665220945669,"degC"
"SSP370_CH4",1870,"Tgav",0.170282744087937,"degC"
"SSP370_CH4",1871,"Tgav",0.175573356390908,"degC"
"SSP370_CH4",1872,"Tgav",0.179243893534166,"degC"
"SSP370_CH4",1873,"Tgav",0.181311346464658,"degC"
"SSP370_CH4",1874,"Tgav",0.184600173644304,"degC"
"SSP370_CH4",1875,"Tgav",0.187633750257234,"degC"
"SSP370_CH4",1876,"Tgav",0.186948249780991,"degC"
"SSP370_CH4",1877,"Tgav",0.18675495272082,"degC"
"SSP370_CH4",1878,"Tgav",0.190445548830516,"degC"
"SSP370_CH4",1879,"Tgav",0.19570843987078,"degC"
"SSP370_CH4",1880,"Tgav",0.20105931922921,"degC"
"SSP370_CH4",1881,"Tgav",0.206631970142871,"degC"
"SSP370_CH4",1882,"Tgav",0.201718544316888,"degC"
"SSP370_CH4",1883,"Tgav",0.118752424310098,"degC"
"SSP370_CH4",1884,"Tgav",-0.0129312040525703,"degC"
"SSP370_CH4",1885,"Tgav",-0.0630875812986548,"degC"
"SSP370_CH4",1886,"Tgav",-0.0510714836184401,"degC"
"SSP370_CH4",1887,"Tgav",-0.0305454922791917,"degC"
"SSP370_CH4",1888,"Tgav",-0.00929031401531195,"degC"
"SSP370_CH4",1889,"Tgav",-0.000421327201755684,"degC"
"SSP370_CH4",1890,"Tgav",-0.00106123718697597,"degC"
"SSP370_CH4",1891,"Tgav",0.00353749049250792,"degC"
"SSP370_CH4",1892,"Tgav",0.0225353435522128,"degC"
"SSP370_CH4",1893,"Tgav",0.0507149532977525,"degC"
"SSP370_CH4",1894,"Tgav",0.081534063854569,"degC"
"SSP370_CH4",1895,"Tgav",0.104354494714902,"degC"
"SSP370_CH4",1896,"Tgav",0.108730970707631,"degC"
"SSP370_CH4",1897,"Tgav",0.104542548266725,"degC"
"SSP370_CH4",1898,"Tgav",0.110740614156632,"degC"
"SSP370_CH4",1899,"Tgav",0.125978146795023,"degC"
"SSP370_CH4",1900,"Tgav",0.142726593501734,"degC"
"SSP370_CH4",1901,"Tgav",0.155203351559551,"degC"
"SSP370_CH4",1902,"Tgav",0.126188721769284,"degC"
"SSP370_CH4",1903,"Tgav",0.0669092682069369,"degC"
"SSP370_CH4",1904,"Tgav",0.0469595540147849,"degC"
"SSP370_CH4",1905,"Tgav",0.0665053849013008,"degC"
"SSP370_CH4",1906,"Tgav",0.091223688393483,"degC"
"SSP370_CH4",1907,"Tgav",0.105395394222376,"degC"
"SSP370_CH4",1908,"Tgav",0.117671435531606,"degC"
"SSP370_CH4",1909,"Tgav",0.132813674127005,"degC"
"SSP370_CH4",1910,"Tgav",0.147589362337198,"degC"
"SSP370_CH4",1911,"Tgav",0.160599339695503,"degC"
"SSP370_CH4",1912,"Tgav",0.149591399975894,"degC"
"SSP370_CH4",1913,"Tgav",0.129943767917993,"degC"
"SSP370_CH4",1914,"Tgav",0.136325578546449,"degC"
"SSP370_CH4",1915,"Tgav",0.153734460891851,"degC"
"SSP370_CH4",1916,"Tgav",0.168242196976542,"degC"
"SSP370_CH4",1917,"Tgav",0.179467693932731,"degC"
"SSP370_CH4",1918,"Tgav",0.1894919085741,"degC"
"SSP370_CH4",1919,"Tgav",0.201241323139732,"degC"
"SSP370_CH4",1920,"Tgav",0.202130562263361,"degC"
"SSP370_CH4",1921,"Tgav",0.205766032901413,"degC"
"SSP370_CH4",1922,"Tgav",0.216653793199167,"degC"
"SSP370_CH4",1923,"Tgav",0.224960557809713,"degC"
"SSP370_CH4",1924,"Tgav",0.231107080289305,"degC"
"SSP370_CH4",1925,"Tgav",0.236885549355951,"degC"
"SSP370_CH4",1926,"Tgav",0.242978427909548,"degC"
"SSP370_CH4",1927,"Tgav",0.247464845704717,"degC"
"SSP370_CH4",1928,"Tgav",0.247786759862206,"degC"
"SSP370_CH4",1929,"Tgav",0.242999988552329,"degC"
"SSP370_CH4",1930,"Tgav",0.244608660370308,"degC"
"SSP370_CH4",1931,"Tgav",0.253304209959151,"degC"
"SSP370_CH4",1932,"Tgav",0.261977502953581,"degC"
"SSP370_CH4",1933,"Tgav",0.268821047500803,"degC"
"SSP370_CH4",1934,"Tgav",0.276112653115062,"degC"
"SSP370_CH4",1935,"Tgav",0.281646504579319,"degC"
"SSP370_CH4",1936,"Tgav",0.286207567899421,"degC"
"SSP370_CH4",1937,"Tgav",0.288799560705514,"degC"
"SSP370_CH4",1938,"Tgav",0.292858970364679,"degC"
"SSP370_CH4",1939,"Tgav",0.295609016052349,"degC"
"SSP370_CH4",1940,"Tgav",0.297994430718301,"degC"
"SSP370_CH4",1941,"Tgav",0.300878735860811,"degC"
"SSP370_CH4",1942,"Tgav",0.301609338431612,"degC"
"SSP370_CH4",1943,"Tgav",0.302666336513157,"degC"
"SSP370_CH4",1944,"Tgav",0.30769087247283,"degC"
"SSP370_CH4",1945,"Tgav",0.318111955661879,"degC"
"SSP370_CH4",1946,"Tgav",0.328972752484812,"degC"
"SSP370_CH4",1947,"Tgav",0.334137897141224,"degC"
"SSP370_CH4",1948,"Tgav",0.337985586895313,"degC"
"SSP370_CH4",1949,"Tgav",0.342713167132939,"degC"
"SSP370_CH4",1950,"Tgav",0.344827195432693,"degC"
"SSP370_CH4",1951,"Tgav",0.347627647819339,"degC"
"SSP370_CH4",1952,"Tgav",0.351048666485208,"degC"
"SSP370_CH4",1953,"Tgav",0.354894657867092,"degC"
"SSP370_CH4",1954,"Tgav",0.361041422157275,"degC"
"SSP370_CH4",1955,"Tgav",0.367509715579614,"degC"
"SSP370_CH4",1956,"Tgav",0.373781916046655,"degC"
"SSP370_CH4",1957,"Tgav",0.38081436461706,"degC"
"SSP370_CH4",1958,"Tgav",0.390306664453017,"degC"
"SSP370_CH4",1959,"Tgav",0.399022696688795,"degC"
"SSP370_CH4",1960,"Tgav",0.401086123354408,"degC"
"SSP370_CH4",1961,"Tgav",0.389756555292747,"degC"
"SSP370_CH4",1962,"Tgav",0.376891236204645,"degC"
"SSP370_CH4",1963,"Tgav",0.327068737716739,"degC"
"SSP370_CH4",1964,"Tgav",0.257506832436133,"degC"
"SSP370_CH4",1965,"Tgav",0.233704103450774,"degC"
"SSP370_CH4",1966,"Tgav",0.254564213366453,"degC"
"SSP370_CH4",1967,"Tgav",0.286696611458364,"degC"
"SSP370_CH4",1968,"Tgav",0.294409596612496,"degC"
"SSP370_CH4",1969,"Tgav",0.293595640143591,"degC"
"SSP370_CH4",1970,"Tgav",0.314738336973717,"degC"
"SSP370_CH4",1971,"Tgav",0.35182392896324,"degC"
"SSP370_CH4",1972,"Tgav",0.386252081632022,"degC"
"SSP370_CH4",1973,"Tgav",0.410477532453223,"degC"
"SSP370_CH4",1974,"Tgav",0.421138790462671,"degC"
"SSP370_CH4",1975,"Tgav",0.426202486132393,"degC"
"SSP370_CH4",1976,"Tgav",0.443136916163962,"degC"
"SSP370_CH4",1977,"Tgav",0.47541319290107,"degC"
"SSP370_CH4",1978,"Tgav",0.504516520021214,"degC"
"SSP370_CH4",1979,"Tgav",0.529043313134517,"degC"
"SSP370_CH4",1980,"Tgav",0.556889665370549,"degC"
"SSP370_CH4",1981,"Tgav",0.5795293739467,"degC"
"SSP370_CH4",1982,"Tgav",0.543632011182236,"degC"
"SSP370_CH4",1983,"Tgav",0.494516172173302,"degC"
"SSP370_CH4",1984,"Tgav",0.510910819768454,"degC"
"SSP370_CH4",1985,"Tgav",0.559238014204943,"degC"
"SSP370_CH4",1986,"Tgav",0.606632325915374,"degC"
"SSP370_CH4",1987,"Tgav",0.647966574380365,"degC"
"SSP370_CH4",1988,"Tgav",0.688464127949688,"degC"
"SSP370_CH4",1989,"Tgav",0.726874087026284,"degC"
"SSP370_CH4",1990,"Tgav",0.761473113810311,"degC"
"SSP370_CH4",1991,"Tgav",0.70986366460367,"degC"
"SSP370_CH4",1992,"Tgav",0.621683527877757,"degC"
"SSP370_CH4",1993,"Tgav",0.624217097066584,"degC"
"SSP370_CH4",1994,"Tgav",0.685445827634919,"degC"
"SSP370_CH4",1995,"Tgav",0.757287796980018,"degC"
"SSP370_CH4",1996,"Tgav",0.820859268399942,"degC"
"SSP370_CH4",1997,"Tgav",0.870437882786596,"degC"
"SSP370_CH4",1998,"Tgav",0.917432294940021,"degC"
"SSP370_CH4",1999,"Tgav",0.966674218118192,"degC"
"SSP370_CH4",2000,"Tgav",1.01111536648202,"degC"
"SSP370_CH4",2001,"Tgav",1.05031602918777,"degC"
"SSP370_CH4",2002,"Tgav",1.08280244505693,"degC"
"SSP370_CH4",2003,"Tgav",1.11102583173426,"degC"
"SSP370_CH4",2004,"Tgav",1.13983917491282,"degC"
"SSP370_CH4",2005,"Tgav",1.16286952944692,"degC"
"SSP370_CH4",2006,"Tgav",1.17485181890079,"degC"
"SSP370_CH4",2007,"Tgav",1.18764179517173,"degC"
"SSP370_CH4",2008,"Tgav",1.20548550007239,"degC"
"SSP370_CH4",2009,"Tgav",1.22724725855964,"degC"
"SSP370_CH4",2010,"Tgav",1.25085596026664,"degC"
"SSP370_CH4",2011,"Tgav",1.2748399889174,"degC"
"SSP370_CH4",2012,"Tgav",1.29771502349794,"degC"
"SSP370_CH4",2013,"Tgav",1.32255190173927,"degC"
"SSP370_CH4",2014,"Tgav",1.34618179498788,"degC"
"SSP370_CH4",2015,"Tgav",1.37916874584737,"degC"
"SSP370_CH4",2016,"Tgav",1.41193961009445,"degC"
"SSP370_CH4",2017,"Tgav",1.44351030698114,"degC"
"SSP370_CH4",2018,"Tgav",1.47462257563562,"degC"
"SSP370_CH4",2019,"Tgav",1.50567846332362,"degC"
"SSP370_CH4",2020,"Tgav",1.53690434372943,"degC"
"SSP370_CH4",2021,"Tgav",1.56753137622086,"degC"
"SSP370_CH4",2022,"Tgav",1.59774134952017,"degC"
"SSP370_CH4",2023,"Tgav",1.62774042864984,"degC"
"SSP370_CH4",2024,"Tgav",1.65764895236306,"degC"
"SSP370_CH4",2025,"Tgav",1.6875447594383,"degC"
"SSP370_CH4",2026,"Tgav",1.71748037074318,"degC"
"SSP370_CH4",2027,"Tgav",1.74749233059634,"degC"
"SSP370_CH4",2028,"Tgav",1.77760665241686,"degC"
"SSP370_CH4",2029,"Tgav",1.80784217251676,"degC"
"SSP370_CH4",2030,"Tgav",1.8382126964291,"degC"
"SSP370_CH4",2031,"Tgav",1.86869889053577,"degC"
"SSP370_CH4",2032,"Tgav",1.89929253539412,"degC"
"SSP370_CH4",2033,"Tgav",1.92997681516317,"degC"
"SSP370_CH4",2034,"Tgav",1.96073998767289,"degC"
"SSP370_CH4",2035,"Tgav",1.99157532601218,"degC"
"SSP370_CH4",2036,"Tgav",2.02247898266178,"degC"
"SSP370_CH4",2037,"Tgav",2.05344868202537,"degC"
"SSP370_CH4",2038,"Tgav",2.08448321315936,"degC"
"SSP370_CH4",2039,"Tgav",2.1155823945833,"degC"
"SSP370_CH4",2040,"Tgav",2.1467466771828,"degC"
"SSP370_CH4",2041,"Tgav",2.17779451685955,"degC"
"SSP370_CH4",2042,"Tgav",2.20876135310372,"degC"
"SSP370_CH4",2043,"Tgav",2.23968885105426,"degC"
"SSP370_CH4",2044,"Tgav",2.27060067914114,"degC"
"SSP370_CH4",2045,"Tgav",2.30151194221226,"degC"
"SSP370_CH4",2046,"Tgav",2.33243276491459,"degC"
"SSP370_CH4",2047,"Tgav",2.36337019949995,"degC"
"SSP370_CH4",2048,"Tgav",2.39432930810718,"degC"
"SSP370_CH4",2049,"Tgav",2.42531379612314,"degC"
"SSP370_CH4",2050,"Tgav",2.45632640890343,"degC"
"SSP370_CH4",2051,"Tgav",2.48743904374799,"degC"
"SSP370_CH4",2052,"Tgav",2.51864332034818,"degC"
"SSP370_CH4",2053,"Tgav",2.5499234201278,"degC"
"SSP370_CH4",2054,"Tgav",2.58126962327348,"degC"
"SSP370_CH4",2055,"Tgav",2.61267547163422,"degC"
"SSP370_CH4",2056,"Tgav",2.64413633351977,"degC"
"SSP370_CH4",2057,"Tgav",2.67564868462363,"degC"
"SSP370_CH4",2058,"Tgav",2.70720971970882,"degC"
"SSP370_CH4",2059,"Tgav",2.7388171811866,"degC"
"SSP370_CH4",2060,"Tgav",2.77046939211118,"degC"
"SSP370_CH4",2061,"Tgav",2.80218834718179,"degC"
"SSP370_CH4",2062,"Tgav",2.83396937960349,"degC"
"SSP370_CH4",2063,"Tgav",2.86580336738892,"degC"
"SSP370_CH4",2064,"Tgav",2.89768381801014,"degC"
"SSP370_CH4",2065,"Tgav",2.929606055231,"degC"
"SSP370_CH4",2066,"Tgav",2.96156654681996,"degC"
"SSP370_CH4",2067,"Tgav",2.99356251518648,"degC"
"SSP370_CH4",2068,"Tgav",3.02559167235931,"degC"
"SSP370_CH4",2069,"Tgav",3.05765207544545,"degC"
"SSP370_CH4",2070,"Tgav",3.08974204853893,"degC"
"SSP370_CH4",2071,"Tgav",3.12184871734892,"degC"
"SSP370_CH4",2072,"Tgav",3.15397463595108,"degC"
"SSP370_CH4",2073,"Tgav",3.18612196698565,"degC"
"SSP370_CH4",2074,"Tgav",3.21829150144369,"degC"
"SSP370_CH4",2075,"Tgav",3.25048345884974,"degC"
"SSP370_CH4",2076,"Tgav",3.28269774927914,"degC"
"SSP370_CH4",2077,"Tgav",3.31493411624703,"degC"
"SSP370_CH4",2078,"Tgav",3.34719220578833,"degC"
"SSP370_CH4",2079,"Tgav",3.37947161202087,"degC"
"SSP370_CH4",2080,"Tgav",3.41177192090973,"degC"
"SSP370_CH4",2081,"Tgav",3.44415362472054,"degC"
"SSP370_CH4",2082,"Tgav",3.47660341257335,"degC"
"SSP370_CH4",2083,"Tgav",3.50910793119434,"degC"
"SSP370_CH4",2084,"Tgav",3.54165997541806,"degC"
"SSP370_CH4",2085,"Tgav",3.57425504594895,"degC"
"SSP370_CH4",2086,"Tgav",3.60689026353708,"degC"
"SSP370_CH4",2087,"Tgav",3.63956407543046,"degC"
"SSP370_CH4",2088,"Tgav",3.67227601726819,"degC"
"SSP370_CH4",2089,"Tgav",3.70502601498631,"degC"
"SSP370_CH4",2090,"Tgav",3.73781395648774,"degC"
"SSP370_CH4",2091,"Tgav",3.77074598256834,"degC"
"SSP370_CH4",2092,"Tgav",3.80381046219555,"degC"
"SSP370_CH4",2093,"Tgav",3.83698939862998,"degC"
"SSP370_CH4",2094,"Tgav",3.87027269670657,"degC"
"SSP370_CH4",2095,"Tgav",3.90365375585907,"degC"
"SSP370_CH4",2096,"Tgav",3.93712784924514,"degC"
"SSP370_CH4",2097,"Tgav",3.97069130578446,"degC"
"SSP370_CH4",2098,"Tgav",4.0043410888795,"degC"
"SSP370_CH4",2099,"Tgav",4.0380745973655,"degC"
"SSP370_CH4",2100,"Tgav",4.07188959206482,"degC"
"SSP370_CH4",2101,"Tgav",4.10551837657383,"degC"
"SSP370_CH4",2102,"Tgav",4.13888366673682,"degC"
"SSP370_CH4",2103,"Tgav",4.17191787379332,"degC"
"SSP370_CH4",2104,"Tgav",4.20456993679181,"degC"
"SSP370_CH4",2105,"Tgav",4.23680617991982,"degC"
"SSP370_CH4",2106,"Tgav",4.26860461779684,"degC"
"SSP370_CH4",2107,"Tgav",4.29995153076001,"degC"
"SSP370_CH4",2108,"Tgav",4.33083897191438,"degC"
"SSP370_CH4",2109,"Tgav",4.36126304370698,"degC"
"SSP370_CH4",2110,"Tgav",4.39122282157019,"degC"
"SSP370_CH4",2111,"Tgav",4.42071964580939,"degC"
"SSP370_CH4",2112,"Tgav",4.4497565642832,"degC"
"SSP370_CH4",2113,"Tgav",4.47833788961335,"degC"
"SSP370_CH4",2114,"Tgav",4.50646887378485,"degC"
"SSP370_CH4",2115,"Tgav",4.53415546484456,"degC"
"SSP370_CH4",2116,"Tgav",4.56140419802074,"degC"
"SSP370_CH4",2117,"Tgav",4.58822205485083,"degC"
"SSP370_CH4",2118,"Tgav",4.61461622059048,"degC"
"SSP370_CH4",2119,"Tgav",4.64059394909393,"degC"
"SSP370_CH4",2120,"Tgav",4.66616251923618,"degC"
"SSP370_CH4",2121,"Tgav",4.69132920289688,"degC"
"SSP370_CH4",2122,"Tgav",4.71610122821372,"degC"
"SSP370_CH4",2123,"Tgav",4.74048573852127,"degC"
"SSP370_CH4",2124,"Tgav",4.76448980406041,"degC"
"SSP370_CH4",2125,"Tgav",4.78812038497662,"degC"
"SSP370_CH4",2126,"Tgav",4.81138428310035,"degC"
"SSP370_CH4",2127,"Tgav",4.83428814166616,"degC"
"SSP370_CH4",2128,"Tgav",4.85683844736618,"degC"
"SSP370_CH4",2129,"Tgav",4.87904152465775,"degC"
"SSP370_CH4",2130,"Tgav",4.90090352910517,"degC"
"SSP370_CH4",2131,"Tgav",4.92243044993709,"degC"
"SSP370_CH4",2132,"Tgav",4.94362812213628,"degC"
"SSP370_CH4",2133,"Tgav",4.96450223967514,"degC"
"SSP370_CH4",2134,"Tgav",4.98505832676035,"degC"
"SSP370_CH4",2135,"Tgav",5.00530171295902,"degC"
"SSP370_CH4",2136,"Tgav",5.0252375422454,"degC"
"SSP370_CH4",2137,"Tgav",5.04487078931305,"degC"
"SSP370_CH4",2138,"Tgav",5.06420626442356,"degC"
"SSP370_CH4",2139,"Tgav",5.08324862438892,"degC"
"SSP370_CH4",2140,"Tgav",5.10200237978951,"degC"
"SSP370_CH4",2141,"Tgav",5.12047190426533,"degC"
"SSP370_CH4",2142,"Tgav",5.13866143126805,"degC"
"SSP370_CH4",2143,"Tgav",5.15657506122755,"degC"
"SSP370_CH4",2144,"Tgav",5.17421676596185,"degC"
"SSP370_CH4",2145,"Tgav",5.19159038967648,"degC"
"SSP370_CH4",2146,"Tgav",5.20869965945298,"degC"
"SSP370_CH4",2147,"Tgav",5.22554818651661,"degC"
"SSP370_CH4",2148,"Tgav",5.2421394552591,"degC"
"SSP370_CH4",2149,"Tgav",5.25847681107344,"degC"
"SSP370_CH4",2150,"Tgav",5.27456346922324,"degC"
"SSP370_CH4",2151,"Tgav",5.290402543984,"degC"
"SSP370_CH4",2152,"Tgav",5.30599997558965,"degC"
"SSP370_CH4",2153,"Tgav",5.3213638701777,"degC"
"SSP370_CH4",2154,"Tgav",5.33650096393371,"degC"
"SSP370_CH4",2155,"Tgav",5.35141669305115,"degC"
"SSP370_CH4",2156,"Tgav",5.36611565037921,"degC"
"SSP370_CH4",2157,"Tgav",5.38060183696275,"degC"
"SSP370_CH4",2158,"Tgav",5.39487880743921,"degC"
"SSP370_CH4",2159,"Tgav",5.40894976961057,"degC"
"SSP370_CH4",2160,"Tgav",5.42281765478032,"degC"
"SSP370_CH4",2161,"Tgav",5.43648516460867,"degC"
"SSP370_CH4",2162,"Tgav",5.44995479972845,"degC"
"SSP370_CH4",2163,"Tgav",5.46322889177479,"degC"
"SSP370_CH4",2164,"Tgav",5.47630964797001,"degC"
"SSP370_CH4",2165,"Tgav",5.48919920748481,"degC"
"SSP370_CH4",2166,"Tgav",5.50189964605129,"degC"
"SSP370_CH4",2167,"Tgav",5.51441308994776,"degC"
"SSP370_CH4",2168,"Tgav",5.52674175426073,"degC"
"SSP370_CH4",2169,"Tgav",5.53888775284151,"degC"
"SSP370_CH4",2170,"Tgav",5.55085295064121,"degC"
"SSP370_CH4",2171,"Tgav",5.56263897532825,"degC"
"SSP370_CH4",2172,"Tgav",5.57424735188,"degC"
"SSP370_CH4",2173,"Tgav",5.5856795544296,"degC"
"SSP370_CH4",2174,"Tgav",5.59693693642416,"degC"
"SSP370_CH4",2175,"Tgav",5.60802069251006,"degC"
"SSP370_CH4",2176,"Tgav",5.61893189693943,"degC"
"SSP370_CH4",2177,"Tgav",5.62967156121171,"degC"
"SSP370_CH4",2178,"Tgav",5.64024068626511,"degC"
"SSP370_CH4",2179,"Tgav",5.65064027431314,"degC"
"SSP370_CH4",2180,"Tgav",5.6608712795547,"degC"
"SSP370_CH4",2181,"Tgav",5.67093455875339,"degC"
"SSP370_CH4",2182,"Tgav",5.68083089673715,"degC"
"SSP370_CH4",2183,"Tgav",5.69056103584197,"degC"
"SSP370_CH4",2184,"Tgav",5.70012567078334,"degC"
"SSP370_CH4",2185,"Tgav",5.70952546928349,"degC"
"SSP370_CH4",2186,"Tgav",5.71876125828844,"degC"
"SSP370_CH4",2187,"Tgav",5.72783402828198,"degC"
"SSP370_CH4",2188,"Tgav",5.73674466964408,"degC"
"SSP370_CH4",2189,"Tgav",5.74549387265179,"degC"
"SSP370_CH4",2190,"Tgav",5.7540821801665,"degC"
"SSP370_CH4",2191,"Tgav",5.76251004957301,"degC"
"SSP370_CH4",2192,"Tgav",5.77077787731685,"degC"
"SSP370_CH4",2193,"Tgav",5.7788860167424,"degC"
"SSP370_CH4",2194,"Tgav",5.78683479672963,"degC"
"SSP370_CH4",2195,"Tgav",5.79462479369912,"degC"
"SSP370_CH4",2196,"Tgav",5.80225689310901,"degC"
"SSP370_CH4",2197,"Tgav",5.80973191148948,"degC"
"SSP370_CH4",2198,"Tgav",5.81705039541501,"degC"
"SSP370_CH4",2199,"Tgav",5.82421265455589,"degC"
"SSP370_CH4",2200,"Tgav",5.83123985796178,"degC"
"SSP370_CH4",2201,"Tgav",5.83807718653035,"degC"
"SSP370_CH4",2202,"Tgav",5.84477334241198,"degC"
"SSP370_CH4",2203,"Tgav",5.8513134030538,"degC"
"SSP370_CH4",2204,"Tgav",5.85769684211877,"degC"
"SSP370_CH4",2205,"Tgav",5.86392446011782,"degC"
"SSP370_CH4",2206,"Tgav",5.86999626550256,"degC"
"SSP370_CH4",2207,"Tgav",5.87591237023318,"degC"
"SSP370_CH4",2208,"Tgav",5.88167288903902,"degC"
"SSP370_CH4",2209,"Tgav",5.88727794959526,"degC"
"SSP370_CH4",2210,"Tgav",5.89272772579293,"degC"
"SSP370_CH4",2211,"Tgav",5.89802242173228,"degC"
"SSP370_CH4",2212,"Tgav",5.90316224334665,"degC"
"SSP370_CH4",2213,"Tgav",5.90814738174496,"degC"
"SSP370_CH4",2214,"Tgav",5.91297800895203,"degC"
"SSP370_CH4",2215,"Tgav",5.91765428007933,"degC"
"SSP370_CH4",2216,"Tgav",5.92217633956569,"degC"
"SSP370_CH4",2217,"Tgav",5.92654431613414,"degC"
"SSP370_CH4",2218,"Tgav",5.93075832784956,"degC"
"SSP370_CH4",2219,"Tgav",5.93481845400637,"degC"
"SSP370_CH4",2220,"Tgav",5.93872474154318,"degC"
"SSP370_CH4",2221,"Tgav",5.9424772165198,"degC"
"SSP370_CH4",2222,"Tgav",5.94607588943584,"degC"
"SSP370_CH4",2223,"Tgav",5.94954151697307,"degC"
"SSP370_CH4",2224,"Tgav",5.95281956346659,"degC"
"SSP370_CH4",2225,"Tgav",5.95595799378802,"degC"
"SSP370_CH4",2226,"Tgav",5.95894253148015,"degC"
"SSP370_CH4",2227,"Tgav",5.96177232706371,"degC"
"SSP370_CH4",2228,"Tgav",5.96444809972906,"degC"
"SSP370_CH4",2229,"Tgav",5.96696974174979,"degC"
"SSP370_CH4",2230,"Tgav",5.96933720877271,"degC"
"SSP370_CH4",2231,"Tgav",5.97155044478139,"degC"
"SSP370_CH4",2232,"Tgav",5.97360937589455,"degC"
"SSP370_CH4",2233,"Tgav",5.97551391647493,"degC"
"SSP370_CH4",2234,"Tgav",5.97726396948601,"degC"
"SSP370_CH4",2235,"Tgav",5.97885942697034,"degC"
"SSP370_CH4",2236,"Tgav",5.9803001704126,"degC"
"SSP370_CH4",2237,"Tgav",5.98158607100367,"degC"
"SSP370_CH4",2238,"Tgav",5.98271698985338,"degC"
"SSP370_CH4",2239,"Tgav",5.983692778152,"degC"
"SSP370_CH4",2240,"Tgav",5.98451327728595,"degC"
"SSP370_CH4",2241,"Tgav",5.98517831891696,"degC"
"SSP370_CH4",2242,"Tgav",5.9856877250277,"degC"
"SSP370_CH4",2243,"Tgav",5.9860413079438,"degC"
"SSP370_CH4",2244,"Tgav",5.98623887033269,"degC"
"SSP370_CH4",2245,"Tgav",5.98630028584083,"degC"
"SSP370_CH4",2246,"Tgav",5.98617274025788,"degC"
"SSP370_CH4",2247,"Tgav",5.98590160057666,"degC"
"SSP370_CH4",2248,"Tgav",5.9854736434673,"degC"
"SSP370_CH4",2249,"Tgav",5.98488791790035,"degC"
"SSP370_CH4",2250,"Tgav",5.98414482496318,"degC"
"SSP370_CH4",2251,"Tgav",5.98309838563308,"degC"
"SSP370_CH4",2252,"Tgav",5.98181865256975,"degC"
"SSP370_CH4",2253,"Tgav",5.98038949620798,"degC"
"SSP370_CH4",2254,"Tgav",5.97886542376803,"degC"
"SSP370_CH4",2255,"Tgav",5.97728245644358,"degC"
"SSP370_CH4",2256,"Tgav",5.9756653640115,"degC"
"SSP370_CH4",2257,"Tgav",5.97403161364701,"degC"
"SSP370_CH4",2258,"Tgav",5.97239369922782,"degC"
"SSP370_CH4",2259,"Tgav",5.97076060832285,"degC"
"SSP370_CH4",2260,"Tgav",5.96913879186687,"degC"
"SSP370_CH4",2261,"Tgav",5.96753282975568,"degC"
"SSP370_CH4",2262,"Tgav",5.96594590158654,"degC"
"SSP370_CH4",2263,"Tgav",5.96438012768934,"degC"
"SSP370_CH4",2264,"Tgav",5.96283682109526,"degC"
"SSP370_CH4",2265,"Tgav",5.96131667667342,"degC"
"SSP370_CH4",2266,"Tgav",5.95981991508766,"degC"
"SSP370_CH4",2267,"Tgav",5.95834639361222,"degC"
"SSP370_CH4",2268,"Tgav",5.95689569220637,"degC"
"SSP370_CH4",2269,"Tgav",5.9554671808532,"degC"
"SSP370_CH4",2270,"Tgav",5.954060072536,"degC"
"SSP370_CH4",2271,"Tgav",5.9526734650867,"degC"
"SSP370_CH4",2272,"Tgav",5.95130637433337,"degC"
"SSP370_CH4",2273,"Tgav",5.94995776039016,"degC"
"SSP370_CH4",2274,"Tgav",5.94862654850634,"degC"
"SSP370_CH4",2275,"Tgav",5.94731164561059,"degC"
"SSP370_CH4",2276,"Tgav",5.94601195335573,"degC"
"SSP370_CH4",2277,"Tgav",5.94472637834557,"degC"
"SSP370_CH4",2278,"Tgav",5.94345384009626,"degC"
"SSP370_CH4",2279,"Tgav",5.94219327716976,"degC"
"SSP370_CH4",2280,"Tgav",5.94094365182961,"degC"
"SSP370_CH4",2281,"Tgav",5.9397039535009,"degC"
"SSP370_CH4",2282,"Tgav",5.93847320126324,"degC"
"SSP370_CH4",2283,"Tgav",5.93725044556271,"degC"
"SSP370_CH4",2284,"Tgav",5.93603476929441,"degC"
"SSP370_CH4",2285,"Tgav",5.93482528818333,"degC"
"SSP370_CH4",2286,"Tgav",5.93362115084194,"degC"
"SSP370_CH4",2287,"Tgav",5.93242153859395,"degC"
"SSP370_CH4",2288,"Tgav",5.93122566508112,"degC"
"SSP370_CH4",2289,"Tgav",5.93003277568679,"degC"
"SSP370_CH4",2290,"Tgav",5.92884214681298,"degC"
"SSP370_CH4",2291,"Tgav",5.92765308504412,"degC"
"SSP370_CH4",2292,"Tgav",5.92646492622549,"degC"
"SSP370_CH4",2293,"Tgav",5.9252770344819,"degC"
"SSP370_CH4",2294,"Tgav",5.92408880119871,"degC"
"SSP370_CH4",2295,"Tgav",5.92289964363828,"degC"
"SSP370_CH4",2296,"Tgav",5.92170900365539,"degC"
"SSP370_CH4",2297,"Tgav",5.92051634656014,"degC"
"SSP370_CH4",2298,"Tgav",5.9193211600609,"degC"
"SSP370_CH4",2299,"Tgav",5.91812295325699,"degC"
"SSP370_CH4",2300,"Tgav",5.91692125567048,"degC"
"SSP245_CO2",1850,"Ca",284.20440303028,"ppmv CO2"
"SSP245_CO2",1851,"Ca",284.416504591648,"ppmv CO2"
"SSP245_CO2",1852,"Ca",284.619478993891,"ppmv CO2"
"SSP245_CO2",1853,"Ca",284.837667042056,"ppmv CO2"
"SSP245_CO2",1854,"Ca",285.074361949939,"ppmv CO2"
"SSP245_CO2",1855,"Ca",285.305200218061,"ppmv CO2"
"SSP245_CO2",1856,"Ca",285.529611922044,"ppmv CO2"
"SSP245_CO2",1857,"Ca",285.736094537586,"ppmv CO2"
"SSP245_CO2",1858,"Ca",285.889064315823,"ppmv CO2"
"SSP245_CO2",1859,"Ca",285.993078552476,"ppmv CO2"
"SSP245_CO2",1860,"Ca",286.115248927756,"ppmv CO2"
"SSP245_CO2",1861,"Ca",286.28540665864,"ppmv CO2"
"SSP245_CO2",1862,"Ca",286.490415163717,"ppmv CO2"
"SSP245_CO2",1863,"Ca",286.677045501227,"ppmv CO2"
"SSP245_CO2",1864,"Ca",286.827311587307,"ppmv CO2"
"SSP245_CO2",1865,"Ca",286.975567627318,"ppmv CO2"
"SSP245_CO2",1866,"Ca",287.131791514372,"ppmv CO2"
"SSP245_CO2",1867,"Ca",287.294613946709,"ppmv CO2"
"SSP245_CO2",1868,"Ca",287.46034671412,"ppmv CO2"
"SSP245_CO2",1869,"Ca",287.625328482448,"ppmv CO2"
"SSP245_CO2",1870,"Ca",287.787904889752,"ppmv CO2"
"SSP245_CO2",1871,"Ca",287.946911078138,"ppmv CO2"
"SSP245_CO2",1872,"Ca",288.112541860088,"ppmv CO2"
"SSP245_CO2",1873,"Ca",288.326873178438,"ppmv CO2"
"SSP245_CO2",1874,"Ca",288.579586210155,"ppmv CO2"
"SSP245_CO2",1875,"Ca",288.827415572036,"ppmv CO2"
"SSP245_CO2",1876,"Ca",289.074107570734,"ppmv CO2"
"SSP245_CO2",1877,"Ca",289.32480658231,"ppmv CO2"
"SSP245_CO2",1878,"Ca",289.571034445316,"ppmv CO2"
"SSP245_CO2",1879,"Ca",289.815444523586,"ppmv CO2"
"SSP245_CO2",1880,"Ca",290.06676799777,"ppmv CO2"
"SSP245_CO2",1881,"Ca",290.33025585456,"ppmv CO2"
"SSP245_CO2",1882,"Ca",290.615271348405,"ppmv CO2"
"SSP245_CO2",1883,"Ca",290.890814838459,"ppmv CO2"
"SSP245_CO2",1884,"Ca",291.134510043545,"ppmv CO2"
"SSP245_CO2",1885,"Ca",291.278636964401,"ppmv CO2"
"SSP245_CO2",1886,"Ca",291.313940902287,"ppmv CO2"
"SSP245_CO2",1887,"Ca",291.364746364424,"ppmv CO2"
"SSP245_CO2",1888,"Ca",291.476400482251,"ppmv CO2"
"SSP245_CO2",1889,"Ca",291.634434039163,"ppmv CO2"
"SSP245_CO2",1890,"Ca",291.819023557131,"ppmv CO2"
"SSP245_CO2",1891,"Ca",292.005545934232,"ppmv CO2"
"SSP245_CO2",1892,"Ca",292.185948124578,"ppmv CO2"
"SSP245_CO2",1893,"Ca",292.373128645724,"ppmv CO2"
"SSP245_CO2",1894,"Ca",292.579960127067,"ppmv CO2"
"SSP245_CO2",1895,"Ca",292.813999902627,"ppmv CO2"
"SSP245_CO2",1896,"Ca",293.078776333385,"ppmv CO2"
"SSP245_CO2",1897,"Ca",293.353441576916,"ppmv CO2"
"SSP245_CO2",1898,"Ca",293.615957694967,"ppmv CO2"
"SSP245_CO2",1899,"Ca",293.867242210264,"ppmv CO2"
"SSP245_CO2",1900,"Ca",294.130338755346,"ppmv CO2"
"SSP245_CO2",1901,"Ca",294.414702354655,"ppmv CO2"
"SSP245_CO2",1902,"Ca",294.742472598366,"ppmv CO2"
"SSP245_CO2",1903,"Ca",295.101298268545,"ppmv CO2"
"SSP245_CO2",1904,"Ca",295.433286428209,"ppmv CO2"
"SSP245_CO2",1905,"Ca",295.729744820152,"ppmv CO2"
"SSP245_CO2",1906,"Ca",296.046973428993,"ppmv CO2"
"SSP245_CO2",1907,"Ca",296.443119650441,"ppmv CO2"
"SSP245_CO2",1908,"Ca",296.90009479923,"ppmv CO2"
"SSP245_CO2",1909,"Ca",297.367750738463,"ppmv CO2"
"SSP245_CO2",1910,"Ca",297.831926604939,"ppmv CO2"
"SSP245_CO2",1911,"Ca",298.309909092564,"ppmv CO2"
"SSP245_CO2",1912,"Ca",298.766861911661,"ppmv CO2"
"SSP245_CO2",1913,"Ca",299.184984120532,"ppmv CO2"
"SSP245_CO2",1914,"Ca",299.563076875505,"ppmv CO2"
"SSP245_CO2",1915,"Ca",299.88808720157,"ppmv CO2"
"SSP245_CO2",1916,"Ca",300.194952299948,"ppmv CO2"
"SSP245_CO2",1917,"Ca",300.527028278894,"ppmv CO2"
"SSP245_CO2",1918,"Ca",300.885022320298,"ppmv CO2"
"SSP245_CO2",1919,"Ca",301.245565298453,"ppmv CO2"
"SSP245_CO2",1920,"Ca",301.577777329223,"ppmv CO2"
"SSP245_CO2",1921,"Ca",301.91713340862,"ppmv CO2"
"SSP245_CO2",1922,"Ca",302.265863368545,"ppmv CO2"
"SSP245_CO2",1923,"Ca",302.610841456092,"ppmv CO2"
"SSP245_CO2",1924,"Ca",302.995475732206,"ppmv CO2"
"SSP245_CO2",1925,"Ca",303.40737803599,"ppmv CO2"
"SSP245_CO2",1926,"Ca",303.820734800293,"ppmv CO2"
"SSP245_CO2",1927,"Ca",304.226903884597,"ppmv CO2"
"SSP245_CO2",1928,"Ca",304.665897867,"ppmv CO2"
"SSP245_CO2",1929,"Ca",305.137250985192,"ppmv CO2"
"SSP245_CO2",1930,"Ca",305.625700797644,"ppmv CO2"
"SSP245_CO2",1931,"Ca",306.138270323112,"ppmv CO2"
"SSP245_CO2",1932,"Ca",306.634639390171,"ppmv CO2"
"SSP245_CO2",1933,"Ca",307.044401818339,"ppmv CO2"
"SSP245_CO2",1934,"Ca",307.400159555696,"ppmv CO2"
"SSP245_CO2",1935,"Ca",307.775276109788,"ppmv CO2"
"SSP245_CO2",1936,"Ca",308.168095043673,"ppmv CO2"
"SSP245_CO2",1937,"Ca",308.589140093111,"ppmv CO2"
"SSP245_CO2",1938,"Ca",309.034133995231,"ppmv CO2"
"SSP245_CO2",1939,"Ca",309.460377651818,"ppmv CO2"
"SSP245_CO2",1940,"Ca",309.881573350607,"ppmv CO2"
"SSP245_CO2",1941,"Ca",310.326627468876,"ppmv CO2"
"SSP245_CO2",1942,"Ca",310.775451730717,"ppmv CO2"
"SSP245_CO2",1943,"Ca",311.223523773223,"ppmv CO2"
"SSP245_CO2",1944,"Ca",311.678562172872,"ppmv CO2"
"SSP245_CO2",1945,"Ca",312.130803220603,"ppmv CO2"
"SSP245_CO2",1946,"Ca",312.531126573738,"ppmv CO2"
"SSP245_CO2",1947,"Ca",312.955116197593,"ppmv CO2"
"SSP245_CO2",1948,"Ca",313.490227179736,"ppmv CO2"
"SSP245_CO2",1949,"Ca",314.079178936873,"ppmv CO2"
"SSP245_CO2",1950,"Ca",314.671586199507,"ppmv CO2"
"SSP245_CO2",1951,"Ca",315.296985633641,"ppmv CO2"
"SSP245_CO2",1952,"Ca",316.078596525428,"ppmv CO2"
"SSP245_CO2",1953,"Ca",316.977150591428,"ppmv CO2"
"SSP245_CO2",1954,"Ca",317.874986531393,"ppmv CO2"
"SSP245_CO2",1955,"Ca",318.794863542862,"ppmv CO2"
"SSP245_CO2",1956,"Ca",319.791026558625,"ppmv CO2"
"SSP245_CO2",1957,"Ca",320.881500697616,"ppmv CO2"
"SSP245_CO2",1958,"Ca",322.032991119449,"ppmv CO2"
"SSP245_CO2",1959,"Ca",323.227642868668,"ppmv CO2"
"SSP245_CO2",1960,"Ca",324.43941058565,"ppmv CO2"
"SSP245_CO2",1961,"Ca",325.648780431975,"ppmv CO2"
"SSP245_CO2",1962,"Ca",326.87863457511,"ppmv CO2"
"SSP245_CO2",1963,"Ca",328.11164827813,"ppmv CO2"
"SSP245_CO2",1964,"Ca",329.360187856277,"ppmv CO2"
"SSP245_CO2",1965,"Ca",330.58901208203,"ppmv CO2"
"SSP245_CO2",1966,"Ca",331.797725340491,"ppmv CO2"
"SSP245_CO2",1967,"Ca",333.07676265242,"ppmv CO2"
"SSP245_CO2",1968,"Ca",334.456637456462,"ppmv CO2"
"SSP245_CO2",1969,"Ca",335.913936469195,"ppmv CO2"
"SSP245_CO2",1970,"Ca",337.394894539344,"ppmv CO2"
"SSP245_CO2",1971,"Ca",338.925277776297,"ppmv CO2"
"SSP245_CO2",1972,"Ca",340.472573768898,"ppmv CO2"
"SSP245_CO2",1973,"Ca",342.0089933154,"ppmv CO2"
"SSP245_CO2",1974,"Ca",343.59745366126,"ppmv CO2"
"SSP245_CO2",1975,"Ca",345.190426013606,"ppmv CO2"
"SSP245_CO2",1976,"Ca",346.720836588882,"ppmv CO2"
"SSP245_CO2",1977,"Ca",348.281093168449,"ppmv CO2"
"SSP245_CO2",1978,"Ca",349.939705524442,"ppmv CO2"
"SSP245_CO2",1979,"Ca",351.665058747072,"ppmv CO2"
"SSP245_CO2",1980,"Ca",353.403712676654,"ppmv CO2"
"SSP245_CO2",1981,"Ca",355.102843237125,"ppmv CO2"
"SSP245_CO2",1982,"Ca",356.739036320091,"ppmv CO2"
"SSP245_CO2",1983,"Ca",358.319041885225,"ppmv CO2"
"SSP245_CO2",1984,"Ca",359.874355264835,"ppmv CO2"
"SSP245_CO2",1985,"Ca",361.468092976394,"ppmv CO2"
"SSP245_CO2",1986,"Ca",363.150341921892,"ppmv CO2"
"SSP245_CO2",1987,"Ca",364.929738481343,"ppmv CO2"
"SSP245_CO2",1988,"Ca",366.775550985454,"ppmv CO2"
"SSP245_CO2",1989,"Ca",368.668743221443,"ppmv CO2"
"SSP245_CO2",1990,"Ca",370.618904218665,"ppmv CO2"
"SSP245_CO2",1991,"Ca",372.522228458176,"ppmv CO2"
"SSP245_CO2",1992,"Ca",374.444451506676,"ppmv CO2"
"SSP245_CO2",1993,"Ca",376.324712046731,"ppmv CO2"
"SSP245_CO2",1994,"Ca",378.022822000699,"ppmv CO2"
"SSP245_CO2",1995,"Ca",379.689056722275,"ppmv CO2"
"SSP245_CO2",1996,"Ca",381.445488489325,"ppmv CO2"
"SSP245_CO2",1997,"Ca",383.290935197485,"ppmv CO2"
"SSP245_CO2",1998,"Ca",385.50616449908,"ppmv CO2"
"SSP245_CO2",1999,"Ca",387.720321993656,"ppmv CO2"
"SSP245_CO2",2000,"Ca",389.529572158523,"ppmv CO2"
"SSP245_CO2",2001,"Ca",391.262208148953,"ppmv CO2"
"SSP245_CO2",2002,"Ca",392.906303782467,"ppmv CO2"
"SSP245_CO2",2003,"Ca",394.539204997618,"ppmv CO2"
"SSP245_CO2",2004,"Ca",396.24019891506,"ppmv CO2"
"SSP245_CO2",2005,"Ca",398.075931087561,"ppmv CO2"
"SSP245_CO2",2006,"Ca",400.101198750333,"ppmv CO2"
"SSP245_CO2",2007,"Ca",402.243521853701,"ppmv CO2"
"SSP245_CO2",2008,"Ca",404.44598132028,"ppmv CO2"
"SSP245_CO2",2009,"Ca",406.505422495001,"ppmv CO2"
"SSP245_CO2",2010,"Ca",408.438607453054,"ppmv CO2"
"SSP245_CO2",2011,"Ca",410.525611455569,"ppmv CO2"
"SSP245_CO2",2012,"Ca",412.821842303928,"ppmv CO2"
"SSP245_CO2",2013,"Ca",415.225487390004,"ppmv CO2"
"SSP245_CO2",2014,"Ca",417.683244379482,"ppmv CO2"
"SSP245_CO2",2015,"Ca",420.271847018678,"ppmv CO2"
"SSP245_CO2",2016,"Ca",422.858490180882,"ppmv CO2"
"SSP245_CO2",2017,"Ca",425.387094553709,"ppmv CO2"
"SSP245_CO2",2018,"Ca",427.934140135833,"ppmv CO2"
"SSP245_CO2",2019,"Ca",430.496983985212,"ppmv CO2"
"SSP245_CO2",2020,"Ca",433.0760870044,"ppmv CO2"
"SSP245_CO2",2021,"Ca",435.671803577317,"ppmv CO2"
"SSP245_CO2",2022,"Ca",440.579680235654,"ppmv CO2"
"SSP245_CO2",2023,"Ca",449.903030698417,"ppmv CO2"
"SSP245_CO2",2024,"Ca",463.460571644692,"ppmv CO2"
"SSP245_CO2",2025,"Ca",481.154085173924,"ppmv CO2"
"SSP245_CO2",2026,"Ca",502.925629173457,"ppmv CO2"
"SSP245_CO2",2027,"Ca",528.743691646555,"ppmv CO2"
"SSP245_CO2",2028,"Ca",558.597021036481,"ppmv CO2"
"SSP245_CO2",2029,"Ca",592.490591744776,"ppmv CO2"
"SSP245_CO2",2030,"Ca",630.441881415071,"ppmv CO2"
"SSP245_CO2",2031,"Ca",672.477106357263,"ppmv CO2"
"SSP245_CO2",2032,"Ca",714.019376559324,"ppmv CO2"
"SSP245_CO2",2033,"Ca",750.765770824867,"ppmv CO2"
"SSP245_CO2",2034,"Ca",782.848253735091,"ppmv CO2"
"SSP245_CO2",2035,"Ca",810.302360956185,"ppmv CO2"
"SSP245_CO2",2036,"Ca",833.15425518876,"ppmv CO2"
"SSP245_CO2",2037,"Ca",851.434123263503,"ppmv CO2"
"SSP245_CO2",2038,"Ca",865.17559802007,"ppmv CO2"
"SSP245_CO2",2039,"Ca",874.414796257793,"ppmv CO2"
"SSP245_CO2",2040,"Ca",879.189272307343,"ppmv CO2"
"SSP245_CO2",2041,"Ca",879.537581570546,"ppmv CO2"
"SSP245_CO2",2042,"Ca",877.781488705429,"ppmv CO2"
"SSP245_CO2",2043,"Ca",876.136649080753,"ppmv CO2"
"SSP245_CO2",2044,"Ca",874.596635514163,"ppmv CO2"
"SSP245_CO2",2045,"Ca",873.153832963852,"ppmv CO2"
"SSP245_CO2",2046,"Ca",871.805206989399,"ppmv CO2"
"SSP245_CO2",2047,"Ca",870.547565043461,"ppmv CO2"
"SSP245_CO2",2048,"Ca",869.378014311495,"ppmv CO2"
"SSP245_CO2",2049,"Ca",868.293773710561,"ppmv CO2"
"SSP245_CO2",2050,"Ca",867.292170409226,"ppmv CO2"
"SSP245_CO2",2051,"Ca",866.370644706697,"ppmv CO2"
"SSP245_CO2",2052,"Ca",865.508886946115,"ppmv CO2"
"SSP245_CO2",2053,"Ca",864.686910132494,"ppmv CO2"
"SSP245_CO2",2054,"Ca",863.902920025546,"ppmv CO2"
"SSP245_CO2",2055,"Ca",863.155227655733,"ppmv CO2"
"SSP245_CO2",2056,"Ca",862.442164218373,"ppmv CO2"
"SSP245_CO2",2057,"Ca",861.76211617359,"ppmv CO2"
"SSP245_CO2",2058,"Ca",861.113528145182,"ppmv CO2"
"SSP245_CO2",2059,"Ca",860.494976706004,"ppmv CO2"
"SSP245_CO2",2060,"Ca",859.954806226891,"ppmv CO2"
"SSP245_CO2",2061,"Ca",859.32796931334,"ppmv CO2"
"SSP245_CO2",2062,"Ca",858.802675979776,"ppmv CO2"
"SSP245_CO2",2063,"Ca",858.282570692508,"ppmv CO2"
"SSP245_CO2",2064,"Ca",857.785428996479,"ppmv CO2"
"SSP245_CO2",2065,"Ca",857.304742124913,"ppmv CO2"
"SSP245_CO2",2066,"Ca",856.839901096173,"ppmv CO2"
"SSP245_CO2",2067,"Ca",856.389355706872,"ppmv CO2"
"SSP245_CO2",2068,"Ca",855.951717612649,"ppmv CO2"
"SSP245_CO2",2069,"Ca",855.525597788042,"ppmv CO2"
"SSP245_CO2",2070,"Ca",855.109655325704,"ppmv CO2"
"SSP245_CO2",2071,"Ca",854.702598640704,"ppmv CO2"
"SSP245_CO2",2072,"Ca",854.278443928796,"ppmv CO2"
"SSP245_CO2",2073,"Ca",853.812555319514,"ppmv CO2"
"SSP245_CO2",2074,"Ca",853.304456898101,"ppmv CO2"
"SSP245_CO2",2075,"Ca",852.753658050619,"ppmv CO2"
"SSP245_CO2",2076,"Ca",852.159646932813,"ppmv CO2"
"SSP245_CO2",2077,"Ca",851.521938846974,"ppmv CO2"
"SSP245_CO2",2078,"Ca",850.840051701624,"ppmv CO2"
"SSP245_CO2",2079,"Ca",850.113518033266,"ppmv CO2"
"SSP245_CO2",2080,"Ca",849.341908793156,"ppmv CO2"
"SSP245_CO2",2081,"Ca",848.568943314361,"ppmv CO2"
"SSP245_CO2",2082,"Ca",847.63952100987,"ppmv CO2"
"SSP245_CO2",2083,"Ca",846.705548327513,"ppmv CO2"
"SSP245_CO2",2084,"Ca",845.690458838844,"ppmv CO2"
"SSP245_CO2",2085,"Ca",844.609877248953,"ppmv CO2"
"SSP245_CO2",2086,"Ca",843.459553085499,"ppmv CO2"
"SSP245_CO2",2087,"Ca",842.240617529304,"ppmv CO2"
"SSP245_CO2",2088,"Ca",840.95371202495,"ppmv CO2"
"SSP245_CO2",2089,"Ca",839.599013867258,"ppmv CO2"
"SSP245_CO2",2090,"Ca",838.176236191002,"ppmv CO2"
"SSP245_CO2",2091,"Ca",836.685049698021,"ppmv CO2"
"SSP245_CO2",2092,"Ca",835.152118455619,"ppmv CO2"
"SSP245_CO2",2093,"Ca",833.602579312817,"ppmv CO2"
"SSP245_CO2",2094,"Ca",832.035488926369,"ppmv CO2"
"SSP245_CO2",2095,"Ca",830.449960935757,"ppmv CO2"
"SSP245_CO2",2096,"Ca",828.845077240068,"ppmv CO2"
"SSP245_CO2",2097,"Ca",827.21987584593,"ppmv CO2"
"SSP245_CO2",2098,"Ca",825.573403696876,"ppmv CO2"
"SSP245_CO2",2099,"Ca",823.904792475296,"ppmv CO2"
"SSP245_CO2",2100,"Ca",822.213332169124,"ppmv CO2"
"SSP245_CO2",2101,"Ca",820.498393545038,"ppmv CO2"
"SSP245_CO2",2102,"Ca",818.856144115902,"ppmv CO2"
"SSP245_CO2",2103,"Ca",817.189301279806,"ppmv CO2"
"SSP245_CO2",2104,"Ca",815.650128407826,"ppmv CO2"
"SSP245_CO2",2105,"Ca",814.172862829545,"ppmv CO2"
"SSP245_CO2",2106,"Ca",812.765493289374,"ppmv CO2"
"SSP245_CO2",2107,"Ca",811.42345849698,"ppmv CO2"
"SSP245_CO2",2108,"Ca",810.145533543337,"ppmv CO2"
"SSP245_CO2",2109,"Ca",808.929666977975,"ppmv CO2"
"SSP245_CO2",2110,"Ca",807.773935140353,"ppmv CO2"
"SSP245_CO2",2111,"Ca",806.676528475546,"ppmv CO2"
"SSP245_CO2",2112,"Ca",805.635702258286,"ppmv CO2"
"SSP245_CO2",2113,"Ca",804.649736758392,"ppmv CO2"
"SSP245_CO2",2114,"Ca",803.716961859656,"ppmv CO2"
"SSP245_CO2",2115,"Ca",802.835765807086,"ppmv CO2"
"SSP245_CO2",2116,"Ca",802.004759788915,"ppmv CO2"
"SSP245_CO2",2117,"Ca",801.22265390408,"ppmv CO2"
"SSP245_CO2",2118,"Ca",800.487996602211,"ppmv CO2"
"SSP245_CO2",2119,"Ca",799.799296127691,"ppmv CO2"
"SSP245_CO2",2120,"Ca",799.155124765523,"ppmv CO2"
"SSP245_CO2",2121,"Ca",798.554118415365,"ppmv CO2"
"SSP245_CO2",2122,"Ca",797.99495913966,"ppmv CO2"
"SSP245_CO2",2123,"Ca",797.511803407504,"ppmv CO2"
"SSP245_CO2",2124,"Ca",796.997140514883,"ppmv CO2"
"SSP245_CO2",2125,"Ca",796.561047521492,"ppmv CO2"
"SSP245_CO2",2126,"Ca",796.154950391509,"ppmv CO2"
"SSP245_CO2",2127,"Ca",795.78706475688,"ppmv CO2"
"SSP245_CO2",2128,"Ca",795.453609996847,"ppmv CO2"
"SSP245_CO2",2129,"Ca",795.153971242278,"ppmv CO2"
"SSP245_CO2",2130,"Ca",794.887037119425,"ppmv CO2"
"SSP245_CO2",2131,"Ca",794.651834528672,"ppmv CO2"
"SSP245_CO2",2132,"Ca",794.447433193969,"ppmv CO2"
"SSP245_CO2",2133,"Ca",794.272969762473,"ppmv CO2"
"SSP245_CO2",2134,"Ca",794.127555550108,"ppmv CO2"
"SSP245_CO2",2135,"Ca",794.010274200257,"ppmv CO2"
"SSP245_CO2",2136,"Ca",793.92023654106,"ppmv CO2"
"SSP245_CO2",2137,"Ca",793.856592737429,"ppmv CO2"
"SSP245_CO2",2138,"Ca",793.818513702439,"ppmv CO2"
"SSP245_CO2",2139,"Ca",793.805207529761,"ppmv CO2"
"SSP245_CO2",2140,"Ca",793.815912221297,"ppmv CO2"
"SSP245_CO2",2141,"Ca",793.849902488953,"ppmv CO2"
"SSP245_CO2",2142,"Ca",793.906462535285,"ppmv CO2"
"SSP245_CO2",2143,"Ca",793.984907330207,"ppmv CO2"
"SSP245_CO2",2144,"Ca",794.114751872383,"ppmv CO2"
"SSP245_CO2",2145,"Ca",794.218718727522,"ppmv CO2"
"SSP245_CO2",2146,"Ca",794.383705684772,"ppmv CO2"
"SSP245_CO2",2147,"Ca",794.529956416871,"ppmv CO2"
"SSP245_CO2",2148,"Ca",794.729774861929,"ppmv CO2"
"SSP245_CO2",2149,"Ca",794.916003650209,"ppmv CO2"
"SSP245_CO2",2150,"Ca",795.148408508902,"ppmv CO2"
"SSP245_CO2",2151,"Ca",795.371702413907,"ppmv CO2"
"SSP245_CO2",2152,"Ca",795.622968892427,"ppmv CO2"
"SSP245_CO2",2153,"Ca",795.845661123359,"ppmv CO2"
"SSP245_CO2",2154,"Ca",796.080391932783,"ppmv CO2"
"SSP245_CO2",2155,"Ca",796.290304544681,"ppmv CO2"
"SSP245_CO2",2156,"Ca",796.508996596611,"ppmv CO2"
"SSP245_CO2",2157,"Ca",796.705866507326,"ppmv CO2"
"SSP245_CO2",2158,"Ca",796.908842563151,"ppmv CO2"
"SSP245_CO2",2159,"Ca",797.092391376913,"ppmv CO2"
"SSP245_CO2",2160,"Ca",797.279848917933,"ppmv CO2"
"SSP245_CO2",2161,"Ca",797.449825974092,"ppmv CO2"
"SSP245_CO2",2162,"Ca",797.621883076504,"ppmv CO2"
"SSP245_CO2",2163,"Ca",797.778017486755,"ppmv CO2"
"SSP245_CO2",2164,"Ca",797.999151061181,"ppmv CO2"
"SSP245_CO2",2165,"Ca",798.111687661798,"ppmv CO2"
"SSP245_CO2",2166,"Ca",798.212716189016,"ppmv CO2"
"SSP245_CO2",2167,"Ca",798.382504866882,"ppmv CO2"
"SSP245_CO2",2168,"Ca",798.462421462024,"ppmv CO2"
"SSP245_CO2",2169,"Ca",798.587551563095,"ppmv CO2"
"SSP245_CO2",2170,"Ca",798.69316986365,"ppmv CO2"
"SSP245_CO2",2171,"Ca",798.795814711843,"ppmv CO2"
"SSP245_CO2",2172,"Ca",798.891694829129,"ppmv CO2"
"SSP245_CO2",2173,"Ca",798.981456634671,"ppmv CO2"
"SSP245_CO2",2174,"Ca",799.064832645519,"ppmv CO2"
"SSP245_CO2",2175,"Ca",799.141572175739,"ppmv CO2"
"SSP245_CO2",2176,"Ca",799.211434777952,"ppmv CO2"
"SSP245_CO2",2177,"Ca",799.27426912356,"ppmv CO2"
"SSP245_CO2",2178,"Ca",799.330030491689,"ppmv CO2"
"SSP245_CO2",2179,"Ca",799.378716812908,"ppmv CO2"
"SSP245_CO2",2180,"Ca",799.420235574942,"ppmv CO2"
"SSP245_CO2",2181,"Ca",799.454382811515,"ppmv CO2"
"SSP245_CO2",2182,"Ca",799.480987865212,"ppmv CO2"
"SSP245_CO2",2183,"Ca",799.499920757723,"ppmv CO2"
"SSP245_CO2",2184,"Ca",799.511030749688,"ppmv CO2"
"SSP245_CO2",2185,"Ca",799.514212585336,"ppmv CO2"
"SSP245_CO2",2186,"Ca",799.509807874913,"ppmv CO2"
"SSP245_CO2",2187,"Ca",799.498239562747,"ppmv CO2"
"SSP245_CO2",2188,"Ca",799.50775204054,"ppmv CO2"
"SSP245_CO2",2189,"Ca",799.466726012635,"ppmv CO2"
"SSP245_CO2",2190,"Ca",799.456292364051,"ppmv CO2"
"SSP245_CO2",2191,"Ca",799.400767162633,"ppmv CO2"
"SSP245_CO2",2192,"Ca",799.371629185707,"ppmv CO2"
"SSP245_CO2",2193,"Ca",799.300995053971,"ppmv CO2"
"SSP245_CO2",2194,"Ca",799.25231985144,"ppmv CO2"
"SSP245_CO2",2195,"Ca",799.166390486059,"ppmv CO2"
"SSP245_CO2",2196,"Ca",799.099968567386,"ppmv CO2"
"SSP245_CO2",2197,"Ca",799.000530211571,"ppmv CO2"
"SSP245_CO2",2198,"Ca",798.916989689904,"ppmv CO2"
"SSP245_CO2",2199,"Ca",798.802592467993,"ppmv CO2"
"SSP245_CO2",2200,"Ca",798.700406066478,"ppmv CO2"
"SSP245_CO2",2201,"Ca",798.569364362312,"ppmv CO2"
"SSP245_CO2",2202,"Ca",798.447544180315,"ppmv CO2"
"SSP245_CO2",2203,"Ca",798.298714572268,"ppmv CO2"
"SSP245_CO2",2204,"Ca",798.156478994563,"ppmv CO2"
"SSP245_CO2",2205,"Ca",797.98893037938,"ppmv CO2"
"SSP245_CO2",2206,"Ca",797.825806337622,"ppmv CO2"
"SSP245_CO2",2207,"Ca",797.639018496416,"ppmv CO2"
"SSP245_CO2",2208,"Ca",797.512155676134,"ppmv CO2"
"SSP245_CO2",2209,"Ca",797.281112975761,"ppmv CO2"
"SSP245_CO2",2210,"Ca",797.036872338795,"ppmv CO2"
"SSP245_CO2",2211,"Ca",796.846485112189,"ppmv CO2"
"SSP245_CO2",2212,"Ca",796.576008300313,"ppmv CO2"
"SSP245_CO2",2213,"Ca",796.338614184865,"ppmv CO2"
"SSP245_CO2",2214,"Ca",796.080907255112,"ppmv CO2"
"SSP245_CO2",2215,"Ca",795.815906163593,"ppmv CO2"
"SSP245_CO2",2216,"Ca",795.540570329016,"ppmv CO2"
"SSP245_CO2",2217,"Ca",795.255367388368,"ppmv CO2"
"SSP245_CO2",2218,"Ca",794.960191797153,"ppmv CO2"
"SSP245_CO2",2219,"Ca",794.654969600159,"ppmv CO2"
"SSP245_CO2",2220,"Ca",794.339614947921,"ppmv CO2"
"SSP245_CO2",2221,"Ca",794.014056149443,"ppmv CO2"
"SSP245_CO2",2222,"Ca",793.67822813061,"ppmv CO2"
"SSP245_CO2",2223,"Ca",793.332070652792,"ppmv CO2"
"SSP245_CO2",2224,"Ca",792.975526986578,"ppmv CO2"
"SSP245_CO2",2225,"Ca",792.608558150307,"ppmv CO2"
"SSP245_CO2",2226,"Ca",792.231121456465,"ppmv CO2"
"SSP245_CO2",2227,"Ca",791.843136520685,"ppmv CO2"
"SSP245_CO2",2228,"Ca",791.444464535544,"ppmv CO2"
"SSP245_CO2",2229,"Ca",791.034898158365,"ppmv CO2"
"SSP245_CO2",2230,"Ca",790.614158140899,"ppmv CO2"
"SSP245_CO2",2231,"Ca",790.181894492899,"ppmv CO2"
"SSP245_CO2",2232,"Ca",789.764479674086,"ppmv CO2"
"SSP245_CO2",2233,"Ca",789.283551242384,"ppmv CO2"
"SSP245_CO2",2234,"Ca",788.817421977111,"ppmv CO2"
"SSP245_CO2",2235,"Ca",788.332737532938,"ppmv CO2"
"SSP245_CO2",2236,"Ca",787.8355883739,"ppmv CO2"
"SSP245_CO2",2237,"Ca",787.323491677298,"ppmv CO2"
"SSP245_CO2",2238,"Ca",786.796228287723,"ppmv CO2"
"SSP245_CO2",2239,"Ca",786.25328479832,"ppmv CO2"
"SSP245_CO2",2240,"Ca",785.694283950362,"ppmv CO2"
"SSP245_CO2",2241,"Ca",785.118913521991,"ppmv CO2"
"SSP245_CO2",2242,"Ca",784.526939381096,"ppmv CO2"
"SSP245_CO2",2243,"Ca",783.918203338221,"ppmv CO2"
"SSP245_CO2",2244,"Ca",783.292622558754,"ppmv CO2"
"SSP245_CO2",2245,"Ca",782.650188040267,"ppmv CO2"
"SSP245_CO2",2246,"Ca",781.990954589275,"ppmv CO2"
"SSP245_CO2",2247,"Ca",781.315024193314,"ppmv CO2"
"SSP245_CO2",2248,"Ca",780.622533698642,"ppmv CO2"
"SSP245_CO2",2249,"Ca",779.913646254873,"ppmv CO2"
"SSP245_CO2",2250,"Ca",779.188545059536,"ppmv CO2"
"SSP245_CO2",2251,"Ca",778.447428626495,"ppmv CO2"
"SSP245_CO2",2252,"Ca",777.696556386396,"ppmv CO2"
"SSP245_CO2",2253,"Ca",776.96765992476,"ppmv CO2"
"SSP245_CO2",2254,"Ca",776.184968106452,"ppmv CO2"
"SSP245_CO2",2255,"Ca",775.424574095558,"ppmv CO2"
"SSP245_CO2",2256,"Ca",774.657333613009,"ppmv CO2"
"SSP245_CO2",2257,"Ca",773.888099897471,"ppmv CO2"
"SSP245_CO2",2258,"Ca",773.1154510565,"ppmv CO2"
"SSP245_CO2",2259,"Ca",772.339783936084,"ppmv CO2"
"SSP245_CO2",2260,"Ca",771.561216167221,"ppmv CO2"
"SSP245_CO2",2261,"Ca",770.779917584278,"ppmv CO2"
"SSP245_CO2",2262,"Ca",769.996049074824,"ppmv CO2"
"SSP245_CO2",2263,"Ca",769.209771723804,"ppmv CO2"
"SSP245_CO2",2264,"Ca",768.42124455758,"ppmv CO2"
"SSP245_CO2",2265,"Ca",767.630626776379,"ppmv CO2"
"SSP245_CO2",2266,"Ca",766.838076516718,"ppmv CO2"
"SSP245_CO2",2267,"Ca",766.043750063291,"ppmv CO2"
"SSP245_CO2",2268,"Ca",765.247801311232,"ppmv CO2"
"SSP245_CO2",2269,"Ca",764.450381405156,"ppmv CO2"
"SSP245_CO2",2270,"Ca",763.651638485553,"ppmv CO2"
"SSP245_CO2",2271,"Ca",762.851717511216,"ppmv CO2"
"SSP245_CO2",2272,"Ca",762.050760137586,"ppmv CO2"
"SSP245_CO2",2273,"Ca",761.248904637582,"ppmv CO2"
"SSP245_CO2",2274,"Ca",760.469836879239,"ppmv CO2"
"SSP245_CO2",2275,"Ca",759.644611230941,"ppmv CO2"
"SSP245_CO2",2276,"Ca",758.841773203592,"ppmv CO2"
"SSP245_CO2",2277,"Ca",758.036536300032,"ppmv CO2"
"SSP245_CO2",2278,"Ca",757.232202120826,"ppmv CO2"
"SSP245_CO2",2279,"Ca",756.427589209629,"ppmv CO2"
"SSP245_CO2",2280,"Ca",755.622990435061,"ppmv CO2"
"SSP245_CO2",2281,"Ca",754.818486358951,"ppmv CO2"
"SSP245_CO2",2282,"Ca",754.014261289489,"ppmv CO2"
"SSP245_CO2",2283,"Ca",753.210484231815,"ppmv CO2"
"SSP245_CO2",2284,"Ca",752.407318013075,"ppmv CO2"
"SSP245_CO2",2285,"Ca",751.604918218855,"ppmv CO2"
"SSP245_CO2",2286,"Ca",750.803433689986,"ppmv CO2"
"SSP245_CO2",2287,"Ca",750.003006739552,"ppmv CO2"
"SSP245_CO2",2288,"Ca",749.203773405125,"ppmv CO2"
"SSP245_CO2",2289,"Ca",748.405863685037,"ppmv CO2"
"SSP245_CO2",2290,"Ca",747.609401766956,"ppmv CO2"
"SSP245_CO2",2291,"Ca",746.814506247563,"ppmv CO2"
"SSP245_CO2",2292,"Ca",746.021290343913,"ppmv CO2"
"SSP245_CO2",2293,"Ca",745.229862096465,"ppmv CO2"
"SSP245_CO2",2294,"Ca",744.440324564498,"ppmv CO2"
"SSP245_CO2",2295,"Ca",743.673853456115,"ppmv CO2"
"SSP245_CO2",2296,"Ca",742.868837657356,"ppmv CO2"
"SSP245_CO2",2297,"Ca",742.085670271796,"ppmv CO2"
"SSP245_CO2",2298,"Ca",741.303708413256,"ppmv CO2"
"SSP245_CO2",2299,"Ca",740.525050424539,"ppmv CO2"
"SSP245_CO2",2300,"Ca",739.748706322922,"ppmv CO2"
"SSP245_CO2",1850,"Ftot",0.342759026289703,"W/m2"
"SSP245_CO2",1851,"Ftot",0.350098111398179,"W/m2"
"SSP245_CO2",1852,"Ftot",0.370119862020411,"W/m2"
"SSP245_CO2",1853,"Ftot",0.387205169816727,"W/m2"
"SSP245_CO2",1854,"Ftot",0.394292107486678,"W/m2"
"SSP245_CO2",1855,"Ftot",0.27088782859962,"W/m2"
"SSP245_CO2",1856,"Ftot",-0.186213405186818,"W/m2"
"SSP245_CO2",1857,"Ftot",-0.434669038624125,"W/m2"
"SSP245_CO2",1858,"Ftot",-0.119823041836269,"W/m2"
"SSP245_CO2",1859,"Ftot",0.205005061125198,"W/m2"
"SSP245_CO2",1860,"Ftot",0.325534106751617,"W/m2"
"SSP245_CO2",1861,"Ftot",0.319635570906573,"W/m2"
"SSP245_CO2",1862,"Ftot",0.237183749482628,"W/m2"
"SSP245_CO2",1863,"Ftot",0.253154614899428,"W/m2"
"SSP245_CO2",1864,"Ftot",0.340387616611361,"W/m2"
"SSP245_CO2",1865,"Ftot",0.386107532841228,"W/m2"
"SSP245_CO2",1866,"Ftot",0.411249364167669,"W/m2"
"SSP245_CO2",1867,"Ftot",0.421179434143404,"W/m2"
"SSP245_CO2",1868,"Ftot",0.4246314396114,"W/m2"
"SSP245_CO2",1869,"Ftot",0.418723097232148,"W/m2"
"SSP245_CO2",1870,"Ftot",0.416255661163285,"W/m2"
"SSP245_CO2",1871,"Ftot",0.420948374844812,"W/m2"
"SSP245_CO2",1872,"Ftot",0.409326508256772,"W/m2"
"SSP245_CO2",1873,"Ftot",0.395241309817448,"W/m2"
"SSP245_CO2",1874,"Ftot",0.409232960189019,"W/m2"
"SSP245_CO2",1875,"Ftot",0.4074508823765,"W/m2"
"SSP245_CO2",1876,"Ftot",0.367728725498206,"W/m2"
"SSP245_CO2",1877,"Ftot",0.36932873411027,"W/m2"
"SSP245_CO2",1878,"Ftot",0.406870113707705,"W/m2"
"SSP245_CO2",1879,"Ftot",0.42740518638919,"W/m2"
"SSP245_CO2",1880,"Ftot",0.438741774048239,"W/m2"
"SSP245_CO2",1881,"Ftot",0.452416055315728,"W/m2"
"SSP245_CO2",1882,"Ftot",0.342180312383244,"W/m2"
"SSP245_CO2",1883,"Ftot",-0.56804474188635,"W/m2"
"SSP245_CO2",1884,"Ftot",-1.29724235813446,"W/m2"
"SSP245_CO2",1885,"Ftot",-0.702892650522859,"W/m2"
"SSP245_CO2",1886,"Ftot",-0.203705325844111,"W/m2"
"SSP245_CO2",1887,"Ftot",-0.0788163097058818,"W/m2"
"SSP245_CO2",1888,"Ftot",0.0242379108435307,"W/m2"
"SSP245_CO2",1889,"Ftot",-0.0365810972905962,"W/m2"
"SSP245_CO2",1890,"Ftot",-0.0954724863704808,"W/m2"
"SSP245_CO2",1891,"Ftot",-0.0233092780329875,"W/m2"
"SSP245_CO2",1892,"Ftot",0.15386033237404,"W/m2"
"SSP245_CO2",1893,"Ftot",0.305842575091718,"W/m2"
"SSP245_CO2",1894,"Ftot",0.413899452068002,"W/m2"
"SSP245_CO2",1895,"Ftot",0.407807047617517,"W/m2"
"SSP245_CO2",1896,"Ftot",0.262976711518751,"W/m2"
"SSP245_CO2",1897,"Ftot",0.183939453284003,"W/m2"
"SSP245_CO2",1898,"Ftot",0.286096546381122,"W/m2"
"SSP245_CO2",1899,"Ftot",0.388246223257274,"W/m2"
"SSP245_CO2",1900,"Ftot",0.437370304038184,"W/m2"
"SSP245_CO2",1901,"Ftot",0.430476505700385,"W/m2"
"SSP245_CO2",1902,"Ftot",-0.0161488570369028,"W/m2"
"SSP245_CO2",1903,"Ftot",-0.416897987177693,"W/m2"
"SSP245_CO2",1904,"Ftot",-0.119699736024835,"W/m2"
"SSP245_CO2",1905,"Ftot",0.233927163686233,"W/m2"
"SSP245_CO2",1906,"Ftot",0.329824679827328,"W/m2"
"SSP245_CO2",1907,"Ftot",0.29092628344462,"W/m2"
"SSP245_CO2",1908,"Ftot",0.323175673682412,"W/m2"
"SSP245_CO2",1909,"Ftot",0.388469703239732,"W/m2"
"SSP245_CO2",1910,"Ftot",0.420321960556772,"W/m2"
"SSP245_CO2",1911,"Ftot",0.437760682088197,"W/m2"
"SSP245_CO2",1912,"Ftot",0.192159838851125,"W/m2"
"SSP245_CO2",1913,"Ftot",0.0766181623841571,"W/m2"
"SSP245_CO2",1914,"Ftot",0.316059284934933,"W/m2"
"SSP245_CO2",1915,"Ftot",0.430348330526722,"W/m2"
"SSP245_CO2",1916,"Ftot",0.441717949135907,"W/m2"
"SSP245_CO2",1917,"Ftot",0.447793143964085,"W/m2"
"SSP245_CO2",1918,"Ftot",0.463215934548267,"W/m2"
"SSP245_CO2",1919,"Ftot",0.505542871008609,"W/m2"
"SSP245_CO2",1920,"Ftot",0.404275744266661,"W/m2"
"SSP245_CO2",1921,"Ftot",0.442046689386546,"W/m2"
"SSP245_CO2",1922,"Ftot",0.52255915976048,"W/m2"
"SSP245_CO2",1923,"Ftot",0.510831921773167,"W/m2"
"SSP245_CO2",1924,"Ftot",0.507329485596213,"W/m2"
"SSP245_CO2",1925,"Ftot",0.51459171801052,"W/m2"
"SSP245_CO2",1926,"Ftot",0.527148201417729,"W/m2"
"SSP245_CO2",1927,"Ftot",0.518284413256955,"W/m2"
"SSP245_CO2",1928,"Ftot",0.477504686125302,"W/m2"
"SSP245_CO2",1929,"Ftot",0.41610693689888,"W/m2"
"SSP245_CO2",1930,"Ftot",0.47383055816771,"W/m2"
"SSP245_CO2",1931,"Ftot",0.547239437283919,"W/m2"
"SSP245_CO2",1932,"Ftot",0.56239710530075,"W/m2"
"SSP245_CO2",1933,"Ftot",0.563402649289561,"W/m2"
"SSP245_CO2",1934,"Ftot",0.584426661251928,"W/m2"
"SSP245_CO2",1935,"Ftot",0.577959761905581,"W/m2"
"SSP245_CO2",1936,"Ftot",0.578027272615211,"W/m2"
"SSP245_CO2",1937,"Ftot",0.562141517222283,"W/m2"
"SSP245_CO2",1938,"Ftot",0.581713353035952,"W/m2"
"SSP245_CO2",1939,"Ftot",0.569931912627852,"W/m2"
"SSP245_CO2",1940,"Ftot",0.569452105826811,"W/m2"
"SSP245_CO2",1941,"Ftot",0.576282494519458,"W/m2"
"SSP245_CO2",1942,"Ftot",0.553699157912077,"W/m2"
"SSP245_CO2",1943,"Ftot",0.556714470706686,"W/m2"
"SSP245_CO2",1944,"Ftot",0.59976278213411,"W/m2"
"SSP245_CO2",1945,"Ftot",0.668198402735908,"W/m2"
"SSP245_CO2",1946,"Ftot",0.694365984681144,"W/m2"
"SSP245_CO2",1947,"Ftot",0.655526050087008,"W/m2"
"SSP245_CO2",1948,"Ftot",0.654586375256033,"W/m2"
"SSP245_CO2",1949,"Ftot",0.668662266120375,"W/m2"
"SSP245_CO2",1950,"Ftot",0.644226581513713,"W/m2"
"SSP245_CO2",1951,"Ftot",0.6546719746064,"W/m2"
"SSP245_CO2",1952,"Ftot",0.662288929154624,"W/m2"
"SSP245_CO2",1953,"Ftot",0.670942273690159,"W/m2"
"SSP245_CO2",1954,"Ftot",0.702771573898207,"W/m2"
"SSP245_CO2",1955,"Ftot",0.716486792289239,"W/m2"
"SSP245_CO2",1956,"Ftot",0.727522413912722,"W/m2"
"SSP245_CO2",1957,"Ftot",0.748594356283327,"W/m2"
"SSP245_CO2",1958,"Ftot",0.790113335855632,"W/m2"
"SSP245_CO2",1959,"Ftot",0.799557468432975,"W/m2"
"SSP245_CO2",1960,"Ftot",0.742147326598062,"W/m2"
"SSP245_CO2",1961,"Ftot",0.592245881321991,"W/m2"
"SSP245_CO2",1962,"Ftot",0.546284573806163,"W/m2"
"SSP245_CO2",1963,"Ftot",0.0746486109083491,"W/m2"
"SSP245_CO2",1964,"Ftot",-0.261939208446628,"W/m2"
"SSP245_CO2",1965,"Ftot",0.0788408040651447,"W/m2"
"SSP245_CO2",1966,"Ftot",0.486661171669124,"W/m2"
"SSP245_CO2",1967,"Ftot",0.661498240586653,"W/m2"
"SSP245_CO2",1968,"Ftot",0.485543113434835,"W/m2"
"SSP245_CO2",1969,"Ftot",0.442929861706831,"W/m2"
"SSP245_CO2",1970,"Ftot",0.697260512629851,"W/m2"
"SSP245_CO2",1971,"Ftot",0.91811623586687,"W/m2"
"SSP245_CO2",1972,"Ftot",0.982354349148324,"W/m2"
"SSP245_CO2",1973,"Ftot",0.964010010532254,"W/m2"
"SSP245_CO2",1974,"Ftot",0.875452213594351,"W/m2"
"SSP245_CO2",1975,"Ftot",0.838678873365108,"W/m2"
"SSP245_CO2",1976,"Ftot",0.97821914905685,"W/m2"
"SSP245_CO2",1977,"Ftot",1.17781282325946,"W/m2"
"SSP245_CO2",1978,"Ftot",1.20939064335645,"W/m2"
"SSP245_CO2",1979,"Ftot",1.23323088842139,"W/m2"
"SSP245_CO2",1980,"Ftot",1.32860793354185,"W/m2"
"SSP245_CO2",1981,"Ftot",1.32535317643933,"W/m2"
"SSP245_CO2",1982,"Ftot",0.700643476427408,"W/m2"
"SSP245_CO2",1983,"Ftot",0.482129601465371,"W/m2"
"SSP245_CO2",1984,"Ftot",1.07850185040709,"W/m2"
"SSP245_CO2",1985,"Ftot",1.41874158154729,"W/m2"
"SSP245_CO2",1986,"Ftot",1.52983200861402,"W/m2"
"SSP245_CO2",1987,"Ftot",1.59614506426546,"W/m2"
"SSP245_CO2",1988,"Ftot",1.69535088477522,"W/m2"
"SSP245_CO2",1989,"Ftot",1.76595120480514,"W/m2"
"SSP245_CO2",1990,"Ftot",1.80968508439499,"W/m2"
"SSP245_CO2",1991,"Ftot",0.889363622983309,"W/m2"
"SSP245_CO2",1992,"Ftot",0.376776815165877,"W/m2"
"SSP245_CO2",1993,"Ftot",1.16159365193067,"W/m2"
"SSP245_CO2",1994,"Ftot",1.73878229838906,"W/m2"
"SSP245_CO2",1995,"Ftot",2.00427737036517,"W/m2"
"SSP245_CO2",1996,"Ftot",2.11337946962453,"W/m2"
"SSP245_CO2",1997,"Ftot",2.12864300813258,"W/m2"
"SSP245_CO2",1998,"Ftot",2.22718920625007,"W/m2"
"SSP245_CO2",1999,"Ftot",2.3553485777129,"W/m2"
"SSP245_CO2",2000,"Ftot",2.40400500552819,"W/m2"
"SSP245_CO2",2001,"Ftot",2.43985617810097,"W/m2"
"SSP245_CO2",2002,"Ftot",2.44042515678109,"W/m2"
"SSP245_CO2",2003,"Ftot",2.45097409143855,"W/m2"
"SSP245_CO2",2004,"Ftot",2.50274306480776,"W/m2"
"SSP245_CO2",2005,"Ftot",2.47949382771368,"W/m2"
"SSP245_CO2",2006,"Ftot",2.38772016497496,"W/m2"
"SSP245_CO2",2007,"Ftot",2.40582698256266,"W/m2"
"SSP245_CO2",2008,"Ftot",2.46418360584133,"W/m2"
"SSP245_CO2",2009,"Ftot",2.5256998171999,"W/m2"
"SSP245_CO2",2010,"Ftot",2.57821287987825,"W/m2"
"SSP245_CO2",2011,"Ftot",2.62131261300979,"W/m2"
"SSP245_CO2",2012,"Ftot",2.64915562830746,"W/m2"
"SSP245_CO2",2013,"Ftot",2.71008787791873,"W/m2"
"SSP245_CO2",2014,"Ftot",2.73632180244292,"W/m2"
"SSP245_CO2",2015,"Ftot",2.88504057953014,"W/m2"
"SSP245_CO2",2016,"Ftot",2.94203397264834,"W/m2"
"SSP245_CO2",2017,"Ftot",2.99794631193364,"W/m2"
"SSP245_CO2",2018,"Ftot",3.05384867673925,"W/m2"
"SSP245_CO2",2019,"Ftot",3.10979187181588,"W/m2"
"SSP245_CO2",2020,"Ftot",3.1658565821002,"W/m2"
"SSP245_CO2",2021,"Ftot",3.19903243617832,"W/m2"
"SSP245_CO2",2022,"Ftot",3.25972353679938,"W/m2"
"SSP245_CO2",2023,"Ftot",3.37210691090945,"W/m2"
"SSP245_CO2",2024,"Ftot",3.53091835757837,"W/m2"
"SSP245_CO2",2025,"Ftot",3.7309910903493,"W/m2"
"SSP245_CO2",2026,"Ftot",3.96706480733667,"W/m2"
"SSP245_CO2",2027,"Ftot",4.23391317463809,"W/m2"
"SSP245_CO2",2028,"Ftot",4.52651117193056,"W/m2"
"SSP245_CO2",2029,"Ftot",4.84016812424535,"W/m2"
"SSP245_CO2",2030,"Ftot",5.1706090265104,"W/m2"
"SSP245_CO2",2031,"Ftot",5.52169916864585,"W/m2"
"SSP245_CO2",2032,"Ftot",5.84763263530171,"W/m2"
"SSP245_CO2",2033,"Ftot",6.12088973046218,"W/m2"
"SSP245_CO2",2034,"Ftot",6.34911272634683,"W/m2"
"SSP245_CO2",2035,"Ftot",6.53748861505301,"W/m2"
"SSP245_CO2",2036,"Ftot",6.68990288234493,"W/m2"
"SSP245_CO2",2037,"Ftot",6.80932753443969,"W/m2"
"SSP245_CO2",2038,"Ftot",6.8980136526924,"W/m2"
"SSP245_CO2",2039,"Ftot",6.95762071307618,"W/m2"
"SSP245_CO2",2040,"Ftot",6.98930276325083,"W/m2"
"SSP245_CO2",2041,"Ftot",6.99421834781359,"W/m2"
"SSP245_CO2",2042,"Ftot",6.98605536581642,"W/m2"
"SSP245_CO2",2043,"Ftot",6.9783114963646,"W/m2"
"SSP245_CO2",2044,"Ftot",6.97097649802611,"W/m2"
"SSP245_CO2",2045,"Ftot",6.9640299775033,"W/m2"
"SSP245_CO2",2046,"Ftot",6.95747705830361,"W/m2"
"SSP245_CO2",2047,"Ftot",6.95131974658934,"W/m2"
"SSP245_CO2",2048,"Ftot",6.9455599637829,"W/m2"
"SSP245_CO2",2049,"Ftot",6.94019859544198,"W/m2"
"SSP245_CO2",2050,"Ftot",6.93523564573126,"W/m2"
"SSP245_CO2",2051,"Ftot",6.92667701013245,"W/m2"
"SSP245_CO2",2052,"Ftot",6.91837118148766,"W/m2"
"SSP245_CO2",2053,"Ftot",6.91020962226513,"W/m2"
"SSP245_CO2",2054,"Ftot",6.90219351702426,"W/m2"
"SSP245_CO2",2055,"Ftot",6.89432301503117,"W/m2"
"SSP245_CO2",2056,"Ftot",6.88659713339389,"W/m2"
"SSP245_CO2",2057,"Ftot",6.87901422027263,"W/m2"
"SSP245_CO2",2058,"Ftot",6.87157212947182,"W/m2"
"SSP245_CO2",2059,"Ftot",6.86426878994378,"W/m2"
"SSP245_CO2",2060,"Ftot",6.85741109923486,"W/m2"
"SSP245_CO2",2061,"Ftot",6.84706530242534,"W/m2"
"SSP245_CO2",2062,"Ftot",6.83756000304913,"W/m2"
"SSP245_CO2",2063,"Ftot",6.82827636187019,"W/m2"
"SSP245_CO2",2064,"Ftot",6.81930804094567,"W/m2"
"SSP245_CO2",2065,"Ftot",6.81059910580719,"W/m2"
"SSP245_CO2",2066,"Ftot",6.80213179455222,"W/m2"
"SSP245_CO2",2067,"Ftot",6.79388371006441,"W/m2"
"SSP245_CO2",2068,"Ftot",6.78583457044561,"W/m2"
"SSP245_CO2",2069,"Ftot",6.77796509127045,"W/m2"
"SSP245_CO2",2070,"Ftot",6.77025720161644,"W/m2"
"SSP245_CO2",2071,"Ftot",6.76266153917948,"W/m2"
"SSP245_CO2",2072,"Ftot",6.75494823913517,"W/m2"
"SSP245_CO2",2073,"Ftot",6.74696402295067,"W/m2"
"SSP245_CO2",2074,"Ftot",6.73870564399749,"W/m2"
"SSP245_CO2",2075,"Ftot",6.73016925556354,"W/m2"
"SSP245_CO2",2076,"Ftot",6.72135065050115,"W/m2"
"SSP245_CO2",2077,"Ftot",6.71224569061776,"W/m2"
"SSP245_CO2",2078,"Ftot",6.70285020767383,"W/m2"
"SSP245_CO2",2079,"Ftot",6.69316010105741,"W/m2"
"SSP245_CO2",2080,"Ftot",6.68317149497855,"W/m2"
"SSP245_CO2",2081,"Ftot",6.67516943070363,"W/m2"
"SSP245_CO2",2082,"Ftot",6.66638230250502,"W/m2"
"SSP245_CO2",2083,"Ftot",6.65774540258673,"W/m2"
"SSP245_CO2",2084,"Ftot",6.64875652840979,"W/m2"
"SSP245_CO2",2085,"Ftot",6.6394974235344,"W/m2"
"SSP245_CO2",2086,"Ftot",6.62992589216566,"W/m2"
"SSP245_CO2",2087,"Ftot",6.62003505674943,"W/m2"
"SSP245_CO2",2088,"Ftot",6.60981603189604,"W/m2"
"SSP245_CO2",2089,"Ftot",6.59925792339075,"W/m2"
"SSP245_CO2",2090,"Ftot",6.58834769599729,"W/m2"
"SSP245_CO2",2091,"Ftot",6.57601462518776,"W/m2"
"SSP245_CO2",2092,"Ftot",6.56346442428906,"W/m2"
"SSP245_CO2",2093,"Ftot",6.55084812345088,"W/m2"
"SSP245_CO2",2094,"Ftot",6.53815129555943,"W/m2"
"SSP245_CO2",2095,"Ftot",6.52536067779842,"W/m2"
"SSP245_CO2",2096,"Ftot",6.5124634713995,"W/m2"
"SSP245_CO2",2097,"Ftot",6.49944716909008,"W/m2"
"SSP245_CO2",2098,"Ftot",6.48629982311375,"W/m2"
"SSP245_CO2",2099,"Ftot",6.47301047822702,"W/m2"
"SSP245_CO2",2100,"Ftot",6.45956960384428,"W/m2"
"SSP245_CO2",2101,"Ftot",6.44675458459024,"W/m2"
"SSP245_CO2",2102,"Ftot",6.43428933259373,"W/m2"
"SSP245_CO2",2103,"Ftot",6.42155315829069,"W/m2"
"SSP245_CO2",2104,"Ftot",6.40955351599525,"W/m2"
"SSP245_CO2",2105,"Ftot",6.397870640097,"W/m2"
"SSP245_CO2",2106,"Ftot",6.38656572885329,"W/m2"
"SSP245_CO2",2107,"Ftot",6.37561667648228,"W/m2"
"SSP245_CO2",2108,"Ftot",6.36502249733919,"W/m2"
"SSP245_CO2",2109,"Ftot",6.35477609837188,"W/m2"
"SSP245_CO2",2110,"Ftot",6.34487064016126,"W/m2"
"SSP245_CO2",2111,"Ftot",6.33529951308715,"W/m2"
"SSP245_CO2",2112,"Ftot",6.32605606353257,"W/m2"
"SSP245_CO2",2113,"Ftot",6.31713337237185,"W/m2"
"SSP245_CO2",2114,"Ftot",6.30852445548788,"W/m2"
"SSP245_CO2",2115,"Ftot",6.30022235586467,"W/m2"
"SSP245_CO2",2116,"Ftot",6.29222127242346,"W/m2"
"SSP245_CO2",2117,"Ftot",6.28451576536618,"W/m2"
"SSP245_CO2",2118,"Ftot",6.27709904109895,"W/m2"
"SSP245_CO2",2119,"Ftot",6.26996378105841,"W/m2"
"SSP245_CO2",2120,"Ftot",6.26310285857676,"W/m2"
"SSP245_CO2",2121,"Ftot",6.25650935633707,"W/m2"
"SSP245_CO2",2122,"Ftot",6.25017646794907,"W/m2"
"SSP245_CO2",2123,"Ftot",6.24433518543699,"W/m2"
"SSP245_CO2",2124,"Ftot",6.23826595778874,"W/m2"
"SSP245_CO2",2125,"Ftot",6.23270881079144,"W/m2"
"SSP245_CO2",2126,"Ftot",6.22733919328971,"W/m2"
"SSP245_CO2",2127,"Ftot",6.22221354864594,"W/m2"
"SSP245_CO2",2128,"Ftot",6.21730763590577,"W/m2"
"SSP245_CO2",2129,"Ftot",6.21261837401324,"W/m2"
"SSP245_CO2",2130,"Ftot",6.20813924499029,"W/m2"
"SSP245_CO2",2131,"Ftot",6.20386456943651,"W/m2"
"SSP245_CO2",2132,"Ftot",6.19978887256433,"W/m2"
"SSP245_CO2",2133,"Ftot",6.19590705359115,"W/m2"
"SSP245_CO2",2134,"Ftot",6.19221377084538,"W/m2"
"SSP245_CO2",2135,"Ftot",6.18870343150135,"W/m2"
"SSP245_CO2",2136,"Ftot",6.18537056646851,"W/m2"
"SSP245_CO2",2137,"Ftot",6.18220991740626,"W/m2"
"SSP245_CO2",2138,"Ftot",6.17921631617268,"W/m2"
"SSP245_CO2",2139,"Ftot",6.1763847998721,"W/m2"
"SSP245_CO2",2140,"Ftot",6.17371056580007,"W/m2"
"SSP245_CO2",2141,"Ftot",6.17118902091625,"W/m2"
"SSP245_CO2",2142,"Ftot",6.16881560163289,"W/m2"
"SSP245_CO2",2143,"Ftot",6.1665859203098,"W/m2"
"SSP245_CO2",2144,"Ftot",6.16469902402755,"W/m2"
"SSP245_CO2",2145,"Ftot",6.16263443973155,"W/m2"
"SSP245_CO2",2146,"Ftot",6.16097771630273,"W/m2"
"SSP245_CO2",2147,"Ftot",6.15919177889495,"W/m2"
"SSP245_CO2",2148,"Ftot",6.15776364214086,"W/m2"
"SSP245_CO2",2149,"Ftot",6.15624123749431,"W/m2"
"SSP245_CO2",2150,"Ftot",6.15502692680741,"W/m2"
"SSP245_CO2",2151,"Ftot",6.15374871727307,"W/m2"
"SSP245_CO2",2152,"Ftot",6.15265616734076,"W/m2"
"SSP245_CO2",2153,"Ftot",6.15136911314645,"W/m2"
"SSP245_CO2",2154,"Ftot",6.15016078182134,"W/m2"
"SSP245_CO2",2155,"Ftot",6.14878359520512,"W/m2"
"SSP245_CO2",2156,"Ftot",6.14746346733156,"W/m2"
"SSP245_CO2",2157,"Ftot",6.14599496106298,"W/m2"
"SSP245_CO2",2158,"Ftot",6.14456577866149,"W/m2"
"SSP245_CO2",2159,"Ftot",6.14300460375968,"W/m2"
"SSP245_CO2",2160,"Ftot",6.14146820461562,"W/m2"
"SSP245_CO2",2161,"Ftot",6.13981314590144,"W/m2"
"SSP245_CO2",2162,"Ftot",6.13817077955511,"W/m2"
"SSP245_CO2",2163,"Ftot",6.13642043906075,"W/m2"
"SSP245_CO2",2164,"Ftot",6.13510480200416,"W/m2"
"SSP245_CO2",2165,"Ftot",6.13306002348379,"W/m2"
"SSP245_CO2",2166,"Ftot",6.13093724483918,"W/m2"
"SSP245_CO2",2167,"Ftot",6.12927445810642,"W/m2"
"SSP245_CO2",2168,"Ftot",6.12700863018036,"W/m2"
"SSP245_CO2",2169,"Ftot",6.12504504921885,"W/m2"
"SSP245_CO2",2170,"Ftot",6.12295007688387,"W/m2"
"SSP245_CO2",2171,"Ftot",6.12083457559161,"W/m2"
"SSP245_CO2",2172,"Ftot",6.11867320360437,"W/m2"
"SSP245_CO2",2173,"Ftot",6.11647034311707,"W/m2"
"SSP245_CO2",2174,"Ftot",6.11422425218685,"W/m2"
"SSP245_CO2",2175,"Ftot",6.11193329888521,"W/m2"
"SSP245_CO2",2176,"Ftot",6.10959591731628,"W/m2"
"SSP245_CO2",2177,"Ftot",6.10721113554755,"W/m2"
"SSP245_CO2",2178,"Ftot",6.10477869241918,"W/m2"
"SSP245_CO2",2179,"Ftot",6.10229860929312,"W/m2"
"SSP245_CO2",2180,"Ftot",6.0997702993288,"W/m2"
"SSP245_CO2",2181,"Ftot",6.09719242708917,"W/m2"
"SSP245_CO2",2182,"Ftot",6.0945638774137,"W/m2"
"SSP245_CO2",2183,"Ftot",6.09188380466593,"W/m2"
"SSP245_CO2",2184,"Ftot",6.08915122153973,"W/m2"
"SSP245_CO2",2185,"Ftot",6.08636544232392,"W/m2"
"SSP245_CO2",2186,"Ftot",6.08352876876533,"W/m2"
"SSP245_CO2",2187,"Ftot",6.08064404425464,"W/m2"
"SSP245_CO2",2188,"Ftot",6.0779002836016,"W/m2"
"SSP245_CO2",2189,"Ftot",6.07481824153323,"W/m2"
"SSP245_CO2",2190,"Ftot",6.07194083611269,"W/m2"
"SSP245_CO2",2191,"Ftot",6.06876159343467,"W/m2"
"SSP245_CO2",2192,"Ftot",6.06575887097959,"W/m2"
"SSP245_CO2",2193,"Ftot",6.06247834823597,"W/m2"
"SSP245_CO2",2194,"Ftot",6.05934472841446,"W/m2"
"SSP245_CO2",2195,"Ftot",6.0559616587673,"W/m2"
"SSP245_CO2",2196,"Ftot",6.05270909868397,"W/m2"
"SSP245_CO2",2197,"Ftot",6.04923540422763,"W/m2"
"SSP245_CO2",2198,"Ftot",6.04586806458762,"W/m2"
"SSP245_CO2",2199,"Ftot",6.04229398607467,"W/m2"
"SSP245_CO2",2200,"Ftot",6.03880157309579,"W/m2"
"SSP245_CO2",2201,"Ftot",6.03511574454757,"W/m2"
"SSP245_CO2",2202,"Ftot",6.03149154670535,"W/m2"
"SSP245_CO2",2203,"Ftot",6.02768620345463,"W/m2"
"SSP245_CO2",2204,"Ftot",6.02392486082566,"W/m2"
"SSP245_CO2",2205,"Ftot",6.01999363028786,"W/m2"
"SSP245_CO2",2206,"Ftot",6.01609182019721,"W/m2"
"SSP245_CO2",2207,"Ftot",6.01203105389075,"W/m2"
"SSP245_CO2",2208,"Ftot",6.00837199162958,"W/m2"
"SSP245_CO2",2209,"Ftot",6.00401374243843,"W/m2"
"SSP245_CO2",2210,"Ftot",5.99956643458368,"W/m2"
"SSP245_CO2",2211,"Ftot",5.99548018290413,"W/m2"
"SSP245_CO2",2212,"Ftot",5.99085572472562,"W/m2"
"SSP245_CO2",2213,"Ftot",5.98645288169457,"W/m2"
"SSP245_CO2",2214,"Ftot",5.98191301994042,"W/m2"
"SSP245_CO2",2215,"Ftot",5.97732352298492,"W/m2"
"SSP245_CO2",2216,"Ftot",5.97266388902897,"W/m2"
"SSP245_CO2",2217,"Ftot",5.96793718655489,"W/m2"
"SSP245_CO2",2218,"Ftot",5.96314262815514,"W/m2"
"SSP245_CO2",2219,"Ftot",5.95827963513999,"W/m2"
"SSP245_CO2",2220,"Ftot",5.95334754500219,"W/m2"
"SSP245_CO2",2221,"Ftot",5.94834578671804,"W/m2"
"SSP245_CO2",2222,"Ftot",5.94327383007495,"W/m2"
"SSP245_CO2",2223,"Ftot",5.93813117365377,"W/m2"
"SSP245_CO2",2224,"Ftot",5.93291733590643,"W/m2"
"SSP245_CO2",2225,"Ftot",5.92763195126177,"W/m2"
"SSP245_CO2",2226,"Ftot",5.92227462547773,"W/m2"
"SSP245_CO2",2227,"Ftot",5.91684470588346,"W/m2"
"SSP245_CO2",2228,"Ftot",5.91134114058849,"W/m2"
"SSP245_CO2",2229,"Ftot",5.90576240898737,"W/m2"
"SSP245_CO2",2230,"Ftot",5.90010649758029,"W/m2"
"SSP245_CO2",2231,"Ftot",5.89437090632734,"W/m2"
"SSP245_CO2",2232,"Ftot",5.88873415171306,"W/m2"
"SSP245_CO2",2233,"Ftot",5.88266524537914,"W/m2"
"SSP245_CO2",2234,"Ftot",5.87669455721313,"W/m2"
"SSP245_CO2",2235,"Ftot",5.87059590043696,"W/m2"
"SSP245_CO2",2236,"Ftot",5.86441039054588,"W/m2"
"SSP245_CO2",2237,"Ftot",5.85812098447765,"W/m2"
"SSP245_CO2",2238,"Ftot",5.8517259818488,"W/m2"
"SSP245_CO2",2239,"Ftot",5.8452216695089,"W/m2"
"SSP245_CO2",2240,"Ftot",5.83860524478541,"W/m2"
"SSP245_CO2",2241,"Ftot",5.83187433352318,"W/m2"
"SSP245_CO2",2242,"Ftot",5.82502708017843,"W/m2"
"SSP245_CO2",2243,"Ftot",5.81806213470329,"W/m2"
"SSP245_CO2",2244,"Ftot",5.81097865019159,"W/m2"
"SSP245_CO2",2245,"Ftot",5.80377627428184,"W/m2"
"SSP245_CO2",2246,"Ftot",5.79645508252263,"W/m2"
"SSP245_CO2",2247,"Ftot",5.78901546632759,"W/m2"
"SSP245_CO2",2248,"Ftot",5.78145804998039,"W/m2"
"SSP245_CO2",2249,"Ftot",5.77378363312823,"W/m2"
"SSP245_CO2",2250,"Ftot",5.76599314881848,"W/m2"
"SSP245_CO2",2251,"Ftot",5.75736883608616,"W/m2"
"SSP245_CO2",2252,"Ftot",5.74895528507197,"W/m2"
"SSP245_CO2",2253,"Ftot",5.74093919258762,"W/m2"
"SSP245_CO2",2254,"Ftot",5.7327727621767,"W/m2"
"SSP245_CO2",2255,"Ftot",5.72495761323046,"W/m2"
"SSP245_CO2",2256,"Ftot",5.71727334444789,"W/m2"
"SSP245_CO2",2257,"Ftot",5.70973594476494,"W/m2"
"SSP245_CO2",2258,"Ftot",5.70231992899954,"W/m2"
"SSP245_CO2",2259,"Ftot",5.69501395284391,"W/m2"
"SSP245_CO2",2260,"Ftot",5.68780614841953,"W/m2"
"SSP245_CO2",2261,"Ftot",5.68068626653396,"W/m2"
"SSP245_CO2",2262,"Ftot",5.67364512580236,"W/m2"
"SSP245_CO2",2263,"Ftot",5.66667456306938,"W/m2"
"SSP245_CO2",2264,"Ftot",5.65976731679307,"W/m2"
"SSP245_CO2",2265,"Ftot",5.6529169517561,"W/m2"
"SSP245_CO2",2266,"Ftot",5.64611776858357,"W/m2"
"SSP245_CO2",2267,"Ftot",5.63936472433553,"W/m2"
"SSP245_CO2",2268,"Ftot",5.63265336203123,"W/m2"
"SSP245_CO2",2269,"Ftot",5.62597974792573,"W/m2"
"SSP245_CO2",2270,"Ftot",5.61934041545259,"W/m2"
"SSP245_CO2",2271,"Ftot",5.61273231506419,"W/m2"
"SSP245_CO2",2272,"Ftot",5.6061527693255,"W/m2"
"SSP245_CO2",2273,"Ftot",5.59959943270581,"W/m2"
"SSP245_CO2",2274,"Ftot",5.59323594253051,"W/m2"
"SSP245_CO2",2275,"Ftot",5.58657455172812,"W/m2"
"SSP245_CO2",2276,"Ftot",5.58009504445756,"W/m2"
"SSP245_CO2",2277,"Ftot",5.57362077862356,"W/m2"
"SSP245_CO2",2278,"Ftot",5.56717302352431,"W/m2"
"SSP245_CO2",2279,"Ftot",5.56074162556004,"W/m2"
"SSP245_CO2",2280,"Ftot",5.55432700102223,"W/m2"
"SSP245_CO2",2281,"Ftot",5.54792822025958,"W/m2"
"SSP245_CO2",2282,"Ftot",5.54154522715239,"W/m2"
"SSP245_CO2",2283,"Ftot",5.53517798394354,"W/m2"
"SSP245_CO2",2284,"Ftot",5.52882652344232,"W/m2"
"SSP245_CO2",2285,"Ftot",5.52249093035974,"W/m2"
"SSP245_CO2",2286,"Ftot",5.51617133482739,"W/m2"
"SSP245_CO2",2287,"Ftot",5.50986790494152,"W/m2"
"SSP245_CO2",2288,"Ftot",5.50358084046426,"W/m2"
"SSP245_CO2",2289,"Ftot",5.49731036722521,"W/m2"
"SSP245_CO2",2290,"Ftot",5.49105673219893,"W/m2"
"SSP245_CO2",2291,"Ftot",5.4848201991748,"W/m2"
"SSP245_CO2",2292,"Ftot",5.47860104495594,"W/m2"
"SSP245_CO2",2293,"Ftot",5.47239955602701,"W/m2"
"SSP245_CO2",2294,"Ftot",5.46621602564173,"W/m2"
"SSP245_CO2",2295,"Ftot",5.46020238484145,"W/m2"
"SSP245_CO2",2296,"Ftot",5.45391503364921,"W/m2"
"SSP245_CO2",2297,"Ftot",5.44778809484912,"W/m2"
"SSP245_CO2",2298,"Ftot",5.44167272414893,"W/m2"
"SSP245_CO2",2299,"Ftot",5.43558376838752,"W/m2"
"SSP245_CO2",2300,"Ftot",5.4295138247181,"W/m2"
"SSP245_CO2",1850,"Tgav",0.11714020702554,"degC"
"SSP245_CO2",1851,"Tgav",0.122124591991989,"degC"
"SSP245_CO2",1852,"Tgav",0.128571608166981,"degC"
"SSP245_CO2",1853,"Tgav",0.135822647639025,"degC"
"SSP245_CO2",1854,"Tgav",0.142684329246122,"degC"
"SSP245_CO2",1855,"Tgav",0.137851332844833,"degC"
"SSP245_CO2",1856,"Tgav",0.0943666666554113,"degC"
"SSP245_CO2",1857,"Tgav",0.0377118072679191,"degC"
"SSP245_CO2",1858,"Tgav",0.02237900608797,"degC"
"SSP245_CO2",1859,"Tgav",0.0423519732660814,"degC"
"SSP245_CO2",1860,"Tgav",0.0689569846447355,"degC"
"SSP245_CO2",1861,"Tgav",0.087541782287272,"degC"
"SSP245_CO2",1862,"Tgav",0.0933487345894605,"degC"
"SSP245_CO2",1863,"Tgav",0.0983746276212696,"degC"
"SSP245_CO2",1864,"Tgav",0.110313073392515,"degC"
"SSP245_CO2",1865,"Tgav",0.124250005402407,"degC"
"SSP245_CO2",1866,"Tgav",0.137358996486239,"degC"
"SSP245_CO2",1867,"Tgav",0.148512745642835,"degC"
"SSP245_CO2",1868,"Tgav",0.157691887239198,"degC"
"SSP245_CO2",1869,"Tgav",0.164665220945669,"degC"
"SSP245_CO2",1870,"Tgav",0.170282744087937,"degC"
"SSP245_CO2",1871,"Tgav",0.175573356390908,"degC"
"SSP245_CO2",1872,"Tgav",0.179243893534166,"degC"
"SSP245_CO2",1873,"Tgav",0.181311346464658,"degC"
"SSP245_CO2",1874,"Tgav",0.184600173644304,"degC"
"SSP245_CO2",1875,"Tgav",0.187633750257234,"degC"
"SSP245_CO2",1876,"Tgav",0.186948249780991,"degC"
"SSP245_CO2",1877,"Tgav",0.18675495272082,"degC"
"SSP245_CO2",1878,"Tgav",0.190445548830516,"degC"
"SSP245_CO2",1879,"Tgav",0.19570843987078,"degC"
"SSP245_CO2",1880,"Tgav",0.20105931922921,"degC"
"SSP245_CO2",1881,"Tgav",0.206631970142871,"degC"
"SSP245_CO2",1882,"Tgav",0.201718544316888,"degC"
"SSP245_CO2",1883,"Tgav",0.118752424310098,"degC"
"SSP245_CO2",1884,"Tgav",-0.0129312040525703,"degC"
"SSP245_CO2",1885,"Tgav",-0.0630875812986548,"degC"
"SSP245_CO2",1886,"Tgav",-0.0510714836184401,"degC"
"SSP245_CO2",1887,"Tgav",-0.0305454922791917,"degC"
"SSP245_CO2",1888,"Tgav",-0.00929031401531195,"degC"
"SSP245_CO2",1889,"Tgav",-0.000421327201755684,"degC"
"SSP245_CO2",1890,"Tgav",-0.00106123718697597,"degC"
"SSP245_CO2",1891,"Tgav",0.00353749049250792,"degC"
"SSP245_CO2",1892,"Tgav",0.0225353435522128,"degC"
"SSP245_CO2",1893,"Tgav",0.0507149532977525,"degC"
"SSP245_CO2",1894,"Tgav",0.081534063854569,"degC"
"SSP245_CO2",1895,"Tgav",0.104354494714902,"degC"
"SSP245_CO2",1896,"Tgav",0.108730970707631,"degC"
"SSP245_CO2",1897,"Tgav",0.104542548266725,"degC"
"SSP245_CO2",1898,"Tgav",0.110740614156632,"degC"
"SSP245_CO2",1899,"Tgav",0.125978146795023,"degC"
"SSP245_CO2",1900,"Tgav",0.142726593501734,"degC"
"SSP245_CO2",1901,"Tgav",0.155203351559551,"degC"
"SSP245_CO2",1902,"Tgav",0.126188721769284,"degC"
"SSP245_CO2",1903,"Tgav",0.0669092682069369,"degC"
"SSP245_CO2",1904,"Tgav",0.0469595540147849,"degC"
"SSP245_CO2",1905,"Tgav",0.0665053849013008,"degC"
"SSP245_CO2",1906,"Tgav",0.091223688393483,"degC"
"SSP245_CO2",1907,"Tgav",0.105395394222376,"degC"
"SSP245_CO2",1908,"Tgav",0.117671435531606,"degC"
"SSP245_CO2",1909,"Tgav",0.132813674127005,"degC"
"SSP245_CO2",1910,"Tgav",0.147589362337198,"degC"
"SSP245_CO2",1911,"Tgav",0.160599339695503,"degC"
"SSP245_CO2",1912,"Tgav",0.149591399975894,"degC"
"SSP245_CO2",1913,"Tgav",0.129943767917993,"degC"
"SSP245_CO2",1914,"Tgav",0.136325578546449,"degC"
"SSP245_CO2",1915,"Tgav",0.153734460891851,"degC"
"SSP245_CO2",1916,"Tgav",0.168242196976542,"degC"
"SSP245_CO2",1917,"Tgav",0.179467693932731,"degC"
"SSP245_CO2",1918,"Tgav",0.1894919085741,"degC"
"SSP245_CO2",1919,"Tgav",0.201241323139732,"degC"
"SSP245_CO2",1920,"Tgav",0.202130562263361,"degC"
"SSP245_CO2",1921,"Tgav",0.205766032901413,"degC"
"SSP245_CO2",1922,"Tgav",0.216653793199167,"degC"
"SSP245_CO2",1923,"Tgav",0.224960557809713,"degC"
"SSP245_CO2",1924,"Tgav",0.231107080289305,"degC"
"SSP245_CO2",1925,"Tgav",0.236885549355951,"degC"
"SSP245_CO2",1926,"Tgav",0.242978427909548,"degC"
"SSP245_CO2",1927,"Tgav",0.247464845704717,"degC"
"SSP245_CO2",1928,"Tgav",0.247786759862206,"degC"
"SSP245_CO2",1929,"Tgav",0.242999988552329,"degC"
"SSP245_CO2",1930,"Tgav",0.244608660370308,"degC"
"SSP245_CO2",1931,"Tgav",0.253304209959151,"degC"
"SSP245_CO2",1932,"Tgav",0.261977502953581,"degC"
"SSP245_CO2",1933,"Tgav",0.268821047500803,"degC"
"SSP245_CO2",1934,"Tgav",0.276112653115062,"degC"
"SSP245_CO2",1935,"Tgav",0.281646504579319,"degC"
"SSP245_CO2",1936,"Tgav",0.286207567899421,"degC"
"SSP245_CO2",1937,"Tgav",0.288799560705514,"degC"
"SSP245_CO2",1938,"Tgav",0.292858970364679,"degC"
"SSP245_CO2",1939,"Tgav",0.295609016052349,"degC"
"SSP245_CO2",1940,"Tgav",0.297994430718301,"degC"
"SSP245_CO2",1941,"Tgav",0.300878735860811,"degC"
"SSP245_CO2",1942,"Tgav",0.301609338431612,"degC"
"SSP245_CO2",1943,"Tgav",0.302666336513157,"degC"
"SSP245_CO2",1944,"Tgav",0.30769087247283,"degC"
"SSP245_CO2",1945,"Tgav",0.318111955661879,"degC"
"SSP245_CO2",1946,"Tgav",0.328972752484812,"degC"
"SSP245_CO2",1947,"Tgav",0.334137897141224,"degC"
"SSP245_CO2",1948,"Tgav",0.337985586895313,"degC"
"SSP245_CO2",1949,"Tgav",0.342713167132939,"degC"
"SSP245_CO2",1950,"Tgav",0.344827195432693,"degC"
"SSP245_CO2",1951,"Tgav",0.347627647819339,"degC"
"SSP245_CO2",1952,"Tgav",0.351048666485208,"degC"
"SSP245_CO2",1953,"Tgav",0.354894657867092,"degC"
"SSP245_CO2",1954,"Tgav",0.361041422157275,"degC"
"SSP245_CO2",1955,"Tgav",0.367509715579614,"degC"
"SSP245_CO2",1956,"Tgav",0.373781916046655,"degC"
"SSP245_CO2",1957,"Tgav",0.38081436461706,"degC"
"SSP245_CO2",1958,"Tgav",0.390306664453017,"degC"
"SSP245_CO2",1959,"Tgav",0.399022696688795,"degC"
"SSP245_CO2",1960,"Tgav",0.401086123354408,"degC"
"SSP245_CO2",1961,"Tgav",0.389756555292747,"degC"
"SSP245_CO2",1962,"Tgav",0.376891236204645,"degC"
"SSP245_CO2",1963,"Tgav",0.327068737716739,"degC"
"SSP245_CO2",1964,"Tgav",0.257506832436133,"degC"
"SSP245_CO2",1965,"Tgav",0.233704103450774,"degC"
"SSP245_CO2",1966,"Tgav",0.254564213366453,"degC"
"SSP245_CO2",1967,"Tgav",0.286696611458364,"degC"
"SSP245_CO2",1968,"Tgav",0.294409596612496,"degC"
"SSP245_CO2",1969,"Tgav",0.293595640143591,"degC"
"SSP245_CO2",1970,"Tgav",0.314738336973717,"degC"
"SSP245_CO2",1971,"Tgav",0.35182392896324,"degC"
"SSP245_CO2",1972,"Tgav",0.386252081632022,"degC"
"SSP245_CO2",1973,"Tgav",0.410477532453223,"degC"
"SSP245_CO2",1974,"Tgav",0.421138790462671,"degC"
"SSP245_CO2",1975,"Tgav",0.426202486132393,"degC"
"SSP245_CO2",1976,"Tgav",0.443136916163962,"degC"
"SSP245_CO2",1977,"Tgav",0.47541319290107,"degC"
"SSP245_CO2",1978,"Tgav",0.504516520021214,"degC"
"SSP245_CO2",1979,"Tgav",0.529043313134517,"degC"
"SSP245_CO2",1980,"Tgav",0.556889665370549,"degC"
"SSP245_CO2",1981,"Tgav",0.5795293739467,"degC"
"SSP245_CO2",1982,"Tgav",0.543632011182236,"degC"
"SSP245_CO2",1983,"Tgav",0.494516172173302,"degC"
"SSP245_CO2",1984,"Tgav",0.510910819768454,"degC"
"SSP245_CO2",1985,"Tgav",0.559238014204943,"degC"
"SSP245_CO2",1986,"Tgav",0.606632325915374,"degC"
"SSP245_CO2",1987,"Tgav",0.647966574380365,"degC"
"SSP245_CO2",1988,"Tgav",0.688464127949688,"degC"
"SSP245_CO2",1989,"Tgav",0.726874087026284,"degC"
"SSP245_CO2",1990,"Tgav",0.761473113810311,"degC"
"SSP245_CO2",1991,"Tgav",0.70986366460367,"degC"
"SSP245_CO2",1992,"Tgav",0.621683527877757,"degC"
"SSP245_CO2",1993,"Tgav",0.624217097066584,"degC"
"SSP245_CO2",1994,"Tgav",0.685445827634919,"degC"
"SSP245_CO2",1995,"Tgav",0.757287796980018,"degC"
"SSP245_CO2",1996,"Tgav",0.820859268399942,"degC"
"SSP245_CO2",1997,"Tgav",0.870437882786596,"degC"
"SSP245_CO2",1998,"Tgav",0.917432294940021,"degC"
"SSP245_CO2",1999,"Tgav",0.966674218118192,"degC"
"SSP245_CO2",2000,"Tgav",1.01111536648202,"degC"
"SSP245_CO2",2001,"Tgav",1.05031602918777,"degC"
"SSP245_CO2",2002,"Tgav",1.08280244505693,"degC"
"SSP245_CO2",2003,"Tgav",1.11102583173426,"degC"
"SSP245_CO2",2004,"Tgav",1.13983917491282,"degC"
"SSP245_CO2",2005,"Tgav",1.16286952944692,"degC"
"SSP245_CO2",2006,"Tgav",1.17485181890079,"degC"
"SSP245_CO2",2007,"Tgav",1.18764179517173,"degC"
"SSP245_CO2",2008,"Tgav",1.20548550007239,"degC"
"SSP245_CO2",2009,"Tgav",1.22724725855964,"degC"
"SSP245_CO2",2010,"Tgav",1.25085596026664,"degC"
"SSP245_CO2",2011,"Tgav",1.2748399889174,"degC"
"SSP245_CO2",2012,"Tgav",1.29771502349794,"degC"
"SSP245_CO2",2013,"Tgav",1.32255190173927,"degC"
"SSP245_CO2",2014,"Tgav",1.34618179498788,"degC"
"SSP245_CO2",2015,"Tgav",1.37916874584737,"degC"
"SSP245_CO2",2016,"Tgav",1.41228152995606,"degC"
"SSP245_CO2",2017,"Tgav",1.44438540527643,"degC"
"SSP245_CO2",2018,"Tgav",1.47601165666157,"degC"
"SSP245_CO2",2019,"Tgav",1.50743172479095,"degC"
"SSP245_CO2",2020,"Tgav",1.53879473648252,"degC"
"SSP245_CO2",2021,"Tgav",1.56819317044645,"degC"
"SSP245_CO2",2022,"Tgav",1.59836749579963,"degC"
"SSP245_CO2",2023,"Tgav",1.6339102109378,"degC"
"SSP245_CO2",2024,"Tgav",1.67785045169153,"degC"
"SSP245_CO2",2025,"Tgav",1.73188866511604,"degC"
"SSP245_CO2",2026,"Tgav",1.79686088987682,"degC"
"SSP245_CO2",2027,"Tgav",1.87300534348884,"degC"
"SSP245_CO2",2028,"Tgav",1.960140623258,"degC"
"SSP245_CO2",2029,"Tgav",2.05779547829545,"degC"
"SSP245_CO2",2030,"Tgav",2.16530652153018,"degC"
"SSP245_CO2",2031,"Tgav",2.28255764992419,"degC"
"SSP245_CO2",2032,"Tgav",2.40558911400875,"degC"
"SSP245_CO2",2033,"Tgav",2.52871957393368,"degC"
"SSP245_CO2",2034,"Tgav",2.64828270157166,"degC"
"SSP245_CO2",2035,"Tgav",2.7621147506543,"degC"
"SSP245_CO2",2036,"Tgav",2.86888542571677,"degC"
"SSP245_CO2",2037,"Tgav",2.96775326211132,"degC"
"SSP245_CO2",2038,"Tgav",3.05816783560301,"degC"
"SSP245_CO2",2039,"Tgav",3.13974910418103,"degC"
"SSP245_CO2",2040,"Tgav",3.21221017567565,"degC"
"SSP245_CO2",2041,"Tgav",3.27534476435955,"degC"
"SSP245_CO2",2042,"Tgav",3.33010485411443,"degC"
"SSP245_CO2",2043,"Tgav",3.37840196187114,"degC"
"SSP245_CO2",2044,"Tgav",3.42167191114626,"degC"
"SSP245_CO2",2045,"Tgav",3.46090146054256,"degC"
"SSP245_CO2",2046,"Tgav",3.49680570344679,"degC"
"SSP245_CO2",2047,"Tgav",3.52992279271081,"degC"
"SSP245_CO2",2048,"Tgav",3.5606696664953,"degC"
"SSP245_CO2",2049,"Tgav",3.58937696374449,"degC"
"SSP245_CO2",2050,"Tgav",3.61631197874333,"degC"
"SSP245_CO2",2051,"Tgav",3.64134863678939,"degC"
"SSP245_CO2",2052,"Tgav",3.66471297165157,"degC"
"SSP245_CO2",2053,"Tgav",3.68662273211769,"degC"
"SSP245_CO2",2054,"Tgav",3.7072446343944,"degC"
"SSP245_CO2",2055,"Tgav",3.72671377876552,"degC"
"SSP245_CO2",2056,"Tgav",3.74514271750926,"degC"
"SSP245_CO2",2057,"Tgav",3.76262701128421,"degC"
"SSP245_CO2",2058,"Tgav",3.77924892642625,"degC"
"SSP245_CO2",2059,"Tgav",3.79508008418992,"degC"
"SSP245_CO2",2060,"Tgav",3.81021015082577,"degC"
"SSP245_CO2",2061,"Tgav",3.82437691209376,"degC"
"SSP245_CO2",2062,"Tgav",3.83773515492409,"degC"
"SSP245_CO2",2063,"Tgav",3.85039888597794,"degC"
"SSP245_CO2",2064,"Tgav",3.86245120808501,"degC"
"SSP245_CO2",2065,"Tgav",3.87395430392968,"degC"
"SSP245_CO2",2066,"Tgav",3.88495767876205,"degC"
"SSP245_CO2",2067,"Tgav",3.89550195280657,"degC"
"SSP245_CO2",2068,"Tgav",3.90562116539479,"degC"
"SSP245_CO2",2069,"Tgav",3.91534430111975,"degC"
"SSP245_CO2",2070,"Tgav",3.92469635600617,"degC"
"SSP245_CO2",2071,"Tgav",3.93369630222475,"degC"
"SSP245_CO2",2072,"Tgav",3.94234239506663,"degC"
"SSP245_CO2",2073,"Tgav",3.95062235328471,"degC"
"SSP245_CO2",2074,"Tgav",3.95852974618372,"degC"
"SSP245_CO2",2075,"Tgav",3.96606304057186,"degC"
"SSP245_CO2",2076,"Tgav",3.97322336008729,"degC"
"SSP245_CO2",2077,"Tgav",3.9800133252638,"degC"
"SSP245_CO2",2078,"Tgav",3.98643638765368,"degC"
"SSP245_CO2",2079,"Tgav",3.99249643674344,"degC"
"SSP245_CO2",2080,"Tgav",3.99819757126785,"degC"
"SSP245_CO2",2081,"Tgav",4.00374208496661,"degC"
"SSP245_CO2",2082,"Tgav",4.00906081879593,"degC"
"SSP245_CO2",2083,"Tgav",4.0141566005488,"degC"
"SSP245_CO2",2084,"Tgav",4.01900477838677,"degC"
"SSP245_CO2",2085,"Tgav",4.02359129438146,"degC"
"SSP245_CO2",2086,"Tgav",4.02790566160432,"degC"
"SSP245_CO2",2087,"Tgav",4.03194053499283,"degC"
"SSP245_CO2",2088,"Tgav",4.03569075998159,"degC"
"SSP245_CO2",2089,"Tgav",4.0391523264254,"degC"
"SSP245_CO2",2090,"Tgav",4.04232172122453,"degC"
"SSP245_CO2",2091,"Tgav",4.04510413150594,"degC"
"SSP245_CO2",2092,"Tgav",4.0475250762361,"degC"
"SSP245_CO2",2093,"Tgav",4.0496294047637,"degC"
"SSP245_CO2",2094,"Tgav",4.05144746093722,"degC"
"SSP245_CO2",2095,"Tgav",4.05299947813878,"degC"
"SSP245_CO2",2096,"Tgav",4.05429960647967,"degC"
"SSP245_CO2",2097,"Tgav",4.05535804169687,"degC"
"SSP245_CO2",2098,"Tgav",4.05618228277981,"degC"
"SSP245_CO2",2099,"Tgav",4.05677795523096,"degC"
"SSP245_CO2",2100,"Tgav",4.05714939522957,"degC"
"SSP245_CO2",2101,"Tgav",4.05736805464077,"degC"
"SSP245_CO2",2102,"Tgav",4.0574705582289,"degC"
"SSP245_CO2",2103,"Tgav",4.05742726875231,"degC"
"SSP245_CO2",2104,"Tgav",4.05730017415142,"degC"
"SSP245_CO2",2105,"Tgav",4.05711075182284,"degC"
"SSP245_CO2",2106,"Tgav",4.05687610516869,"degC"
"SSP245_CO2",2107,"Tgav",4.05660995481805,"degC"
"SSP245_CO2",2108,"Tgav",4.05632409013585,"degC"
"SSP245_CO2",2109,"Tgav",4.05602852661152,"degC"
"SSP245_CO2",2110,"Tgav",4.0557318027547,"degC"
"SSP245_CO2",2111,"Tgav",4.05544128911232,"degC"
"SSP245_CO2",2112,"Tgav",4.05516338785895,"degC"
"SSP245_CO2",2113,"Tgav",4.05490366121828,"degC"
"SSP245_CO2",2114,"Tgav",4.05466694764825,"degC"
"SSP245_CO2",2115,"Tgav",4.05445746393609,"degC"
"SSP245_CO2",2116,"Tgav",4.05427898458402,"degC"
"SSP245_CO2",2117,"Tgav",4.0541349206743,"degC"
"SSP245_CO2",2118,"Tgav",4.05402822594709,"degC"
"SSP245_CO2",2119,"Tgav",4.05396139179297,"degC"
"SSP245_CO2",2120,"Tgav",4.05393652218717,"degC"
"SSP245_CO2",2121,"Tgav",4.05395539899936,"degC"
"SSP245_CO2",2122,"Tgav",4.05401952265987,"degC"
"SSP245_CO2",2123,"Tgav",4.0541507200125,"degC"
"SSP245_CO2",2124,"Tgav",4.05430557288087,"degC"
"SSP245_CO2",2125,"Tgav",4.0545100437369,"degC"
"SSP245_CO2",2126,"Tgav",4.05476385518341,"degC"
"SSP245_CO2",2127,"Tgav",4.0550678811438,"degC"
"SSP245_CO2",2128,"Tgav",4.05542215490085,"degC"
"SSP245_CO2",2129,"Tgav",4.05582672375509,"degC"
"SSP245_CO2",2130,"Tgav",4.05628157971242,"degC"
"SSP245_CO2",2131,"Tgav",4.05678664686016,"degC"
"SSP245_CO2",2132,"Tgav",4.0573417910715,"degC"
"SSP245_CO2",2133,"Tgav",4.05794683764756,"degC"
"SSP245_CO2",2134,"Tgav",4.05860153664234,"degC"
"SSP245_CO2",2135,"Tgav",4.05930553341206,"degC"
"SSP245_CO2",2136,"Tgav",4.06005838263196,"degC"
"SSP245_CO2",2137,"Tgav",4.06085957100249,"degC"
"SSP245_CO2",2138,"Tgav",4.06170852437639,"degC"
"SSP245_CO2",2139,"Tgav",4.06260462248369,"degC"
"SSP245_CO2",2140,"Tgav",4.06354720816087,"degC"
"SSP245_CO2",2141,"Tgav",4.06453559891182,"degC"
"SSP245_CO2",2142,"Tgav",4.06556908143714,"degC"
"SSP245_CO2",2143,"Tgav",4.06664691969617,"degC"
"SSP245_CO2",2144,"Tgav",4.06778595923202,"degC"
"SSP245_CO2",2145,"Tgav",4.06895550779365,"degC"
"SSP245_CO2",2146,"Tgav",4.07017883988758,"degC"
"SSP245_CO2",2147,"Tgav",4.07143306870584,"degC"
"SSP245_CO2",2148,"Tgav",4.07273774050675,"degC"
"SSP245_CO2",2149,"Tgav",4.07407353496147,"degC"
"SSP245_CO2",2150,"Tgav",4.07545623951259,"degC"
"SSP245_CO2",2151,"Tgav",4.07686978786876,"degC"
"SSP245_CO2",2152,"Tgav",4.07831999730143,"degC"
"SSP245_CO2",2153,"Tgav",4.07978122898869,"degC"
"SSP245_CO2",2154,"Tgav",4.08125447673685,"degC"
"SSP245_CO2",2155,"Tgav",4.08272213797191,"degC"
"SSP245_CO2",2156,"Tgav",4.08418791080127,"degC"
"SSP245_CO2",2157,"Tgav",4.0856388964602,"degC"
"SSP245_CO2",2158,"Tgav",4.08707926840086,"degC"
"SSP245_CO2",2159,"Tgav",4.08849898543525,"degC"
"SSP245_CO2",2160,"Tgav",4.08990203991285,"degC"
"SSP245_CO2",2161,"Tgav",4.09128037132412,"degC"
"SSP245_CO2",2162,"Tgav",4.09263758015003,"degC"
"SSP245_CO2",2163,"Tgav",4.09396705686814,"degC"
"SSP245_CO2",2164,"Tgav",4.09530937134912,"degC"
"SSP245_CO2",2165,"Tgav",4.09659850412424,"degC"
"SSP245_CO2",2166,"Tgav",4.0978307120055,"degC"
"SSP245_CO2",2167,"Tgav",4.09905787814847,"degC"
"SSP245_CO2",2168,"Tgav",4.10022948790981,"degC"
"SSP245_CO2",2169,"Tgav",4.101375612687,"degC"
"SSP245_CO2",2170,"Tgav",4.10249089699892,"degC"
"SSP245_CO2",2171,"Tgav",4.10357533960933,"degC"
"SSP245_CO2",2172,"Tgav",4.10462832664913,"degC"
"SSP245_CO2",2173,"Tgav",4.10564940678924,"degC"
"SSP245_CO2",2174,"Tgav",4.10663812314794,"degC"
"SSP245_CO2",2175,"Tgav",4.10759393149421,"degC"
"SSP245_CO2",2176,"Tgav",4.10851623549942,"degC"
"SSP245_CO2",2177,"Tgav",4.10940445356134,"degC"
"SSP245_CO2",2178,"Tgav",4.11025808140502,"degC"
"SSP245_CO2",2179,"Tgav",4.11107670081661,"degC"
"SSP245_CO2",2180,"Tgav",4.11185990547323,"degC"
"SSP245_CO2",2181,"Tgav",4.11260722830398,"degC"
"SSP245_CO2",2182,"Tgav",4.11331817337541,"degC"
"SSP245_CO2",2183,"Tgav",4.11399225245672,"degC"
"SSP245_CO2",2184,"Tgav",4.11462897385551,"degC"
"SSP245_CO2",2185,"Tgav",4.11522786799486,"degC"
"SSP245_CO2",2186,"Tgav",4.11578874346565,"degC"
"SSP245_CO2",2187,"Tgav",4.1163116871001,"degC"
"SSP245_CO2",2188,"Tgav",4.11681310754489,"degC"
"SSP245_CO2",2189,"Tgav",4.11726524809168,"degC"
"SSP245_CO2",2190,"Tgav",4.11769004933405,"degC"
"SSP245_CO2",2191,"Tgav",4.11806565458562,"degC"
"SSP245_CO2",2192,"Tgav",4.11841181626779,"degC"
"SSP245_CO2",2193,"Tgav",4.1187088906519,"degC"
"SSP245_CO2",2194,"Tgav",4.11897420764397,"degC"
"SSP245_CO2",2195,"Tgav",4.1191907947036,"degC"
"SSP245_CO2",2196,"Tgav",4.11937469517171,"degC"
"SSP245_CO2",2197,"Tgav",4.11951135489198,"degC"
"SSP245_CO2",2198,"Tgav",4.11961454196248,"degC"
"SSP245_CO2",2199,"Tgav",4.11967082959331,"degC"
"SSP245_CO2",2200,"Tgav",4.11969189113824,"degC"
"SSP245_CO2",2201,"Tgav",4.11966563938458,"degC"
"SSP245_CO2",2202,"Tgav",4.11960225491238,"degC"
"SSP245_CO2",2203,"Tgav",4.11949097204017,"degC"
"SSP245_CO2",2204,"Tgav",4.11934069486595,"degC"
"SSP245_CO2",2205,"Tgav",4.11914188410386,"degC"
"SSP245_CO2",2206,"Tgav",4.11890241545031,"degC"
"SSP245_CO2",2207,"Tgav",4.11861391200243,"degC"
"SSP245_CO2",2208,"Tgav",4.11831665753653,"degC"
"SSP245_CO2",2209,"Tgav",4.11795032317291,"degC"
"SSP245_CO2",2210,"Tgav",4.11751247662783,"degC"
"SSP245_CO2",2211,"Tgav",4.11704798085564,"degC"
"SSP245_CO2",2212,"Tgav",4.1165147618478,"degC"
"SSP245_CO2",2213,"Tgav",4.11593828142234,"degC"
"SSP245_CO2",2214,"Tgav",4.11531474604669,"degC"
"SSP245_CO2",2215,"Tgav",4.11464428906111,"degC"
"SSP245_CO2",2216,"Tgav",4.11392655279876,"degC"
"SSP245_CO2",2217,"Tgav",4.11316128900813,"degC"
"SSP245_CO2",2218,"Tgav",4.11234830735592,"degC"
"SSP245_CO2",2219,"Tgav",4.11148740670188,"degC"
"SSP245_CO2",2220,"Tgav",4.11057836982238,"degC"
"SSP245_CO2",2221,"Tgav",4.10962097193696,"degC"
"SSP245_CO2",2222,"Tgav",4.10861498517887,"degC"
"SSP245_CO2",2223,"Tgav",4.10756018048371,"degC"
"SSP245_CO2",2224,"Tgav",4.10645632848004,"degC"
"SSP245_CO2",2225,"Tgav",4.10530320870037,"degC"
"SSP245_CO2",2226,"Tgav",4.1041006049474,"degC"
"SSP245_CO2",2227,"Tgav",4.1028482807184,"degC"
"SSP245_CO2",2228,"Tgav",4.1015459473539,"degC"
"SSP245_CO2",2229,"Tgav",4.10019323385211,"degC"
"SSP245_CO2",2230,"Tgav",4.09878966193155,"degC"
"SSP245_CO2",2231,"Tgav",4.09733462743093,"degC"
"SSP245_CO2",2232,"Tgav",4.09584309803109,"degC"
"SSP245_CO2",2233,"Tgav",4.09428170149323,"degC"
"SSP245_CO2",2234,"Tgav",4.0926667095553,"degC"
"SSP245_CO2",2235,"Tgav",4.09099630513174,"degC"
"SSP245_CO2",2236,"Tgav",4.08926957345622,"degC"
"SSP245_CO2",2237,"Tgav",4.08748496818042,"degC"
"SSP245_CO2",2238,"Tgav",4.08564097080045,"degC"
"SSP245_CO2",2239,"Tgav",4.08373609686878,"degC"
"SSP245_CO2",2240,"Tgav",4.08176891388349,"degC"
"SSP245_CO2",2241,"Tgav",4.0797380621353,"degC"
"SSP245_CO2",2242,"Tgav",4.07764227437238,"degC"
"SSP245_CO2",2243,"Tgav",4.07548039299682,"degC"
"SSP245_CO2",2244,"Tgav",4.07325138444308,"degC"
"SSP245_CO2",2245,"Tgav",4.07095435090378,"degC"
"SSP245_CO2",2246,"Tgav",4.06858853485496,"degC"
"SSP245_CO2",2247,"Tgav",4.06615331370195,"degC"
"SSP245_CO2",2248,"Tgav",4.06364818922798,"degC"
"SSP245_CO2",2249,"Tgav",4.06107277556952,"degC"
"SSP245_CO2",2250,"Tgav",4.05842678734096,"degC"
"SSP245_CO2",2251,"Tgav",4.05564780388414,"degC"
"SSP245_CO2",2252,"Tgav",4.05277380146291,"degC"
"SSP245_CO2",2253,"Tgav",4.04985935167141,"degC"
"SSP245_CO2",2254,"Tgav",4.04689628875288,"degC"
"SSP245_CO2",2255,"Tgav",4.04391637149548,"degC"
"SSP245_CO2",2256,"Tgav",4.04092989023326,"degC"
"SSP245_CO2",2257,"Tgav",4.0379435228803,"degC"
"SSP245_CO2",2258,"Tgav",4.03496117232784,"degC"
"SSP245_CO2",2259,"Tgav",4.03198527981489,"degC"
"SSP245_CO2",2260,"Tgav",4.0290172600698,"degC"
"SSP245_CO2",2261,"Tgav",4.02605780108504,"degC"
"SSP245_CO2",2262,"Tgav",4.02310707805731,"degC"
"SSP245_CO2",2263,"Tgav",4.02016490830251,"degC"
"SSP245_CO2",2264,"Tgav",4.01723086417732,"degC"
"SSP245_CO2",2265,"Tgav",4.01430435723746,"degC"
"SSP245_CO2",2266,"Tgav",4.0113846997173,"degC"
"SSP245_CO2",2267,"Tgav",4.00847114932426,"degC"
"SSP245_CO2",2268,"Tgav",4.00556294187138,"degC"
"SSP245_CO2",2269,"Tgav",4.00265931492956,"degC"
"SSP245_CO2",2270,"Tgav",3.9997595247787,"degC"
"SSP245_CO2",2271,"Tgav",3.99686285832613,"degC"
"SSP245_CO2",2272,"Tgav",3.99396864123198,"degC"
"SSP245_CO2",2273,"Tgav",3.99107624317246,"degC"
"SSP245_CO2",2274,"Tgav",3.98819942412125,"degC"
"SSP245_CO2",2275,"Tgav",3.98530762220031,"degC"
"SSP245_CO2",2276,"Tgav",3.98241529524183,"degC"
"SSP245_CO2",2277,"Tgav",3.97952312184183,"degC"
"SSP245_CO2",2278,"Tgav",3.97663092938916,"degC"
"SSP245_CO2",2279,"Tgav",3.97373813350059,"degC"
"SSP245_CO2",2280,"Tgav",3.9708442951949,"degC"
"SSP245_CO2",2281,"Tgav",3.96794908102675,"degC"
"SSP245_CO2",2282,"Tgav",3.96505227182673,"degC"
"SSP245_CO2",2283,"Tgav",3.96215373471875,"degC"
"SSP245_CO2",2284,"Tgav",3.9592534010329,"degC"
"SSP245_CO2",2285,"Tgav",3.95635125261429,"degC"
"SSP245_CO2",2286,"Tgav",3.95344731247121,"degC"
"SSP245_CO2",2287,"Tgav",3.95054163792066,"degC"
"SSP245_CO2",2288,"Tgav",3.94763431528657,"degC"
"SSP245_CO2",2289,"Tgav",3.94472545563011,"degC"
"SSP245_CO2",2290,"Tgav",3.94181519120575,"degC"
"SSP245_CO2",2291,"Tgav",3.93890367245282,"degC"
"SSP245_CO2",2292,"Tgav",3.93599106539926,"degC"
"SSP245_CO2",2293,"Tgav",3.93307754939378,"degC"
"SSP245_CO2",2294,"Tgav",3.93016331510735,"degC"
"SSP245_CO2",2295,"Tgav",3.92726168936311,"degC"
"SSP245_CO2",2296,"Tgav",3.92434547292143,"degC"
"SSP245_CO2",2297,"Tgav",3.92142803906603,"degC"
"SSP245_CO2",2298,"Tgav",3.91851116429387,"degC"
"SSP245_CO2",2299,"Tgav",3.91559526202356,"degC"
"SSP245_CO2",2300,"Tgav",3.91268031542787,"degC"
"SSP370_CO2",1850,"Ca",284.20440303028,"ppmv CO2"
"SSP370_CO2",1851,"Ca",284.416504591648,"ppmv CO2"
"SSP370_CO2",1852,"Ca",284.619478993891,"ppmv CO2"
"SSP370_CO2",1853,"Ca",284.837667042056,"ppmv CO2"
"SSP370_CO2",1854,"Ca",285.074361949939,"ppmv CO2"
"SSP370_CO2",1855,"Ca",285.305200218061,"ppmv CO2"
"SSP370_CO2",1856,"Ca",285.529611922044,"ppmv CO2"
"SSP370_CO2",1857,"Ca",285.736094537586,"ppmv CO2"
"SSP370_CO2",1858,"Ca",285.889064315823,"ppmv CO2"
"SSP370_CO2",1859,"Ca",285.993078552476,"ppmv CO2"
"SSP370_CO2",1860,"Ca",286.115248927756,"ppmv CO2"
"SSP370_CO2",1861,"Ca",286.28540665864,"ppmv CO2"
"SSP370_CO2",1862,"Ca",286.490415163717,"ppmv CO2"
"SSP370_CO2",1863,"Ca",286.677045501227,"ppmv CO2"
"SSP370_CO2",1864,"Ca",286.827311587307,"ppmv CO2"
"SSP370_CO2",1865,"Ca",286.975567627318,"ppmv CO2"
"SSP370_CO2",1866,"Ca",287.131791514372,"ppmv CO2"
"SSP370_CO2",1867,"Ca",287.294613946709,"ppmv CO2"
"SSP370_CO2",1868,"Ca",287.46034671412,"ppmv CO2"
"SSP370_CO2",1869,"Ca",287.625328482448,"ppmv CO2"
"SSP370_CO2",1870,"Ca",287.787904889752,"ppmv CO2"
"SSP370_CO2",1871,"Ca",287.946911078138,"ppmv CO2"
"SSP370_CO2",1872,"Ca",288.112541860088,"ppmv CO2"
"SSP370_CO2",1873,"Ca",288.326873178438,"ppmv CO2"
"SSP370_CO2",1874,"Ca",288.579586210155,"ppmv CO2"
"SSP370_CO2",1875,"Ca",288.827415572036,"ppmv CO2"
"SSP370_CO2",1876,"Ca",289.074107570734,"ppmv CO2"
"SSP370_CO2",1877,"Ca",289.32480658231,"ppmv CO2"
"SSP370_CO2",1878,"Ca",289.571034445316,"ppmv CO2"
"SSP370_CO2",1879,"Ca",289.815444523586,"ppmv CO2"
"SSP370_CO2",1880,"Ca",290.06676799777,"ppmv CO2"
"SSP370_CO2",1881,"Ca",290.33025585456,"ppmv CO2"
"SSP370_CO2",1882,"Ca",290.615271348405,"ppmv CO2"
"SSP370_CO2",1883,"Ca",290.890814838459,"ppmv CO2"
"SSP370_CO2",1884,"Ca",291.134510043545,"ppmv CO2"
"SSP370_CO2",1885,"Ca",291.278636964401,"ppmv CO2"
"SSP370_CO2",1886,"Ca",291.313940902287,"ppmv CO2"
"SSP370_CO2",1887,"Ca",291.364746364424,"ppmv CO2"
"SSP370_CO2",1888,"Ca",291.476400482251,"ppmv CO2"
"SSP370_CO2",1889,"Ca",291.634434039163,"ppmv CO2"
"SSP370_CO2",1890,"Ca",291.819023557131,"ppmv CO2"
"SSP370_CO2",1891,"Ca",292.005545934232,"ppmv CO2"
"SSP370_CO2",1892,"Ca",292.185948124578,"ppmv CO2"
"SSP370_CO2",1893,"Ca",292.373128645724,"ppmv CO2"
"SSP370_CO2",1894,"Ca",292.579960127067,"ppmv CO2"
"SSP370_CO2",1895,"Ca",292.813999902627,"ppmv CO2"
"SSP370_CO2",1896,"Ca",293.078776333385,"ppmv CO2"
"SSP370_CO2",1897,"Ca",293.353441576916,"ppmv CO2"
"SSP370_CO2",1898,"Ca",293.615957694967,"ppmv CO2"
"SSP370_CO2",1899,"Ca",293.867242210264,"ppmv CO2"
"SSP370_CO2",1900,"Ca",294.130338755346,"ppmv CO2"
"SSP370_CO2",1901,"Ca",294.414702354655,"ppmv CO2"
"SSP370_CO2",1902,"Ca",294.742472598366,"ppmv CO2"
"SSP370_CO2",1903,"Ca",295.101298268545,"ppmv CO2"
"SSP370_CO2",1904,"Ca",295.433286428209,"ppmv CO2"
"SSP370_CO2",1905,"Ca",295.729744820152,"ppmv CO2"
"SSP370_CO2",1906,"Ca",296.046973428993,"ppmv CO2"
"SSP370_CO2",1907,"Ca",296.443119650441,"ppmv CO2"
"SSP370_CO2",1908,"Ca",296.90009479923,"ppmv CO2"
"SSP370_CO2",1909,"Ca",297.367750738463,"ppmv CO2"
"SSP370_CO2",1910,"Ca",297.831926604939,"ppmv CO2"
"SSP370_CO2",1911,"Ca",298.309909092564,"ppmv CO2"
"SSP370_CO2",1912,"Ca",298.766861911661,"ppmv CO2"
"SSP370_CO2",1913,"Ca",299.184984120532,"ppmv CO2"
"SSP370_CO2",1914,"Ca",299.563076875505,"ppmv CO2"
"SSP370_CO2",1915,"Ca",299.88808720157,"ppmv CO2"
"SSP370_CO2",1916,"Ca",300.194952299948,"ppmv CO2"
"SSP370_CO2",1917,"Ca",300.527028278894,"ppmv CO2"
"SSP370_CO2",1918,"Ca",300.885022320298,"ppmv CO2"
"SSP370_CO2",1919,"Ca",301.245565298453,"ppmv CO2"
"SSP370_CO2",1920,"Ca",301.577777329223,"ppmv CO2"
"SSP370_CO2",1921,"Ca",301.91713340862,"ppmv CO2"
"SSP370_CO2",1922,"Ca",302.265863368545,"ppmv CO2"
"SSP370_CO2",1923,"Ca",302.610841456092,"ppmv CO2"
"SSP370_CO2",1924,"Ca",302.995475732206,"ppmv CO2"
"SSP370_CO2",1925,"Ca",303.40737803599,"ppmv CO2"
"SSP370_CO2",1926,"Ca",303.820734800293,"ppmv CO2"
"SSP370_CO2",1927,"Ca",304.226903884597,"ppmv CO2"
"SSP370_CO2",1928,"Ca",304.665897867,"ppmv CO2"
"SSP370_CO2",1929,"Ca",305.137250985192,"ppmv CO2"
"SSP370_CO2",1930,"Ca",305.625700797644,"ppmv CO2"
"SSP370_CO2",1931,"Ca",306.138270323112,"ppmv CO2"
"SSP370_CO2",1932,"Ca",306.634639390171,"ppmv CO2"
"SSP370_CO2",1933,"Ca",307.044401818339,"ppmv CO2"
"SSP370_CO2",1934,"Ca",307.400159555696,"ppmv CO2"
"SSP370_CO2",1935,"Ca",307.775276109788,"ppmv CO2"
"SSP370_CO2",1936,"Ca",308.168095043673,"ppmv CO2"
"SSP370_CO2",1937,"Ca",308.589140093111,"ppmv CO2"
"SSP370_CO2",1938,"Ca",309.034133995231,"ppmv CO2"
"SSP370_CO2",1939,"Ca",309.460377651818,"ppmv CO2"
"SSP370_CO2",1940,"Ca",309.881573350607,"ppmv CO2"
"SSP370_CO2",1941,"Ca",310.326627468876,"ppmv CO2"
"SSP370_CO2",1942,"Ca",310.775451730717,"ppmv CO2"
"SSP370_CO2",1943,"Ca",311.223523773223,"ppmv CO2"
"SSP370_CO2",1944,"Ca",311.678562172872,"ppmv CO2"
"SSP370_CO2",1945,"Ca",312.130803220603,"ppmv CO2"
"SSP370_CO2",1946,"Ca",312.531126573738,"ppmv CO2"
"SSP370_CO2",1947,"Ca",312.955116197593,"ppmv CO2"
"SSP370_CO2",1948,"Ca",313.490227179736,"ppmv CO2"
"SSP370_CO2",1949,"Ca",314.079178936873,"ppmv CO2"
"SSP370_CO2",1950,"Ca",314.671586199507,"ppmv CO2"
"SSP370_CO2",1951,"Ca",315.296985633641,"ppmv CO2"
"SSP370_CO2",1952,"Ca",316.078596525428,"ppmv CO2"
"SSP370_CO2",1953,"Ca",316.977150591428,"ppmv CO2"
"SSP370_CO2",1954,"Ca",317.874986531393,"ppmv CO2"
"SSP370_CO2",1955,"Ca",318.794863542862,"ppmv CO2"
"SSP370_CO2",1956,"Ca",319.791026558625,"ppmv CO2"
"SSP370_CO2",1957,"Ca",320.881500697616,"ppmv CO2"
"SSP370_CO2",1958,"Ca",322.032991119449,"ppmv CO2"
"SSP370_CO2",1959,"Ca",323.227642868668,"ppmv CO2"
"SSP370_CO2",1960,"Ca",324.43941058565,"ppmv CO2"
"SSP370_CO2",1961,"Ca",325.648780431975,"ppmv CO2"
"SSP370_CO2",1962,"Ca",326.87863457511,"ppmv CO2"
"SSP370_CO2",1963,"Ca",328.11164827813,"ppmv CO2"
"SSP370_CO2",1964,"Ca",329.360187856277,"ppmv CO2"
"SSP370_CO2",1965,"Ca",330.58901208203,"ppmv CO2"
"SSP370_CO2",1966,"Ca",331.797725340491,"ppmv CO2"
"SSP370_CO2",1967,"Ca",333.07676265242,"ppmv CO2"
"SSP370_CO2",1968,"Ca",334.456637456462,"ppmv CO2"
"SSP370_CO2",1969,"Ca",335.913936469195,"ppmv CO2"
"SSP370_CO2",1970,"Ca",337.394894539344,"ppmv CO2"
"SSP370_CO2",1971,"Ca",338.925277776297,"ppmv CO2"
"SSP370_CO2",1972,"Ca",340.472573768898,"ppmv CO2"
"SSP370_CO2",1973,"Ca",342.0089933154,"ppmv CO2"
"SSP370_CO2",1974,"Ca",343.59745366126,"ppmv CO2"
"SSP370_CO2",1975,"Ca",345.190426013606,"ppmv CO2"
"SSP370_CO2",1976,"Ca",346.720836588882,"ppmv CO2"
"SSP370_CO2",1977,"Ca",348.281093168449,"ppmv CO2"
"SSP370_CO2",1978,"Ca",349.939705524442,"ppmv CO2"
"SSP370_CO2",1979,"Ca",351.665058747072,"ppmv CO2"
"SSP370_CO2",1980,"Ca",353.403712676654,"ppmv CO2"
"SSP370_CO2",1981,"Ca",355.102843237125,"ppmv CO2"
"SSP370_CO2",1982,"Ca",356.739036320091,"ppmv CO2"
"SSP370_CO2",1983,"Ca",358.319041885225,"ppmv CO2"
"SSP370_CO2",1984,"Ca",359.874355264835,"ppmv CO2"
"SSP370_CO2",1985,"Ca",361.468092976394,"ppmv CO2"
"SSP370_CO2",1986,"Ca",363.150341921892,"ppmv CO2"
"SSP370_CO2",1987,"Ca",364.929738481343,"ppmv CO2"
"SSP370_CO2",1988,"Ca",366.775550985454,"ppmv CO2"
"SSP370_CO2",1989,"Ca",368.668743221443,"ppmv CO2"
"SSP370_CO2",1990,"Ca",370.618904218665,"ppmv CO2"
"SSP370_CO2",1991,"Ca",372.522228458176,"ppmv CO2"
"SSP370_CO2",1992,"Ca",374.444451506676,"ppmv CO2"
"SSP370_CO2",1993,"Ca",376.324712046731,"ppmv CO2"
"SSP370_CO2",1994,"Ca",378.022822000699,"ppmv CO2"
"SSP370_CO2",1995,"Ca",379.689056722275,"ppmv CO2"
"SSP370_CO2",1996,"Ca",381.445488489325,"ppmv CO2"
"SSP370_CO2",1997,"Ca",383.290935197485,"ppmv CO2"
"SSP370_CO2",1998,"Ca",385.50616449908,"ppmv CO2"
"SSP370_CO2",1999,"Ca",387.720321993656,"ppmv CO2"
"SSP370_CO2",2000,"Ca",389.529572158523,"ppmv CO2"
"SSP370_CO2",2001,"Ca",391.262208148953,"ppmv CO2"
"SSP370_CO2",2002,"Ca",392.906303782467,"ppmv CO2"
"SSP370_CO2",2003,"Ca",394.539204997618,"ppmv CO2"
"SSP370_CO2",2004,"Ca",396.24019891506,"ppmv CO2"
"SSP370_CO2",2005,"Ca",398.075931087561,"ppmv CO2"
"SSP370_CO2",2006,"Ca",400.101198750333,"ppmv CO2"
"SSP370_CO2",2007,"Ca",402.243521853701,"ppmv CO2"
"SSP370_CO2",2008,"Ca",404.44598132028,"ppmv CO2"
"SSP370_CO2",2009,"Ca",406.505422495001,"ppmv CO2"
"SSP370_CO2",2010,"Ca",408.438607453054,"ppmv CO2"
"SSP370_CO2",2011,"Ca",410.525611455569,"ppmv CO2"
"SSP370_CO2",2012,"Ca",412.821842303928,"ppmv CO2"
"SSP370_CO2",2013,"Ca",415.225487390004,"ppmv CO2"
"SSP370_CO2",2014,"Ca",417.683244379482,"ppmv CO2"
"SSP370_CO2",2015,"Ca",420.271847018678,"ppmv CO2"
"SSP370_CO2",2016,"Ca",422.858490180882,"ppmv CO2"
"SSP370_CO2",2017,"Ca",425.446868595103,"ppmv CO2"
"SSP370_CO2",2018,"Ca",428.167525035932,"ppmv CO2"
"SSP370_CO2",2019,"Ca",431.012455129224,"ppmv CO2"
"SSP370_CO2",2020,"Ca",433.978901650301,"ppmv CO2"
"SSP370_CO2",2021,"Ca",437.064790594966,"ppmv CO2"
"SSP370_CO2",2022,"Ca",442.536570313756,"ppmv CO2"
"SSP370_CO2",2023,"Ca",452.473082452235,"ppmv CO2"
"SSP370_CO2",2024,"Ca",466.695798595631,"ppmv CO2"
"SSP370_CO2",2025,"Ca",485.10870460909,"ppmv CO2"
"SSP370_CO2",2026,"Ca",507.656207947737,"ppmv CO2"
"SSP370_CO2",2027,"Ca",534.309358177411,"ppmv CO2"
"SSP370_CO2",2028,"Ca",565.059550186807,"ppmv CO2"
"SSP370_CO2",2029,"Ca",599.914300236399,"ppmv CO2"
"SSP370_CO2",2030,"Ca",638.893333226943,"ppmv CO2"
"SSP370_CO2",2031,"Ca",682.024673180785,"ppmv CO2"
"SSP370_CO2",2032,"Ca",724.732657140602,"ppmv CO2"
"SSP370_CO2",2033,"Ca",762.709861612272,"ppmv CO2"
"SSP370_CO2",2034,"Ca",796.081539112895,"ppmv CO2"
"SSP370_CO2",2035,"Ca",824.881240195594,"ppmv CO2"
"SSP370_CO2",2036,"Ca",849.134245265704,"ppmv CO2"
"SSP370_CO2",2037,"Ca",868.869907993003,"ppmv CO2"
"SSP370_CO2",2038,"Ca",884.120784129288,"ppmv CO2"
"SSP370_CO2",2039,"Ca",894.921669184177,"ppmv CO2"
"SSP370_CO2",2040,"Ca",901.308546519327,"ppmv CO2"
"SSP370_CO2",2041,"Ca",903.31812736654,"ppmv CO2"
"SSP370_CO2",2042,"Ca",903.278565557351,"ppmv CO2"
"SSP370_CO2",2043,"Ca",903.414246122776,"ppmv CO2"
"SSP370_CO2",2044,"Ca",903.720599964964,"ppmv CO2"
"SSP370_CO2",2045,"Ca",904.189294422948,"ppmv CO2"
"SSP370_CO2",2046,"Ca",904.816757880584,"ppmv CO2"
"SSP370_CO2",2047,"Ca",905.599236376154,"ppmv CO2"
"SSP370_CO2",2048,"Ca",906.53329870249,"ppmv CO2"
"SSP370_CO2",2049,"Ca",907.61564925724,"ppmv CO2"
"SSP370_CO2",2050,"Ca",908.843122372148,"ppmv CO2"
"SSP370_CO2",2051,"Ca",910.212687225633,"ppmv CO2"
"SSP370_CO2",2052,"Ca",911.720092802697,"ppmv CO2"
"SSP370_CO2",2053,"Ca",913.361340092579,"ppmv CO2"
"SSP370_CO2",2054,"Ca",915.133702666607,"ppmv CO2"
"SSP370_CO2",2055,"Ca",917.03455607899,"ppmv CO2"
"SSP370_CO2",2056,"Ca",919.061364088058,"ppmv CO2"
"SSP370_CO2",2057,"Ca",921.211680243906,"ppmv CO2"
"SSP370_CO2",2058,"Ca",923.483150072787,"ppmv CO2"
"SSP370_CO2",2059,"Ca",925.873581073227,"ppmv CO2"
"SSP370_CO2",2060,"Ca",928.381115341148,"ppmv CO2"
"SSP370_CO2",2061,"Ca",931.004049466202,"ppmv CO2"
"SSP370_CO2",2062,"Ca",933.737080045966,"ppmv CO2"
"SSP370_CO2",2063,"Ca",936.574997732827,"ppmv CO2"
"SSP370_CO2",2064,"Ca",939.5158990837,"ppmv CO2"
"SSP370_CO2",2065,"Ca",942.558003312918,"ppmv CO2"
"SSP370_CO2",2066,"Ca",945.699666960389,"ppmv CO2"
"SSP370_CO2",2067,"Ca",948.939306331018,"ppmv CO2"
"SSP370_CO2",2068,"Ca",952.275343099294,"ppmv CO2"
"SSP370_CO2",2069,"Ca",955.706237394939,"ppmv CO2"
"SSP370_CO2",2070,"Ca",959.230505176962,"ppmv CO2"
"SSP370_CO2",2071,"Ca",962.846723906325,"ppmv CO2"
"SSP370_CO2",2072,"Ca",966.552158041356,"ppmv CO2"
"SSP370_CO2",2073,"Ca",970.344183835364,"ppmv CO2"
"SSP370_CO2",2074,"Ca",974.221602292276,"ppmv CO2"
"SSP370_CO2",2075,"Ca",978.183261113625,"ppmv CO2"
"SSP370_CO2",2076,"Ca",982.228053496299,"ppmv CO2"
"SSP370_CO2",2077,"Ca",986.354919878669,"ppmv CO2"
"SSP370_CO2",2078,"Ca",990.562826673069,"ppmv CO2"
"SSP370_CO2",2079,"Ca",994.850775959396,"ppmv CO2"
"SSP370_CO2",2080,"Ca",999.217828574855,"ppmv CO2"
"SSP370_CO2",2081,"Ca",1003.66307282899,"ppmv CO2"
"SSP370_CO2",2082,"Ca",1008.19160284854,"ppmv CO2"
"SSP370_CO2",2083,"Ca",1012.80844134788,"ppmv CO2"
"SSP370_CO2",2084,"Ca",1017.51266357881,"ppmv CO2"
"SSP370_CO2",2085,"Ca",1022.30334098247,"ppmv CO2"
"SSP370_CO2",2086,"Ca",1027.17966527778,"ppmv CO2"
"SSP370_CO2",2087,"Ca",1032.14141140201,"ppmv CO2"
"SSP370_CO2",2088,"Ca",1037.1887140199,"ppmv CO2"
"SSP370_CO2",2089,"Ca",1042.32113016183,"ppmv CO2"
"SSP370_CO2",2090,"Ca",1047.53779525156,"ppmv CO2"
"SSP370_CO2",2091,"Ca",1052.83781583715,"ppmv CO2"
"SSP370_CO2",2092,"Ca",1058.2259693974,"ppmv CO2"
"SSP370_CO2",2093,"Ca",1063.70711251072,"ppmv CO2"
"SSP370_CO2",2094,"Ca",1069.28045040785,"ppmv CO2"
"SSP370_CO2",2095,"Ca",1074.94514015562,"ppmv CO2"
"SSP370_CO2",2096,"Ca",1080.7002788862,"ppmv CO2"
"SSP370_CO2",2097,"Ca",1086.54492809292,"ppmv CO2"
"SSP370_CO2",2098,"Ca",1092.47816259284,"ppmv CO2"
"SSP370_CO2",2099,"Ca",1098.49914681368,"ppmv CO2"
"SSP370_CO2",2100,"Ca",1104.6072084075,"ppmv CO2"
"SSP370_CO2",2101,"Ca",1110.80176165902,"ppmv CO2"
"SSP370_CO2",2102,"Ca",1117.01060673463,"ppmv CO2"
"SSP370_CO2",2103,"Ca",1123.16343415111,"ppmv CO2"
"SSP370_CO2",2104,"Ca",1129.26008229792,"ppmv CO2"
"SSP370_CO2",2105,"Ca",1135.30099885784,"ppmv CO2"
"SSP370_CO2",2106,"Ca",1141.28675949409,"ppmv CO2"
"SSP370_CO2",2107,"Ca",1147.2181423584,"ppmv CO2"
"SSP370_CO2",2108,"Ca",1153.09560302641,"ppmv CO2"
"SSP370_CO2",2109,"Ca",1158.91928226651,"ppmv CO2"
"SSP370_CO2",2110,"Ca",1164.68927078874,"ppmv CO2"
"SSP370_CO2",2111,"Ca",1170.40572780888,"ppmv CO2"
"SSP370_CO2",2112,"Ca",1176.06881501982,"ppmv CO2"
"SSP370_CO2",2113,"Ca",1181.67866140023,"ppmv CO2"
"SSP370_CO2",2114,"Ca",1187.23538872022,"ppmv CO2"
"SSP370_CO2",2115,"Ca",1192.73912256247,"ppmv CO2"
"SSP370_CO2",2116,"Ca",1198.19016021106,"ppmv CO2"
"SSP370_CO2",2117,"Ca",1203.58885069917,"ppmv CO2"
"SSP370_CO2",2118,"Ca",1208.93533177919,"ppmv CO2"
"SSP370_CO2",2119,"Ca",1214.229648941,"ppmv CO2"
"SSP370_CO2",2120,"Ca",1219.47186340103,"ppmv CO2"
"SSP370_CO2",2121,"Ca",1224.66205465241,"ppmv CO2"
"SSP370_CO2",2122,"Ca",1229.80030426634,"ppmv CO2"
"SSP370_CO2",2123,"Ca",1234.88667363961,"ppmv CO2"
"SSP370_CO2",2124,"Ca",1239.92130073712,"ppmv CO2"
"SSP370_CO2",2125,"Ca",1244.90429425689,"ppmv CO2"
"SSP370_CO2",2126,"Ca",1249.83569983918,"ppmv CO2"
"SSP370_CO2",2127,"Ca",1254.7155771717,"ppmv CO2"
"SSP370_CO2",2128,"Ca",1259.54399651775,"ppmv CO2"
"SSP370_CO2",2129,"Ca",1264.32102468779,"ppmv CO2"
"SSP370_CO2",2130,"Ca",1269.04671991038,"ppmv CO2"
"SSP370_CO2",2131,"Ca",1273.72114694157,"ppmv CO2"
"SSP370_CO2",2132,"Ca",1278.34439676807,"ppmv CO2"
"SSP370_CO2",2133,"Ca",1282.916593351,"ppmv CO2"
"SSP370_CO2",2134,"Ca",1287.43780357861,"ppmv CO2"
"SSP370_CO2",2135,"Ca",1291.90803324491,"ppmv CO2"
"SSP370_CO2",2136,"Ca",1296.32728396749,"ppmv CO2"
"SSP370_CO2",2137,"Ca",1300.69556748491,"ppmv CO2"
"SSP370_CO2",2138,"Ca",1305.01288764595,"ppmv CO2"
"SSP370_CO2",2139,"Ca",1309.27925786139,"ppmv CO2"
"SSP370_CO2",2140,"Ca",1313.49469479321,"ppmv CO2"
"SSP370_CO2",2141,"Ca",1317.65922611417,"ppmv CO2"
"SSP370_CO2",2142,"Ca",1321.77286329972,"ppmv CO2"
"SSP370_CO2",2143,"Ca",1325.83562386846,"ppmv CO2"
"SSP370_CO2",2144,"Ca",1329.84752387865,"ppmv CO2"
"SSP370_CO2",2145,"Ca",1333.80857117349,"ppmv CO2"
"SSP370_CO2",2146,"Ca",1337.71878656593,"ppmv CO2"
"SSP370_CO2",2147,"Ca",1341.57818397926,"ppmv CO2"
"SSP370_CO2",2148,"Ca",1345.38674178121,"ppmv CO2"
"SSP370_CO2",2149,"Ca",1349.1443923484,"ppmv CO2"
"SSP370_CO2",2150,"Ca",1352.85106262913,"ppmv CO2"
"SSP370_CO2",2151,"Ca",1356.50672318648,"ppmv CO2"
"SSP370_CO2",2152,"Ca",1360.11799722986,"ppmv CO2"
"SSP370_CO2",2153,"Ca",1363.69123506633,"ppmv CO2"
"SSP370_CO2",2154,"Ca",1367.22624442114,"ppmv CO2"
"SSP370_CO2",2155,"Ca",1370.72277026665,"ppmv CO2"
"SSP370_CO2",2156,"Ca",1374.1805610205,"ppmv CO2"
"SSP370_CO2",2157,"Ca",1377.59936839973,"ppmv CO2"
"SSP370_CO2",2158,"Ca",1380.97892902979,"ppmv CO2"
"SSP370_CO2",2159,"Ca",1384.31898070568,"ppmv CO2"
"SSP370_CO2",2160,"Ca",1387.61926662284,"ppmv CO2"
"SSP370_CO2",2161,"Ca",1390.87952753009,"ppmv CO2"
"SSP370_CO2",2162,"Ca",1394.09948809234,"ppmv CO2"
"SSP370_CO2",2163,"Ca",1397.27888340673,"ppmv CO2"
"SSP370_CO2",2164,"Ca",1400.41750625842,"ppmv CO2"
"SSP370_CO2",2165,"Ca",1403.51526016936,"ppmv CO2"
"SSP370_CO2",2166,"Ca",1406.57206062688,"ppmv CO2"
"SSP370_CO2",2167,"Ca",1409.58812128891,"ppmv CO2"
"SSP370_CO2",2168,"Ca",1412.56380713966,"ppmv CO2"
"SSP370_CO2",2169,"Ca",1415.49909841446,"ppmv CO2"
"SSP370_CO2",2170,"Ca",1418.39360850765,"ppmv CO2"
"SSP370_CO2",2171,"Ca",1421.2468658279,"ppmv CO2"
"SSP370_CO2",2172,"Ca",1424.05860756709,"ppmv CO2"
"SSP370_CO2",2173,"Ca",1426.82864525018,"ppmv CO2"
"SSP370_CO2",2174,"Ca",1429.55661360007,"ppmv CO2"
"SSP370_CO2",2175,"Ca",1432.242023853,"ppmv CO2"
"SSP370_CO2",2176,"Ca",1434.8844195168,"ppmv CO2"
"SSP370_CO2",2177,"Ca",1437.48343774569,"ppmv CO2"
"SSP370_CO2",2178,"Ca",1440.038834396,"ppmv CO2"
"SSP370_CO2",2179,"Ca",1442.5504155082,"ppmv CO2"
"SSP370_CO2",2180,"Ca",1445.01789255473,"ppmv CO2"
"SSP370_CO2",2181,"Ca",1447.44085632125,"ppmv CO2"
"SSP370_CO2",2182,"Ca",1449.81893240951,"ppmv CO2"
"SSP370_CO2",2183,"Ca",1452.1517923909,"ppmv CO2"
"SSP370_CO2",2184,"Ca",1454.43908766141,"ppmv CO2"
"SSP370_CO2",2185,"Ca",1456.68051999579,"ppmv CO2"
"SSP370_CO2",2186,"Ca",1458.87627932003,"ppmv CO2"
"SSP370_CO2",2187,"Ca",1461.02665759444,"ppmv CO2"
"SSP370_CO2",2188,"Ca",1463.13139557976,"ppmv CO2"
"SSP370_CO2",2189,"Ca",1465.1899738974,"ppmv CO2"
"SSP370_CO2",2190,"Ca",1467.20189328028,"ppmv CO2"
"SSP370_CO2",2191,"Ca",1469.16671748771,"ppmv CO2"
"SSP370_CO2",2192,"Ca",1471.08402840575,"ppmv CO2"
"SSP370_CO2",2193,"Ca",1472.95343572559,"ppmv CO2"
"SSP370_CO2",2194,"Ca",1474.77459050926,"ppmv CO2"
"SSP370_CO2",2195,"Ca",1476.54786590334,"ppmv CO2"
"SSP370_CO2",2196,"Ca",1478.2739265747,"ppmv CO2"
"SSP370_CO2",2197,"Ca",1479.95266384524,"ppmv CO2"
"SSP370_CO2",2198,"Ca",1481.58348086834,"ppmv CO2"
"SSP370_CO2",2199,"Ca",1483.16570766459,"ppmv CO2"
"SSP370_CO2",2200,"Ca",1484.69876192631,"ppmv CO2"
"SSP370_CO2",2201,"Ca",1486.18219442508,"ppmv CO2"
"SSP370_CO2",2202,"Ca",1487.61559032241,"ppmv CO2"
"SSP370_CO2",2203,"Ca",1488.99852771161,"ppmv CO2"
"SSP370_CO2",2204,"Ca",1490.33063640177,"ppmv CO2"
"SSP370_CO2",2205,"Ca",1491.61160032421,"ppmv CO2"
"SSP370_CO2",2206,"Ca",1492.84116821652,"ppmv CO2"
"SSP370_CO2",2207,"Ca",1494.01913131435,"ppmv CO2"
"SSP370_CO2",2208,"Ca",1495.14528164884,"ppmv CO2"
"SSP370_CO2",2209,"Ca",1496.219464994,"ppmv CO2"
"SSP370_CO2",2210,"Ca",1497.24162324404,"ppmv CO2"
"SSP370_CO2",2211,"Ca",1498.21169285903,"ppmv CO2"
"SSP370_CO2",2212,"Ca",1499.12956937034,"ppmv CO2"
"SSP370_CO2",2213,"Ca",1499.99511809943,"ppmv CO2"
"SSP370_CO2",2214,"Ca",1500.80819253897,"ppmv CO2"
"SSP370_CO2",2215,"Ca",1501.64483688056,"ppmv CO2"
"SSP370_CO2",2216,"Ca",1502.22327717685,"ppmv CO2"
"SSP370_CO2",2217,"Ca",1502.93499498034,"ppmv CO2"
"SSP370_CO2",2218,"Ca",1503.54665690224,"ppmv CO2"
"SSP370_CO2",2219,"Ca",1504.09225797444,"ppmv CO2"
"SSP370_CO2",2220,"Ca",1504.58647507797,"ppmv CO2"
"SSP370_CO2",2221,"Ca",1505.02787449711,"ppmv CO2"
"SSP370_CO2",2222,"Ca",1505.4154266579,"ppmv CO2"
"SSP370_CO2",2223,"Ca",1505.7489994264,"ppmv CO2"
"SSP370_CO2",2224,"Ca",1506.02848069781,"ppmv CO2"
"SSP370_CO2",2225,"Ca",1506.25372129804,"ppmv CO2"
"SSP370_CO2",2226,"Ca",1506.42455791398,"ppmv CO2"
"SSP370_CO2",2227,"Ca",1506.54078295342,"ppmv CO2"
"SSP370_CO2",2228,"Ca",1506.60212028238,"ppmv CO2"
"SSP370_CO2",2229,"Ca",1506.60821426518,"ppmv CO2"
"SSP370_CO2",2230,"Ca",1506.55862669009,"ppmv CO2"
"SSP370_CO2",2231,"Ca",1506.45283859942,"ppmv CO2"
"SSP370_CO2",2232,"Ca",1506.2902554506,"ppmv CO2"
"SSP370_CO2",2233,"Ca",1506.07021446415,"ppmv CO2"
"SSP370_CO2",2234,"Ca",1505.79199328003,"ppmv CO2"
"SSP370_CO2",2235,"Ca",1505.45481948901,"ppmv CO2"
"SSP370_CO2",2236,"Ca",1505.05790455952,"ppmv CO2"
"SSP370_CO2",2237,"Ca",1504.60049029996,"ppmv CO2"
"SSP370_CO2",2238,"Ca",1504.08187767308,"ppmv CO2"
"SSP370_CO2",2239,"Ca",1503.50144237831,"ppmv CO2"
"SSP370_CO2",2240,"Ca",1502.85864305769,"ppmv CO2"
"SSP370_CO2",2241,"Ca",1502.15302519187,"ppmv CO2"
"SSP370_CO2",2242,"Ca",1501.38422244499,"ppmv CO2"
"SSP370_CO2",2243,"Ca",1500.55195652685,"ppmv CO2"
"SSP370_CO2",2244,"Ca",1499.65603624962,"ppmv CO2"
"SSP370_CO2",2245,"Ca",1498.69635774632,"ppmv CO2"
"SSP370_CO2",2246,"Ca",1497.6728929663,"ppmv CO2"
"SSP370_CO2",2247,"Ca",1496.58567069254,"ppmv CO2"
"SSP370_CO2",2248,"Ca",1495.43476234425,"ppmv CO2"
"SSP370_CO2",2249,"Ca",1494.2202721166,"ppmv CO2"
"SSP370_CO2",2250,"Ca",1492.94232979808,"ppmv CO2"
"SSP370_CO2",2251,"Ca",1491.60108535501,"ppmv CO2"
"SSP370_CO2",2252,"Ca",1490.23018907854,"ppmv CO2"
"SSP370_CO2",2253,"Ca",1488.86236276685,"ppmv CO2"
"SSP370_CO2",2254,"Ca",1487.49772170409,"ppmv CO2"
"SSP370_CO2",2255,"Ca",1486.1361859265,"ppmv CO2"
"SSP370_CO2",2256,"Ca",1484.77764268622,"ppmv CO2"
"SSP370_CO2",2257,"Ca",1483.42200477637,"ppmv CO2"
"SSP370_CO2",2258,"Ca",1482.06919897161,"ppmv CO2"
"SSP370_CO2",2259,"Ca",1480.71916032799,"ppmv CO2"
"SSP370_CO2",2260,"Ca",1479.37183115023,"ppmv CO2"
"SSP370_CO2",2261,"Ca",1478.02716003318,"ppmv CO2"
"SSP370_CO2",2262,"Ca",1476.68510080308,"ppmv CO2"
"SSP370_CO2",2263,"Ca",1475.34561158552,"ppmv CO2"
"SSP370_CO2",2264,"Ca",1474.00865401092,"ppmv CO2"
"SSP370_CO2",2265,"Ca",1472.67419234657,"ppmv CO2"
"SSP370_CO2",2266,"Ca",1471.34219295223,"ppmv CO2"
"SSP370_CO2",2267,"Ca",1470.0126238592,"ppmv CO2"
"SSP370_CO2",2268,"Ca",1468.68545440934,"ppmv CO2"
"SSP370_CO2",2269,"Ca",1467.36065494867,"ppmv CO2"
"SSP370_CO2",2270,"Ca",1466.03819656996,"ppmv CO2"
"SSP370_CO2",2271,"Ca",1464.7180508988,"ppmv CO2"
"SSP370_CO2",2272,"Ca",1463.40018991697,"ppmv CO2"
"SSP370_CO2",2273,"Ca",1462.08458581837,"ppmv CO2"
"SSP370_CO2",2274,"Ca",1460.77121089228,"ppmv CO2"
"SSP370_CO2",2275,"Ca",1459.46003752313,"ppmv CO2"
"SSP370_CO2",2276,"Ca",1458.1510380798,"ppmv CO2"
"SSP370_CO2",2277,"Ca",1456.84418482518,"ppmv CO2"
"SSP370_CO2",2278,"Ca",1455.53944985484,"ppmv CO2"
"SSP370_CO2",2279,"Ca",1454.23680505497,"ppmv CO2"
"SSP370_CO2",2280,"Ca",1452.9362220747,"ppmv CO2"
"SSP370_CO2",2281,"Ca",1451.63767230951,"ppmv CO2"
"SSP370_CO2",2282,"Ca",1450.34112689327,"ppmv CO2"
"SSP370_CO2",2283,"Ca",1449.04655669729,"ppmv CO2"
"SSP370_CO2",2284,"Ca",1447.75393233479,"ppmv CO2"
"SSP370_CO2",2285,"Ca",1446.46322367536,"ppmv CO2"
"SSP370_CO2",2286,"Ca",1445.17439998895,"ppmv CO2"
"SSP370_CO2",2287,"Ca",1443.88743009696,"ppmv CO2"
"SSP370_CO2",2288,"Ca",1442.60228246504,"ppmv CO2"
"SSP370_CO2",2289,"Ca",1441.31892526844,"ppmv CO2"
"SSP370_CO2",2290,"Ca",1440.03732644095,"ppmv CO2"
"SSP370_CO2",2291,"Ca",1438.75745371205,"ppmv CO2"
"SSP370_CO2",2292,"Ca",1437.47927463479,"ppmv CO2"
"SSP370_CO2",2293,"Ca",1436.20275660961,"ppmv CO2"
"SSP370_CO2",2294,"Ca",1434.92786690731,"ppmv CO2"
"SSP370_CO2",2295,"Ca",1433.65457183319,"ppmv CO2"
"SSP370_CO2",2296,"Ca",1432.38283687947,"ppmv CO2"
"SSP370_CO2",2297,"Ca",1431.11262693219,"ppmv CO2"
"SSP370_CO2",2298,"Ca",1429.84390640275,"ppmv CO2"
"SSP370_CO2",2299,"Ca",1428.57663932218,"ppmv CO2"
"SSP370_CO2",2300,"Ca",1427.31078941448,"ppmv CO2"
"SSP370_CO2",1850,"Ftot",0.342759026289703,"W/m2"
"SSP370_CO2",1851,"Ftot",0.350098111398179,"W/m2"
"SSP370_CO2",1852,"Ftot",0.370119862020411,"W/m2"
"SSP370_CO2",1853,"Ftot",0.387205169816727,"W/m2"
"SSP370_CO2",1854,"Ftot",0.394292107486678,"W/m2"
"SSP370_CO2",1855,"Ftot",0.27088782859962,"W/m2"
"SSP370_CO2",1856,"Ftot",-0.186213405186818,"W/m2"
"SSP370_CO2",1857,"Ftot",-0.434669038624125,"W/m2"
"SSP370_CO2",1858,"Ftot",-0.119823041836269,"W/m2"
"SSP370_CO2",1859,"Ftot",0.205005061125198,"W/m2"
"SSP370_CO2",1860,"Ftot",0.325534106751617,"W/m2"
"SSP370_CO2",1861,"Ftot",0.319635570906573,"W/m2"
"SSP370_CO2",1862,"Ftot",0.237183749482628,"W/m2"
"SSP370_CO2",1863,"Ftot",0.253154614899428,"W/m2"
"SSP370_CO2",1864,"Ftot",0.340387616611361,"W/m2"
"SSP370_CO2",1865,"Ftot",0.386107532841228,"W/m2"
"SSP370_CO2",1866,"Ftot",0.411249364167669,"W/m2"
"SSP370_CO2",1867,"Ftot",0.421179434143404,"W/m2"
"SSP370_CO2",1868,"Ftot",0.4246314396114,"W/m2"
"SSP370_CO2",1869,"Ftot",0.418723097232148,"W/m2"
"SSP370_CO2",1870,"Ftot",0.416255661163285,"W/m2"
"SSP370_CO2",1871,"Ftot",0.420948374844812,"W/m2"
"SSP370_CO2",1872,"Ftot",0.409326508256772,"W/m2"
"SSP370_CO2",1873,"Ftot",0.395241309817448,"W/m2"
"SSP370_CO2",1874,"Ftot",0.409232960189019,"W/m2"
"SSP370_CO2",1875,"Ftot",0.4074508823765,"W/m2"
"SSP370_CO2",1876,"Ftot",0.367728725498206,"W/m2"
"SSP370_CO2",1877,"Ftot",0.36932873411027,"W/m2"
"SSP370_CO2",1878,"Ftot",0.406870113707705,"W/m2"
"SSP370_CO2",1879,"Ftot",0.42740518638919,"W/m2"
"SSP370_CO2",1880,"Ftot",0.438741774048239,"W/m2"
"SSP370_CO2",1881,"Ftot",0.452416055315728,"W/m2"
"SSP370_CO2",1882,"Ftot",0.342180312383244,"W/m2"
"SSP370_CO2",1883,"Ftot",-0.56804474188635,"W/m2"
"SSP370_CO2",1884,"Ftot",-1.29724235813446,"W/m2"
"SSP370_CO2",1885,"Ftot",-0.702892650522859,"W/m2"
"SSP370_CO2",1886,"Ftot",-0.203705325844111,"W/m2"
"SSP370_CO2",1887,"Ftot",-0.0788163097058818,"W/m2"
"SSP370_CO2",1888,"Ftot",0.0242379108435307,"W/m2"
"SSP370_CO2",1889,"Ftot",-0.0365810972905962,"W/m2"
"SSP370_CO2",1890,"Ftot",-0.0954724863704808,"W/m2"
"SSP370_CO2",1891,"Ftot",-0.0233092780329875,"W/m2"
"SSP370_CO2",1892,"Ftot",0.15386033237404,"W/m2"
"SSP370_CO2",1893,"Ftot",0.305842575091718,"W/m2"
"SSP370_CO2",1894,"Ftot",0.413899452068002,"W/m2"
"SSP370_CO2",1895,"Ftot",0.407807047617517,"W/m2"
"SSP370_CO2",1896,"Ftot",0.262976711518751,"W/m2"
"SSP370_CO2",1897,"Ftot",0.183939453284003,"W/m2"
"SSP370_CO2",1898,"Ftot",0.286096546381122,"W/m2"
"SSP370_CO2",1899,"Ftot",0.388246223257274,"W/m2"
"SSP370_CO2",1900,"Ftot",0.437370304038184,"W/m2"
"SSP370_CO2",1901,"Ftot",0.430476505700385,"W/m2"
"SSP370_CO2",1902,"Ftot",-0.0161488570369028,"W/m2"
"SSP370_CO2",1903,"Ftot",-0.416897987177693,"W/m2"
"SSP370_CO2",1904,"Ftot",-0.119699736024835,"W/m2"
"SSP370_CO2",1905,"Ftot",0.233927163686233,"W/m2"
"SSP370_CO2",1906,"Ftot",0.329824679827328,"W/m2"
"SSP370_CO2",1907,"Ftot",0.29092628344462,"W/m2"
"SSP370_CO2",1908,"Ftot",0.323175673682412,"W/m2"
"SSP370_CO2",1909,"Ftot",0.388469703239732,"W/m2"
"SSP370_CO2",1910,"Ftot",0.420321960556772,"W/m2"
"SSP370_CO2",1911,"Ftot",0.437760682088197,"W/m2"
"SSP370_CO2",1912,"Ftot",0.192159838851125,"W/m2"
"SSP370_CO2",1913,"Ftot",0.0766181623841571,"W/m2"
"SSP370_CO2",1914,"Ftot",0.316059284934933,"W/m2"
"SSP370_CO2",1915,"Ftot",0.430348330526722,"W/m2"
"SSP370_CO2",1916,"Ftot",0.441717949135907,"W/m2"
"SSP370_CO2",1917,"Ftot",0.447793143964085,"W/m2"
"SSP370_CO2",1918,"Ftot",0.463215934548267,"W/m2"
"SSP370_CO2",1919,"Ftot",0.505542871008609,"W/m2"
"SSP370_CO2",1920,"Ftot",0.404275744266661,"W/m2"
"SSP370_CO2",1921,"Ftot",0.442046689386546,"W/m2"
"SSP370_CO2",1922,"Ftot",0.52255915976048,"W/m2"
"SSP370_CO2",1923,"Ftot",0.510831921773167,"W/m2"
"SSP370_CO2",1924,"Ftot",0.507329485596213,"W/m2"
"SSP370_CO2",1925,"Ftot",0.51459171801052,"W/m2"
"SSP370_CO2",1926,"Ftot",0.527148201417729,"W/m2"
"SSP370_CO2",1927,"Ftot",0.518284413256955,"W/m2"
"SSP370_CO2",1928,"Ftot",0.477504686125302,"W/m2"
"SSP370_CO2",1929,"Ftot",0.41610693689888,"W/m2"
"SSP370_CO2",1930,"Ftot",0.47383055816771,"W/m2"
"SSP370_CO2",1931,"Ftot",0.547239437283919,"W/m2"
"SSP370_CO2",1932,"Ftot",0.56239710530075,"W/m2"
"SSP370_CO2",1933,"Ftot",0.563402649289561,"W/m2"
"SSP370_CO2",1934,"Ftot",0.584426661251928,"W/m2"
"SSP370_CO2",1935,"Ftot",0.577959761905581,"W/m2"
"SSP370_CO2",1936,"Ftot",0.578027272615211,"W/m2"
"SSP370_CO2",1937,"Ftot",0.562141517222283,"W/m2"
"SSP370_CO2",1938,"Ftot",0.581713353035952,"W/m2"
"SSP370_CO2",1939,"Ftot",0.569931912627852,"W/m2"
"SSP370_CO2",1940,"Ftot",0.569452105826811,"W/m2"
"SSP370_CO2",1941,"Ftot",0.576282494519458,"W/m2"
"SSP370_CO2",1942,"Ftot",0.553699157912077,"W/m2"
"SSP370_CO2",1943,"Ftot",0.556714470706686,"W/m2"
"SSP370_CO2",1944,"Ftot",0.59976278213411,"W/m2"
"SSP370_CO2",1945,"Ftot",0.668198402735908,"W/m2"
"SSP370_CO2",1946,"Ftot",0.694365984681144,"W/m2"
"SSP370_CO2",1947,"Ftot",0.655526050087008,"W/m2"
"SSP370_CO2",1948,"Ftot",0.654586375256033,"W/m2"
"SSP370_CO2",1949,"Ftot",0.668662266120375,"W/m2"
"SSP370_CO2",1950,"Ftot",0.644226581513713,"W/m2"
"SSP370_CO2",1951,"Ftot",0.6546719746064,"W/m2"
"SSP370_CO2",1952,"Ftot",0.662288929154624,"W/m2"
"SSP370_CO2",1953,"Ftot",0.670942273690159,"W/m2"
"SSP370_CO2",1954,"Ftot",0.702771573898207,"W/m2"
"SSP370_CO2",1955,"Ftot",0.716486792289239,"W/m2"
"SSP370_CO2",1956,"Ftot",0.727522413912722,"W/m2"
"SSP370_CO2",1957,"Ftot",0.748594356283327,"W/m2"
"SSP370_CO2",1958,"Ftot",0.790113335855632,"W/m2"
"SSP370_CO2",1959,"Ftot",0.799557468432975,"W/m2"
"SSP370_CO2",1960,"Ftot",0.742147326598062,"W/m2"
"SSP370_CO2",1961,"Ftot",0.592245881321991,"W/m2"
"SSP370_CO2",1962,"Ftot",0.546284573806163,"W/m2"
"SSP370_CO2",1963,"Ftot",0.0746486109083491,"W/m2"
"SSP370_CO2",1964,"Ftot",-0.261939208446628,"W/m2"
"SSP370_CO2",1965,"Ftot",0.0788408040651447,"W/m2"
"SSP370_CO2",1966,"Ftot",0.486661171669124,"W/m2"
"SSP370_CO2",1967,"Ftot",0.661498240586653,"W/m2"
"SSP370_CO2",1968,"Ftot",0.485543113434835,"W/m2"
"SSP370_CO2",1969,"Ftot",0.442929861706831,"W/m2"
"SSP370_CO2",1970,"Ftot",0.697260512629851,"W/m2"
"SSP370_CO2",1971,"Ftot",0.91811623586687,"W/m2"
"SSP370_CO2",1972,"Ftot",0.982354349148324,"W/m2"
"SSP370_CO2",1973,"Ftot",0.964010010532254,"W/m2"
"SSP370_CO2",1974,"Ftot",0.875452213594351,"W/m2"
"SSP370_CO2",1975,"Ftot",0.838678873365108,"W/m2"
"SSP370_CO2",1976,"Ftot",0.97821914905685,"W/m2"
"SSP370_CO2",1977,"Ftot",1.17781282325946,"W/m2"
"SSP370_CO2",1978,"Ftot",1.20939064335645,"W/m2"
"SSP370_CO2",1979,"Ftot",1.23323088842139,"W/m2"
"SSP370_CO2",1980,"Ftot",1.32860793354185,"W/m2"
"SSP370_CO2",1981,"Ftot",1.32535317643933,"W/m2"
"SSP370_CO2",1982,"Ftot",0.700643476427408,"W/m2"
"SSP370_CO2",1983,"Ftot",0.482129601465371,"W/m2"
"SSP370_CO2",1984,"Ftot",1.07850185040709,"W/m2"
"SSP370_CO2",1985,"Ftot",1.41874158154729,"W/m2"
"SSP370_CO2",1986,"Ftot",1.52983200861402,"W/m2"
"SSP370_CO2",1987,"Ftot",1.59614506426546,"W/m2"
"SSP370_CO2",1988,"Ftot",1.69535088477522,"W/m2"
"SSP370_CO2",1989,"Ftot",1.76595120480514,"W/m2"
"SSP370_CO2",1990,"Ftot",1.80968508439499,"W/m2"
"SSP370_CO2",1991,"Ftot",0.889363622983309,"W/m2"
"SSP370_CO2",1992,"Ftot",0.376776815165877,"W/m2"
"SSP370_CO2",1993,"Ftot",1.16159365193067,"W/m2"
"SSP370_CO2",1994,"Ftot",1.73878229838906,"W/m2"
"SSP370_CO2",1995,"Ftot",2.00427737036517,"W/m2"
"SSP370_CO2",1996,"Ftot",2.11337946962453,"W/m2"
"SSP370_CO2",1997,"Ftot",2.12864300813258,"W/m2"
"SSP370_CO2",1998,"Ftot",2.22718920625007,"W/m2"
"SSP370_CO2",1999,"Ftot",2.3553485777129,"W/m2"
"SSP370_CO2",2000,"Ftot",2.40400500552819,"W/m2"
"SSP370_CO2",2001,"Ftot",2.43985617810097,"W/m2"
"SSP370_CO2",2002,"Ftot",2.44042515678109,"W/m2"
"SSP370_CO2",2003,"Ftot",2.45097409143855,"W/m2"
"SSP370_CO2",2004,"Ftot",2.50274306480776,"W/m2"
"SSP370_CO2",2005,"Ftot",2.47949382771368,"W/m2"
"SSP370_CO2",2006,"Ftot",2.38772016497496,"W/m2"
"SSP370_CO2",2007,"Ftot",2.40582698256266,"W/m2"
"SSP370_CO2",2008,"Ftot",2.46418360584133,"W/m2"
"SSP370_CO2",2009,"Ftot",2.5256998171999,"W/m2"
"SSP370_CO2",2010,"Ftot",2.57821287987825,"W/m2"
"SSP370_CO2",2011,"Ftot",2.62131261300979,"W/m2"
"SSP370_CO2",2012,"Ftot",2.64915562830746,"W/m2"
"SSP370_CO2",2013,"Ftot",2.71008787791873,"W/m2"
"SSP370_CO2",2014,"Ftot",2.73632180244292,"W/m2"
"SSP370_CO2",2015,"Ftot",2.88504057953014,"W/m2"
"SSP370_CO2",2016,"Ftot",2.93808424330626,"W/m2"
"SSP370_CO2",2017,"Ftot",2.9911533765349,"W/m2"
"SSP370_CO2",2018,"Ftot",3.04587154230256,"W/m2"
"SSP370_CO2",2019,"Ftot",3.10209876725884,"W/m2"
"SSP370_CO2",2020,"Ftot",3.15976111501657,"W/m2"
"SSP370_CO2",2021,"Ftot",3.20832094840843,"W/m2"
"SSP370_CO2",2022,"Ftot",3.28543655678774,"W/m2"
"SSP370_CO2",2023,"Ftot",3.41469925703556,"W/m2"
"SSP370_CO2",2024,"Ftot",3.59066183223726,"W/m2"
"SSP370_CO2",2025,"Ftot",3.80798745201886,"W/m2"
"SSP370_CO2",2026,"Ftot",4.0612762564285,"W/m2"
"SSP370_CO2",2027,"Ftot",4.34519671766572,"W/m2"
"SSP370_CO2",2028,"Ftot",4.65465048832857,"W/m2"
"SSP370_CO2",2029,"Ftot",4.98490005607994,"W/m2"
"SSP370_CO2",2030,"Ftot",5.33164402006307,"W/m2"
"SSP370_CO2",2031,"Ftot",5.69073993062964,"W/m2"
"SSP370_CO2",2032,"Ftot",6.02517567158635,"W/m2"
"SSP370_CO2",2033,"Ftot",6.30783020769606,"W/m2"
"SSP370_CO2",2034,"Ftot",6.54626143710697,"W/m2"
"SSP370_CO2",2035,"Ftot",6.74563886795647,"W/m2"
"SSP370_CO2",2036,"Ftot",6.90985466579954,"W/m2"
"SSP370_CO2",2037,"Ftot",7.04190169182917,"W/m2"
"SSP370_CO2",2038,"Ftot",7.14406463088589,"W/m2"
"SSP370_CO2",2039,"Ftot",7.21805067138425,"W/m2"
"SSP370_CO2",2040,"Ftot",7.26507776503254,"W/m2"
"SSP370_CO2",2041,"Ftot",7.28381674739544,"W/m2"
"SSP370_CO2",2042,"Ftot",7.2905018220042,"W/m2"
"SSP370_CO2",2043,"Ftot",7.29831269147638,"W/m2"
"SSP370_CO2",2044,"Ftot",7.30721521957392,"W/m2"
"SSP370_CO2",2045,"Ftot",7.31715317668576,"W/m2"
"SSP370_CO2",2046,"Ftot",7.32809859148783,"W/m2"
"SSP370_CO2",2047,"Ftot",7.34002241585138,"W/m2"
"SSP370_CO2",2048,"Ftot",7.35289749165117,"W/m2"
"SSP370_CO2",2049,"Ftot",7.36669743707061,"W/m2"
"SSP370_CO2",2050,"Ftot",7.38139661481131,"W/m2"
"SSP370_CO2",2051,"Ftot",7.39777690467451,"W/m2"
"SSP370_CO2",2052,"Ftot",7.41502708708246,"W/m2"
"SSP370_CO2",2053,"Ftot",7.43311304966944,"W/m2"
"SSP370_CO2",2054,"Ftot",7.45200887414809,"W/m2"
"SSP370_CO2",2055,"Ftot",7.47168971228765,"W/m2"
"SSP370_CO2",2056,"Ftot",7.4921315889364,"W/m2"
"SSP370_CO2",2057,"Ftot",7.51331134921564,"W/m2"
"SSP370_CO2",2058,"Ftot",7.53520663459883,"W/m2"
"SSP370_CO2",2059,"Ftot",7.55779626307249,"W/m2"
"SSP370_CO2",2060,"Ftot",7.58106120043964,"W/m2"
"SSP370_CO2",2061,"Ftot",7.60525128179274,"W/m2"
"SSP370_CO2",2062,"Ftot",7.63009137345088,"W/m2"
"SSP370_CO2",2063,"Ftot",7.65554110203742,"W/m2"
"SSP370_CO2",2064,"Ftot",7.68157981407849,"W/m2"
"SSP370_CO2",2065,"Ftot",7.70818806275069,"W/m2"
"SSP370_CO2",2066,"Ftot",7.73534759698472,"W/m2"
"SSP370_CO2",2067,"Ftot",7.76304086397278,"W/m2"
"SSP370_CO2",2068,"Ftot",7.79125066778215,"W/m2"
"SSP370_CO2",2069,"Ftot",7.81996033311402,"W/m2"
"SSP370_CO2",2070,"Ftot",7.84915378252443,"W/m2"
"SSP370_CO2",2071,"Ftot",7.87868365812823,"W/m2"
"SSP370_CO2",2072,"Ftot",7.90869365434085,"W/m2"
"SSP370_CO2",2073,"Ftot",7.93915926683335,"W/m2"
"SSP370_CO2",2074,"Ftot",7.97006455687907,"W/m2"
"SSP370_CO2",2075,"Ftot",8.00139434462858,"W/m2"
"SSP370_CO2",2076,"Ftot",8.03313413138858,"W/m2"
"SSP370_CO2",2077,"Ftot",8.06527006188773,"W/m2"
"SSP370_CO2",2078,"Ftot",8.09778877407425,"W/m2"
"SSP370_CO2",2079,"Ftot",8.13067742495169,"W/m2"
"SSP370_CO2",2080,"Ftot",8.16392379078079,"W/m2"
"SSP370_CO2",2081,"Ftot",8.19821961261497,"W/m2"
"SSP370_CO2",2082,"Ftot",8.23280008576782,"W/m2"
"SSP370_CO2",2083,"Ftot",8.26769239793736,"W/m2"
"SSP370_CO2",2084,"Ftot",8.30289123643774,"W/m2"
"SSP370_CO2",2085,"Ftot",8.33839078638143,"W/m2"
"SSP370_CO2",2086,"Ftot",8.37418548178415,"W/m2"
"SSP370_CO2",2087,"Ftot",8.41027246018005,"W/m2"
"SSP370_CO2",2088,"Ftot",8.44665038825809,"W/m2"
"SSP370_CO2",2089,"Ftot",8.48331464577824,"W/m2"
"SSP370_CO2",2090,"Ftot",8.5202582302863,"W/m2"
"SSP370_CO2",2091,"Ftot",8.55870215343249,"W/m2"
"SSP370_CO2",2092,"Ftot",8.5974652219235,"W/m2"
"SSP370_CO2",2093,"Ftot",8.63656612518936,"W/m2"
"SSP370_CO2",2094,"Ftot",8.67599520748479,"W/m2"
"SSP370_CO2",2095,"Ftot",8.71574283049541,"W/m2"
"SSP370_CO2",2096,"Ftot",8.75579920780103,"W/m2"
"SSP370_CO2",2097,"Ftot",8.79615448507659,"W/m2"
"SSP370_CO2",2098,"Ftot",8.83679896721159,"W/m2"
"SSP370_CO2",2099,"Ftot",8.87772348405355,"W/m2"
"SSP370_CO2",2100,"Ftot",8.9189197366572,"W/m2"
"SSP370_CO2",2101,"Ftot",8.95731017174933,"W/m2"
"SSP370_CO2",2102,"Ftot",8.99471536617514,"W/m2"
"SSP370_CO2",2103,"Ftot",9.03087902830489,"W/m2"
"SSP370_CO2",2104,"Ftot",9.06587431003966,"W/m2"
"SSP370_CO2",2105,"Ftot",9.09976950207089,"W/m2"
"SSP370_CO2",2106,"Ftot",9.13262720292458,"W/m2"
"SSP370_CO2",2107,"Ftot",9.16450561711819,"W/m2"
"SSP370_CO2",2108,"Ftot",9.19545678075058,"W/m2"
"SSP370_CO2",2109,"Ftot",9.22552716351464,"W/m2"
"SSP370_CO2",2110,"Ftot",9.25475935045572,"W/m2"
"SSP370_CO2",2111,"Ftot",9.28319295182489,"W/m2"
"SSP370_CO2",2112,"Ftot",9.31086460868841,"W/m2"
"SSP370_CO2",2113,"Ftot",9.33780810887777,"W/m2"
"SSP370_CO2",2114,"Ftot",9.36405474958458,"W/m2"
"SSP370_CO2",2115,"Ftot",9.38963360504873,"W/m2"
"SSP370_CO2",2116,"Ftot",9.41457247043907,"W/m2"
"SSP370_CO2",2117,"Ftot",9.43889748624042,"W/m2"
"SSP370_CO2",2118,"Ftot",9.46263212714065,"W/m2"
"SSP370_CO2",2119,"Ftot",9.48579788959872,"W/m2"
"SSP370_CO2",2120,"Ftot",9.50841490274428,"W/m2"
"SSP370_CO2",2121,"Ftot",9.53050205406945,"W/m2"
"SSP370_CO2",2122,"Ftot",9.55207702256947,"W/m2"
"SSP370_CO2",2123,"Ftot",9.57315627795912,"W/m2"
"SSP370_CO2",2124,"Ftot",9.5937555870493,"W/m2"
"SSP370_CO2",2125,"Ftot",9.61388963172167,"W/m2"
"SSP370_CO2",2126,"Ftot",9.63357193949133,"W/m2"
"SSP370_CO2",2127,"Ftot",9.65281528390913,"W/m2"
"SSP370_CO2",2128,"Ftot",9.67163172921942,"W/m2"
"SSP370_CO2",2129,"Ftot",9.69003262565202,"W/m2"
"SSP370_CO2",2130,"Ftot",9.70802863899178,"W/m2"
"SSP370_CO2",2131,"Ftot",9.7256298614418,"W/m2"
"SSP370_CO2",2132,"Ftot",9.74284593645599,"W/m2"
"SSP370_CO2",2133,"Ftot",9.75968612439792,"W/m2"
"SSP370_CO2",2134,"Ftot",9.77615896230323,"W/m2"
"SSP370_CO2",2135,"Ftot",9.79227228492557,"W/m2"
"SSP370_CO2",2136,"Ftot",9.80803349477111,"W/m2"
"SSP370_CO2",2137,"Ftot",9.82344964946205,"W/m2"
"SSP370_CO2",2138,"Ftot",9.83852741328009,"W/m2"
"SSP370_CO2",2139,"Ftot",9.85327315309658,"W/m2"
"SSP370_CO2",2140,"Ftot",9.86769293427696,"W/m2"
"SSP370_CO2",2141,"Ftot",9.88179257254242,"W/m2"
"SSP370_CO2",2142,"Ftot",9.89557754221484,"W/m2"
"SSP370_CO2",2143,"Ftot",9.90905308457602,"W/m2"
"SSP370_CO2",2144,"Ftot",9.92222419362095,"W/m2"
"SSP370_CO2",2145,"Ftot",9.93509560416115,"W/m2"
"SSP370_CO2",2146,"Ftot",9.94767189103135,"W/m2"
"SSP370_CO2",2147,"Ftot",9.95995740210999,"W/m2"
"SSP370_CO2",2148,"Ftot",9.97195615676881,"W/m2"
"SSP370_CO2",2149,"Ftot",9.98367181763056,"W/m2"
"SSP370_CO2",2150,"Ftot",9.99510786377513,"W/m2"
"SSP370_CO2",2151,"Ftot",10.0062677939215,"W/m2"
"SSP370_CO2",2152,"Ftot",10.0171811294877,"W/m2"
"SSP370_CO2",2153,"Ftot",10.0278759105441,"W/m2"
"SSP370_CO2",2154,"Ftot",10.038354195332,"W/m2"
"SSP370_CO2",2155,"Ftot",10.0486176952011,"W/m2"
"SSP370_CO2",2156,"Ftot",10.0586680414976,"W/m2"
"SSP370_CO2",2157,"Ftot",10.0685067903706,"W/m2"
"SSP370_CO2",2158,"Ftot",10.0781353565057,"W/m2"
"SSP370_CO2",2159,"Ftot",10.0875550814427,"W/m2"
"SSP370_CO2",2160,"Ftot",10.0967672542294,"W/m2"
"SSP370_CO2",2161,"Ftot",10.105773085068,"W/m2"
"SSP370_CO2",2162,"Ftot",10.1145736568862,"W/m2"
"SSP370_CO2",2163,"Ftot",10.1231700310623,"W/m2"
"SSP370_CO2",2164,"Ftot",10.1315634307421,"W/m2"
"SSP370_CO2",2165,"Ftot",10.1397554436302,"W/m2"
"SSP370_CO2",2166,"Ftot",10.1477476445952,"W/m2"
"SSP370_CO2",2167,"Ftot",10.1555426842919,"W/m2"
"SSP370_CO2",2168,"Ftot",10.1631437237405,"W/m2"
"SSP370_CO2",2169,"Ftot",10.1705524051498,"W/m2"
"SSP370_CO2",2170,"Ftot",10.177768937248,"W/m2"
"SSP370_CO2",2171,"Ftot",10.1847931724116,"W/m2"
"SSP370_CO2",2172,"Ftot",10.1916257150542,"W/m2"
"SSP370_CO2",2173,"Ftot",10.1982674112452,"W/m2"
"SSP370_CO2",2174,"Ftot",10.2047184077145,"W/m2"
"SSP370_CO2",2175,"Ftot",10.2109783587238,"W/m2"
"SSP370_CO2",2176,"Ftot",10.2170470122302,"W/m2"
"SSP370_CO2",2177,"Ftot",10.2229244381252,"W/m2"
"SSP370_CO2",2178,"Ftot",10.2286111190906,"W/m2"
"SSP370_CO2",2179,"Ftot",10.234107693555,"W/m2"
"SSP370_CO2",2180,"Ftot",10.2394144191716,"W/m2"
"SSP370_CO2",2181,"Ftot",10.2445310801985,"W/m2"
"SSP370_CO2",2182,"Ftot",10.2494575657798,"W/m2"
"SSP370_CO2",2183,"Ftot",10.2541939105733,"W/m2"
"SSP370_CO2",2184,"Ftot",10.258740050674,"W/m2"
"SSP370_CO2",2185,"Ftot",10.2630960838817,"W/m2"
"SSP370_CO2",2186,"Ftot",10.267263874204,"W/m2"
"SSP370_CO2",2187,"Ftot",10.2712456253132,"W/m2"
"SSP370_CO2",2188,"Ftot",10.2750414903908,"W/m2"
"SSP370_CO2",2189,"Ftot",10.278650650258,"W/m2"
"SSP370_CO2",2190,"Ftot",10.2820723422328,"W/m2"
"SSP370_CO2",2191,"Ftot",10.2853060159742,"W/m2"
"SSP370_CO2",2192,"Ftot",10.288351168765,"W/m2"
"SSP370_CO2",2193,"Ftot",10.2912073803422,"W/m2"
"SSP370_CO2",2194,"Ftot",10.293874361591,"W/m2"
"SSP370_CO2",2195,"Ftot",10.2963544201951,"W/m2"
"SSP370_CO2",2196,"Ftot",10.2986508872596,"W/m2"
"SSP370_CO2",2197,"Ftot",10.3007642628937,"W/m2"
"SSP370_CO2",2198,"Ftot",10.3026932627353,"W/m2"
"SSP370_CO2",2199,"Ftot",10.3044363248203,"W/m2"
"SSP370_CO2",2200,"Ftot",10.3059921901245,"W/m2"
"SSP370_CO2",2201,"Ftot",10.3073600640678,"W/m2"
"SSP370_CO2",2202,"Ftot",10.308539258978,"W/m2"
"SSP370_CO2",2203,"Ftot",10.3095290444317,"W/m2"
"SSP370_CO2",2204,"Ftot",10.3103288582723,"W/m2"
"SSP370_CO2",2205,"Ftot",10.3109383143044,"W/m2"
"SSP370_CO2",2206,"Ftot",10.3113572396938,"W/m2"
"SSP370_CO2",2207,"Ftot",10.3115855941328,"W/m2"
"SSP370_CO2",2208,"Ftot",10.311623320078,"W/m2"
"SSP370_CO2",2209,"Ftot",10.3114705321362,"W/m2"
"SSP370_CO2",2210,"Ftot",10.3111276678945,"W/m2"
"SSP370_CO2",2211,"Ftot",10.3105951242723,"W/m2"
"SSP370_CO2",2212,"Ftot",10.3098731311634,"W/m2"
"SSP370_CO2",2213,"Ftot",10.3089617902664,"W/m2"
"SSP370_CO2",2214,"Ftot",10.3078611410517,"W/m2"
"SSP370_CO2",2215,"Ftot",10.3068426591587,"W/m2"
"SSP370_CO2",2216,"Ftot",10.3049030288678,"W/m2"
"SSP370_CO2",2217,"Ftot",10.3034372873449,"W/m2"
"SSP370_CO2",2218,"Ftot",10.3016148009765,"W/m2"
"SSP370_CO2",2219,"Ftot",10.2995571598799,"W/m2"
"SSP370_CO2",2220,"Ftot",10.2973170428359,"W/m2"
"SSP370_CO2",2221,"Ftot",10.2948897681889,"W/m2"
"SSP370_CO2",2222,"Ftot",10.2922720770529,"W/m2"
"SSP370_CO2",2223,"Ftot",10.2894638828647,"W/m2"
"SSP370_CO2",2224,"Ftot",10.2864651503541,"W/m2"
"SSP370_CO2",2225,"Ftot",10.283275692679,"W/m2"
"SSP370_CO2",2226,"Ftot",10.2798952529463,"W/m2"
"SSP370_CO2",2227,"Ftot",10.2763233971518,"W/m2"
"SSP370_CO2",2228,"Ftot",10.2725594279815,"W/m2"
"SSP370_CO2",2229,"Ftot",10.2686023457573,"W/m2"
"SSP370_CO2",2230,"Ftot",10.2644508372349,"W/m2"
"SSP370_CO2",2231,"Ftot",10.2601032816199,"W/m2"
"SSP370_CO2",2232,"Ftot",10.25555776835,"W/m2"
"SSP370_CO2",2233,"Ftot",10.2508121223227,"W/m2"
"SSP370_CO2",2234,"Ftot",10.2458639337378,"W/m2"
"SSP370_CO2",2235,"Ftot",10.2407105909029,"W/m2"
"SSP370_CO2",2236,"Ftot",10.2353493996631,"W/m2"
"SSP370_CO2",2237,"Ftot",10.2297777474924,"W/m2"
"SSP370_CO2",2238,"Ftot",10.223993205091,"W/m2"
"SSP370_CO2",2239,"Ftot",10.2179935811743,"W/m2"
"SSP370_CO2",2240,"Ftot",10.2117769512495,"W/m2"
"SSP370_CO2",2241,"Ftot",10.2053416712765,"W/m2"
"SSP370_CO2",2242,"Ftot",10.1986863824068,"W/m2"
"SSP370_CO2",2243,"Ftot",10.1918100106878,"W/m2"
"SSP370_CO2",2244,"Ftot",10.1847117640362,"W/m2"
"SSP370_CO2",2245,"Ftot",10.177391133542,"W/m2"
"SSP370_CO2",2246,"Ftot",10.1698478530866,"W/m2"
"SSP370_CO2",2247,"Ftot",10.1620818322377,"W/m2"
"SSP370_CO2",2248,"Ftot",10.1540931061155,"W/m2"
"SSP370_CO2",2249,"Ftot",10.1458818006619,"W/m2"
"SSP370_CO2",2250,"Ftot",10.1374481074128,"W/m2"
"SSP370_CO2",2251,"Ftot",10.1271097871735,"W/m2"
"SSP370_CO2",2252,"Ftot",10.1170583386432,"W/m2"
"SSP370_CO2",2253,"Ftot",10.1073754877303,"W/m2"
"SSP370_CO2",2254,"Ftot",10.0980316495758,"W/m2"
"SSP370_CO2",2255,"Ftot",10.0890001135629,"W/m2"
"SSP370_CO2",2256,"Ftot",10.0802566555812,"W/m2"
"SSP370_CO2",2257,"Ftot",10.0717792344307,"W/m2"
"SSP370_CO2",2258,"Ftot",10.0635476508777,"W/m2"
"SSP370_CO2",2259,"Ftot",10.0555433297504,"W/m2"
"SSP370_CO2",2260,"Ftot",10.0477491693462,"W/m2"
"SSP370_CO2",2261,"Ftot",10.0401494177634,"W/m2"
"SSP370_CO2",2262,"Ftot",10.0327295644174,"W/m2"
"SSP370_CO2",2263,"Ftot",10.0254762423337,"W/m2"
"SSP370_CO2",2264,"Ftot",10.0183771387314,"W/m2"
"SSP370_CO2",2265,"Ftot",10.0114209118441,"W/m2"
"SSP370_CO2",2266,"Ftot",10.0045971146928,"W/m2"
"SSP370_CO2",2267,"Ftot",9.99789612461493,"W/m2"
"SSP370_CO2",2268,"Ftot",9.991309077962,"W/m2"
"SSP370_CO2",2269,"Ftot",9.98482780964029,"W/m2"
"SSP370_CO2",2270,"Ftot",9.97844479719165,"W/m2"
"SSP370_CO2",2271,"Ftot",9.97215310912644,"W/m2"
"SSP370_CO2",2272,"Ftot",9.96594635722935,"W/m2"
"SSP370_CO2",2273,"Ftot",9.95981865257063,"W/m2"
"SSP370_CO2",2274,"Ftot",9.95376456496609,"W/m2"
"SSP370_CO2",2275,"Ftot",9.94777908598265,"W/m2"
"SSP370_CO2",2276,"Ftot",9.94185759444071,"W/m2"
"SSP370_CO2",2277,"Ftot",9.9359958246835,"W/m2"
"SSP370_CO2",2278,"Ftot",9.93018983744892,"W/m2"
"SSP370_CO2",2279,"Ftot",9.92443599312433,"W/m2"
"SSP370_CO2",2280,"Ftot",9.91873092719155,"W/m2"
"SSP370_CO2",2281,"Ftot",9.91307152768815,"W/m2"
"SSP370_CO2",2282,"Ftot",9.90745491452378,"W/m2"
"SSP370_CO2",2283,"Ftot",9.90187842050354,"W/m2"
"SSP370_CO2",2284,"Ftot",9.89633957392082,"W/m2"
"SSP370_CO2",2285,"Ftot",9.89083608076453,"W/m2"
"SSP370_CO2",2286,"Ftot",9.88536581056009,"W/m2"
"SSP370_CO2",2287,"Ftot",9.87992678344699,"W/m2"
"SSP370_CO2",2288,"Ftot",9.87451715815332,"W/m2"
"SSP370_CO2",2289,"Ftot",9.86913522088993,"W/m2"
"SSP370_CO2",2290,"Ftot",9.86377937512185,"W/m2"
"SSP370_CO2",2291,"Ftot",9.85844813215679,"W/m2"
"SSP370_CO2",2292,"Ftot",9.85314010248945,"W/m2"
"SSP370_CO2",2293,"Ftot",9.84785398785547,"W/m2"
"SSP370_CO2",2294,"Ftot",9.84258857394746,"W/m2"
"SSP370_CO2",2295,"Ftot",9.83734272053578,"W/m2"
"SSP370_CO2",2296,"Ftot",9.83211535582293,"W/m2"
"SSP370_CO2",2297,"Ftot",9.82690547151716,"W/m2"
"SSP370_CO2",2298,"Ftot",9.82171211809769,"W/m2"
"SSP370_CO2",2299,"Ftot",9.81653440037381,"W/m2"
"SSP370_CO2",2300,"Ftot",9.81137147336162,"W/m2"
"SSP370_CO2",1850,"Tgav",0.11714020702554,"degC"
"SSP370_CO2",1851,"Tgav",0.122124591991989,"degC"
"SSP370_CO2",1852,"Tgav",0.128571608166981,"degC"
"SSP370_CO2",1853,"Tgav",0.135822647639025,"degC"
"SSP370_CO2",1854,"Tgav",0.142684329246122,"degC"
"SSP370_CO2",1855,"Tgav",0.137851332844833,"degC"
"SSP370_CO2",1856,"Tgav",0.0943666666554113,"degC"
"SSP370_CO2",1857,"Tgav",0.0377118072679191,"degC"
"SSP370_CO2",1858,"Tgav",0.02237900608797,"degC"
"SSP370_CO2",1859,"Tgav",0.0423519732660814,"degC"
"SSP370_CO2",1860,"Tgav",0.0689569846447355,"degC"
"SSP370_CO2",1861,"Tgav",0.087541782287272,"degC"
"SSP370_CO2",1862,"Tgav",0.0933487345894605,"degC"
"SSP370_CO2",1863,"Tgav",0.0983746276212696,"degC"
"SSP370_CO2",1864,"Tgav",0.110313073392515,"degC"
"SSP370_CO2",1865,"Tgav",0.124250005402407,"degC"
"SSP370_CO2",1866,"Tgav",0.137358996486239,"degC"
"SSP370_CO2",1867,"Tgav",0.148512745642835,"degC"
"SSP370_CO2",1868,"Tgav",0.157691887239198,"degC"
"SSP370_CO2",1869,"Tgav",0.164665220945669,"degC"
"SSP370_CO2",1870,"Tgav",0.170282744087937,"degC"
"SSP370_CO2",1871,"Tgav",0.175573356390908,"degC"
"SSP370_CO2",1872,"Tgav",0.179243893534166,"degC"
"SSP370_CO2",1873,"Tgav",0.181311346464658,"degC"
"SSP370_CO2",1874,"Tgav",0.184600173644304,"degC"
"SSP370_CO2",1875,"Tgav",0.187633750257234,"degC"
"SSP370_CO2",1876,"Tgav",0.186948249780991,"degC"
"SSP370_CO2",1877,"Tgav",0.18675495272082,"degC"
"SSP370_CO2",1878,"Tgav",0.190445548830516,"degC"
"SSP370_CO2",1879,"Tgav",0.19570843987078,"degC"
"SSP370_CO2",1880,"Tgav",0.20105931922921,"degC"
"SSP370_CO2",1881,"Tgav",0.206631970142871,"degC"
"SSP370_CO2",1882,"Tgav",0.201718544316888,"degC"
"SSP370_CO2",1883,"Tgav",0.118752424310098,"degC"
"SSP370_CO2",1884,"Tgav",-0.0129312040525703,"degC"
"SSP370_CO2",1885,"Tgav",-0.0630875812986548,"degC"
"SSP370_CO2",1886,"Tgav",-0.0510714836184401,"degC"
"SSP370_CO2",1887,"Tgav",-0.0305454922791917,"degC"
"SSP370_CO2",1888,"Tgav",-0.00929031401531195,"degC"
"SSP370_CO2",1889,"Tgav",-0.000421327201755684,"degC"
"SSP370_CO2",1890,"Tgav",-0.00106123718697597,"degC"
"SSP370_CO2",1891,"Tgav",0.00353749049250792,"degC"
"SSP370_CO2",1892,"Tgav",0.0225353435522128,"degC"
"SSP370_CO2",1893,"Tgav",0.0507149532977525,"degC"
"SSP370_CO2",1894,"Tgav",0.081534063854569,"degC"
"SSP370_CO2",1895,"Tgav",0.104354494714902,"degC"
"SSP370_CO2",1896,"Tgav",0.108730970707631,"degC"
"SSP370_CO2",1897,"Tgav",0.104542548266725,"degC"
"SSP370_CO2",1898,"Tgav",0.110740614156632,"degC"
"SSP370_CO2",1899,"Tgav",0.125978146795023,"degC"
"SSP370_CO2",1900,"Tgav",0.142726593501734,"degC"
"SSP370_CO2",1901,"Tgav",0.155203351559551,"degC"
"SSP370_CO2",1902,"Tgav",0.126188721769284,"degC"
"SSP370_CO2",1903,"Tgav",0.0669092682069369,"degC"
"SSP370_CO2",1904,"Tgav",0.0469595540147849,"degC"
"SSP370_CO2",1905,"Tgav",0.0665053849013008,"degC"
"SSP370_CO2",1906,"Tgav",0.091223688393483,"degC"
"SSP370_CO2",1907,"Tgav",0.105395394222376,"degC"
"SSP370_CO2",1908,"Tgav",0.117671435531606,"degC"
"SSP370_CO2",1909,"Tgav",0.132813674127005,"degC"
"SSP370_CO2",1910,"Tgav",0.147589362337198,"degC"
"SSP370_CO2",1911,"Tgav",0.160599339695503,"degC"
"SSP370_CO2",1912,"Tgav",0.149591399975894,"degC"
"SSP370_CO2",1913,"Tgav",0.129943767917993,"degC"
"SSP370_CO2",1914,"Tgav",0.136325578546449,"degC"
"SSP370_CO2",1915,"Tgav",0.153734460891851,"degC"
"SSP370_CO2",1916,"Tgav",0.168242196976542,"degC"
"SSP370_CO2",1917,"Tgav",0.179467693932731,"degC"
"SSP370_CO2",1918,"Tgav",0.1894919085741,"degC"
"SSP370_CO2",1919,"Tgav",0.201241323139732,"degC"
"SSP370_CO2",1920,"Tgav",0.202130562263361,"degC"
"SSP370_CO2",1921,"Tgav",0.205766032901413,"degC"
"SSP370_CO2",1922,"Tgav",0.216653793199167,"degC"
"SSP370_CO2",1923,"Tgav",0.224960557809713,"degC"
"SSP370_CO2",1924,"Tgav",0.231107080289305,"degC"
"SSP370_CO2",1925,"Tgav",0.236885549355951,"degC"
"SSP370_CO2",1926,"Tgav",0.242978427909548,"degC"
"SSP370_CO2",1927,"Tgav",0.247464845704717,"degC"
"SSP370_CO2",1928,"Tgav",0.247786759862206,"degC"
"SSP370_CO2",1929,"Tgav",0.242999988552329,"degC"
"SSP370_CO2",1930,"Tgav",0.244608660370308,"degC"
"SSP370_CO2",1931,"Tgav",0.253304209959151,"degC"
"SSP370_CO2",1932,"Tgav",0.261977502953581,"degC"
"SSP370_CO2",1933,"Tgav",0.268821047500803,"degC"
"SSP370_CO2",1934,"Tgav",0.276112653115062,"degC"
"SSP370_CO2",1935,"Tgav",0.281646504579319,"degC"
"SSP370_CO2",1936,"Tgav",0.286207567899421,"degC"
"SSP370_CO2",1937,"Tgav",0.288799560705514,"degC"
"SSP370_CO2",1938,"Tgav",0.292858970364679,"degC"
"SSP370_CO2",1939,"Tgav",0.295609016052349,"degC"
"SSP370_CO2",1940,"Tgav",0.297994430718301,"degC"
"SSP370_CO2",1941,"Tgav",0.300878735860811,"degC"
"SSP370_CO2",1942,"Tgav",0.301609338431612,"degC"
"SSP370_CO2",1943,"Tgav",0.302666336513157,"degC"
"SSP370_CO2",1944,"Tgav",0.30769087247283,"degC"
"SSP370_CO2",1945,"Tgav",0.318111955661879,"degC"
"SSP370_CO2",1946,"Tgav",0.328972752484812,"degC"
"SSP370_CO2",1947,"Tgav",0.334137897141224,"degC"
"SSP370_CO2",1948,"Tgav",0.337985586895313,"degC"
"SSP370_CO2",1949,"Tgav",0.342713167132939,"degC"
"SSP370_CO2",1950,"Tgav",0.344827195432693,"degC"
"SSP370_CO2",1951,"Tgav",0.347627647819339,"degC"
"SSP370_CO2",1952,"Tgav",0.351048666485208,"degC"
"SSP370_CO2",1953,"Tgav",0.354894657867092,"degC"
"SSP370_CO2",1954,"Tgav",0.361041422157275,"degC"
"SSP370_CO2",1955,"Tgav",0.367509715579614,"degC"
"SSP370_CO2",1956,"Tgav",0.373781916046655,"degC"
"SSP370_CO2",1957,"Tgav",0.38081436461706,"degC"
"SSP370_CO2",1958,"Tgav",0.390306664453017,"degC"
"SSP370_CO2",1959,"Tgav",0.399022696688795,"degC"
"SSP370_CO2",1960,"Tgav",0.401086123354408,"degC"
"SSP370_CO2",1961,"Tgav",0.389756555292747,"degC"
"SSP370_CO2",1962,"Tgav",0.376891236204645,"degC"
"SSP370_CO2",1963,"Tgav",0.327068737716739,"degC"
"SSP370_CO2",1964,"Tgav",0.257506832436133,"degC"
"SSP370_CO2",1965,"Tgav",0.233704103450774,"degC"
"SSP370_CO2",1966,"Tgav",0.254564213366453,"degC"
"SSP370_CO2",1967,"Tgav",0.286696611458364,"degC"
"SSP370_CO2",1968,"Tgav",0.294409596612496,"degC"
"SSP370_CO2",1969,"Tgav",0.293595640143591,"degC"
"SSP370_CO2",1970,"Tgav",0.314738336973717,"degC"
"SSP370_CO2",1971,"Tgav",0.35182392896324,"degC"
"SSP370_CO2",1972,"Tgav",0.386252081632022,"degC"
"SSP370_CO2",1973,"Tgav",0.410477532453223,"degC"
"SSP370_CO2",1974,"Tgav",0.421138790462671,"degC"
"SSP370_CO2",1975,"Tgav",0.426202486132393,"degC"
"SSP370_CO2",1976,"Tgav",0.443136916163962,"degC"
"SSP370_CO2",1977,"Tgav",0.47541319290107,"degC"
"SSP370_CO2",1978,"Tgav",0.504516520021214,"degC"
"SSP370_CO2",1979,"Tgav",0.529043313134517,"degC"
"SSP370_CO2",1980,"Tgav",0.556889665370549,"degC"
"SSP370_CO2",1981,"Tgav",0.5795293739467,"degC"
"SSP370_CO2",1982,"Tgav",0.543632011182236,"degC"
"SSP370_CO2",1983,"Tgav",0.494516172173302,"degC"
"SSP370_CO2",1984,"Tgav",0.510910819768454,"degC"
"SSP370_CO2",1985,"Tgav",0.559238014204943,"degC"
"SSP370_CO2",1986,"Tgav",0.606632325915374,"degC"
"SSP370_CO2",1987,"Tgav",0.647966574380365,"degC"
"SSP370_CO2",1988,"Tgav",0.688464127949688,"degC"
"SSP370_CO2",1989,"Tgav",0.726874087026284,"degC"
"SSP370_CO2",1990,"Tgav",0.761473113810311,"degC"
"SSP370_CO2",1991,"Tgav",0.70986366460367,"degC"
"SSP370_CO2",1992,"Tgav",0.621683527877757,"degC"
"SSP370_CO2",1993,"Tgav",0.624217097066584,"degC"
"SSP370_CO2",1994,"Tgav",0.685445827634919,"degC"
"SSP370_CO2",1995,"Tgav",0.757287796980018,"degC"
"SSP370_CO2",1996,"Tgav",0.820859268399942,"degC"
"SSP370_CO2",1997,"Tgav",0.870437882786596,"degC"
"SSP370_CO2",1998,"Tgav",0.917432294940021,"degC"
"SSP370_CO2",1999,"Tgav",0.966674218118192,"degC"
"SSP370_CO2",2000,"Tgav",1.01111536648202,"degC"
"SSP370_CO2",2001,"Tgav",1.05031602918777,"degC"
"SSP370_CO2",2002,"Tgav",1.08280244505693,"degC"
"SSP370_CO2",2003,"Tgav",1.11102583173426,"degC"
"SSP370_CO2",2004,"Tgav",1.13983917491282,"degC"
"SSP370_CO2",2005,"Tgav",1.16286952944692,"degC"
"SSP370_CO2",2006,"Tgav",1.17485181890079,"degC"
"SSP370_CO2",2007,"Tgav",1.18764179517173,"degC"
"SSP370_CO2",2008,"Tgav",1.20548550007239,"degC"
"SSP370_CO2",2009,"Tgav",1.22724725855964,"degC"
"SSP370_CO2",2010,"Tgav",1.25085596026664,"degC"
"SSP370_CO2",2011,"Tgav",1.2748399889174,"degC"
"SSP370_CO2",2012,"Tgav",1.29771502349794,"degC"
"SSP370_CO2",2013,"Tgav",1.32255190173927,"degC"
"SSP370_CO2",2014,"Tgav",1.34618179498788,"degC"
"SSP370_CO2",2015,"Tgav",1.37916874584737,"degC"
"SSP370_CO2",2016,"Tgav",1.41193961009445,"degC"
"SSP370_CO2",2017,"Tgav",1.44351030698114,"degC"
"SSP370_CO2",2018,"Tgav",1.47462257563562,"degC"
"SSP370_CO2",2019,"Tgav",1.50567846332362,"degC"
"SSP370_CO2",2020,"Tgav",1.53690434372943,"degC"
"SSP370_CO2",2021,"Tgav",1.56752982774139,"degC"
"SSP370_CO2",2022,"Tgav",1.60014448838901,"degC"
"SSP370_CO2",2023,"Tgav",1.63904847044397,"degC"
"SSP370_CO2",2024,"Tgav",1.68707347290055,"degC"
"SSP370_CO2",2025,"Tgav",1.74577574835549,"degC"
"SSP370_CO2",2026,"Tgav",1.81587872684248,"degC"
"SSP370_CO2",2027,"Tgav",1.89752973635931,"degC"
"SSP370_CO2",2028,"Tgav",1.99047308977294,"degC"
"SSP370_CO2",2029,"Tgav",2.09417670370686,"degC"
"SSP370_CO2",2030,"Tgav",2.20792750718634,"degC"
"SSP370_CO2",2031,"Tgav",2.33087676788667,"degC"
"SSP370_CO2",2032,"Tgav",2.45921223209482,"degC"
"SSP370_CO2",2033,"Tgav",2.58748463208406,"degC"
"SSP370_CO2",2034,"Tgav",2.71216855629281,"degC"
"SSP370_CO2",2035,"Tgav",2.8311909717769,"degC"
"SSP370_CO2",2036,"Tgav",2.94328577360459,"degC"
"SSP370_CO2",2037,"Tgav",3.04766061425569,"degC"
"SSP370_CO2",2038,"Tgav",3.14380555476794,"degC"
"SSP370_CO2",2039,"Tgav",3.23137652446728,"degC"
"SSP370_CO2",2040,"Tgav",3.31012099788387,"degC"
"SSP370_CO2",2041,"Tgav",3.37964518906344,"degC"
"SSP370_CO2",2042,"Tgav",3.44096321752161,"degC"
"SSP370_CO2",2043,"Tgav",3.49603382067523,"degC"
"SSP370_CO2",2044,"Tgav",3.54631781012847,"degC"
"SSP370_CO2",2045,"Tgav",3.5928170345937,"degC"
"SSP370_CO2",2046,"Tgav",3.63625534326959,"degC"
"SSP370_CO2",2047,"Tgav",3.67717547512139,"degC"
"SSP370_CO2",2048,"Tgav",3.71599609820185,"degC"
"SSP370_CO2",2049,"Tgav",3.75304757047833,"degC"
"SSP370_CO2",2050,"Tgav",3.788595458935,"degC"
"SSP370_CO2",2051,"Tgav",3.82292644497632,"degC"
"SSP370_CO2",2052,"Tgav",3.85621044861532,"degC"
"SSP370_CO2",2053,"Tgav",3.88858134966976,"degC"
"SSP370_CO2",2054,"Tgav",3.92015591451849,"degC"
"SSP370_CO2",2055,"Tgav",3.95103548925857,"degC"
"SSP370_CO2",2056,"Tgav",3.9813080496246,"degC"
"SSP370_CO2",2057,"Tgav",4.01105015685782,"degC"
"SSP370_CO2",2058,"Tgav",4.04032866315334,"degC"
"SSP370_CO2",2059,"Tgav",4.06920218679098,"degC"
"SSP370_CO2",2060,"Tgav",4.09772243053433,"degC"
"SSP370_CO2",2061,"Tgav",4.12595836910667,"degC"
"SSP370_CO2",2062,"Tgav",4.15394782087972,"degC"
"SSP370_CO2",2063,"Tgav",4.18172011451403,"degC"
"SSP370_CO2",2064,"Tgav",4.20930263955919,"degC"
"SSP370_CO2",2065,"Tgav",4.23672065232663,"degC"
"SSP370_CO2",2066,"Tgav",4.26399718744167,"degC"
"SSP370_CO2",2067,"Tgav",4.29115312761242,"degC"
"SSP370_CO2",2068,"Tgav",4.31820732025218,"degC"
"SSP370_CO2",2069,"Tgav",4.34517674082205,"degC"
"SSP370_CO2",2070,"Tgav",4.37207667020518,"degC"
"SSP370_CO2",2071,"Tgav",4.3989094473889,"degC"
"SSP370_CO2",2072,"Tgav",4.42569160168483,"degC"
"SSP370_CO2",2073,"Tgav",4.45243809243604,"degC"
"SSP370_CO2",2074,"Tgav",4.47916108279112,"degC"
"SSP370_CO2",2075,"Tgav",4.50587090663539,"degC"
"SSP370_CO2",2076,"Tgav",4.53257650009816,"degC"
"SSP370_CO2",2077,"Tgav",4.55928567328002,"degC"
"SSP370_CO2",2078,"Tgav",4.5860052882459,"degC"
"SSP370_CO2",2079,"Tgav",4.61274139482703,"degC"
"SSP370_CO2",2080,"Tgav",4.63949934830897,"degC"
"SSP370_CO2",2081,"Tgav",4.66634479407743,"degC"
"SSP370_CO2",2082,"Tgav",4.69326783434734,"degC"
"SSP370_CO2",2083,"Tgav",4.72025721009668,"degC"
"SSP370_CO2",2084,"Tgav",4.74730800078567,"degC"
"SSP370_CO2",2085,"Tgav",4.77441810200077,"degC"
"SSP370_CO2",2086,"Tgav",4.80158696183857,"degC"
"SSP370_CO2",2087,"Tgav",4.82881514017701,"degC"
"SSP370_CO2",2088,"Tgav",4.85610401870465,"degC"
"SSP370_CO2",2089,"Tgav",4.88345520952296,"degC"
"SSP370_CO2",2090,"Tgav",4.91087018679271,"degC"
"SSP370_CO2",2091,"Tgav",4.93845656325098,"degC"
"SSP370_CO2",2092,"Tgav",4.96620308075924,"degC"
"SSP370_CO2",2093,"Tgav",4.99409129367706,"degC"
"SSP370_CO2",2094,"Tgav",5.02211102808121,"degC"
"SSP370_CO2",2095,"Tgav",5.05025590184551,"degC"
"SSP370_CO2",2096,"Tgav",5.0785215581415,"degC"
"SSP370_CO2",2097,"Tgav",5.10690476931936,"degC"
"SSP370_CO2",2098,"Tgav",5.13540296567743,"degC"
"SSP370_CO2",2099,"Tgav",5.1640139979107,"degC"
"SSP370_CO2",2100,"Tgav",5.19273603161173,"degC"
"SSP370_CO2",2101,"Tgav",5.22130171666315,"degC"
"SSP370_CO2",2102,"Tgav",5.24964475375663,"degC"
"SSP370_CO2",2103,"Tgav",5.27771587990673,"degC"
"SSP370_CO2",2104,"Tgav",5.30547678195955,"degC"
"SSP370_CO2",2105,"Tgav",5.33290194889638,"degC"
"SSP370_CO2",2106,"Tgav",5.35997471508874,"degC"
"SSP370_CO2",2107,"Tgav",5.38668475131419,"degC"
"SSP370_CO2",2108,"Tgav",5.41302618457492,"degC"
"SSP370_CO2",2109,"Tgav",5.43899627256412,"degC"
"SSP370_CO2",2110,"Tgav",5.46459457000911,"degC"
"SSP370_CO2",2111,"Tgav",5.48982237883852,"degC"
"SSP370_CO2",2112,"Tgav",5.51468231308225,"degC"
"SSP370_CO2",2113,"Tgav",5.539177951306,"degC"
"SSP370_CO2",2114,"Tgav",5.56331358087757,"degC"
"SSP370_CO2",2115,"Tgav",5.58709400709103,"degC"
"SSP370_CO2",2116,"Tgav",5.61052447022672,"degC"
"SSP370_CO2",2117,"Tgav",5.63361053698533,"degC"
"SSP370_CO2",2118,"Tgav",5.65635790798955,"degC"
"SSP370_CO2",2119,"Tgav",5.67877231042347,"degC"
"SSP370_CO2",2120,"Tgav",5.70085946534358,"degC"
"SSP370_CO2",2121,"Tgav",5.72262506480546,"degC"
"SSP370_CO2",2122,"Tgav",5.74407474492765,"degC"
"SSP370_CO2",2123,"Tgav",5.76521405508673,"degC"
"SSP370_CO2",2124,"Tgav",5.78604846988534,"degC"
"SSP370_CO2",2125,"Tgav",5.806583361587,"degC"
"SSP370_CO2",2126,"Tgav",5.82682396262702,"degC"
"SSP370_CO2",2127,"Tgav",5.84677536698347,"degC"
"SSP370_CO2",2128,"Tgav",5.86644253368474,"degC"
"SSP370_CO2",2129,"Tgav",5.88583028381352,"degC"
"SSP370_CO2",2130,"Tgav",5.90494329649341,"degC"
"SSP370_CO2",2131,"Tgav",5.92378611228111,"degC"
"SSP370_CO2",2132,"Tgav",5.9423631443405,"degC"
"SSP370_CO2",2133,"Tgav",5.96067869054025,"degC"
"SSP370_CO2",2134,"Tgav",5.97873691091258,"degC"
"SSP370_CO2",2135,"Tgav",5.9965418077933,"degC"
"SSP370_CO2",2136,"Tgav",6.01409723378139,"degC"
"SSP370_CO2",2137,"Tgav",6.03140690586418,"degC"
"SSP370_CO2",2138,"Tgav",6.04847441008525,"degC"
"SSP370_CO2",2139,"Tgav",6.06530321112294,"degC"
"SSP370_CO2",2140,"Tgav",6.08189665876548,"degC"
"SSP370_CO2",2141,"Tgav",6.09825799601618,"degC"
"SSP370_CO2",2142,"Tgav",6.1143903568147,"degC"
"SSP370_CO2",2143,"Tgav",6.13029677220753,"degC"
"SSP370_CO2",2144,"Tgav",6.14598017427723,"degC"
"SSP370_CO2",2145,"Tgav",6.16144339718649,"degC"
"SSP370_CO2",2146,"Tgav",6.17668918600376,"degC"
"SSP370_CO2",2147,"Tgav",6.19172019794323,"degC"
"SSP370_CO2",2148,"Tgav",6.20653899337089,"degC"
"SSP370_CO2",2149,"Tgav",6.22114802569708,"degC"
"SSP370_CO2",2150,"Tgav",6.23554964863072,"degC"
"SSP370_CO2",2151,"Tgav",6.24974614034491,"degC"
"SSP370_CO2",2152,"Tgav",6.26374197331913,"degC"
"SSP370_CO2",2153,"Tgav",6.27754333627794,"degC"
"SSP370_CO2",2154,"Tgav",6.29115537258465,"degC"
"SSP370_CO2",2155,"Tgav",6.30458222193772,"degC"
"SSP370_CO2",2156,"Tgav",6.31782736972646,"degC"
"SSP370_CO2",2157,"Tgav",6.33089384392558,"degC"
"SSP370_CO2",2158,"Tgav",6.34378432790191,"degC"
"SSP370_CO2",2159,"Tgav",6.35650123766084,"degC"
"SSP370_CO2",2160,"Tgav",6.36904677660423,"degC"
"SSP370_CO2",2161,"Tgav",6.38142297184549,"degC"
"SSP370_CO2",2162,"Tgav",6.39363169604161,"degC"
"SSP370_CO2",2163,"Tgav",6.40567469247805,"degC"
"SSP370_CO2",2164,"Tgav",6.41755361096724,"degC"
"SSP370_CO2",2165,"Tgav",6.42927005387139,"degC"
"SSP370_CO2",2166,"Tgav",6.4408255794822,"degC"
"SSP370_CO2",2167,"Tgav",6.45222179597004,"degC"
"SSP370_CO2",2168,"Tgav",6.46346039330174,"degC"
"SSP370_CO2",2169,"Tgav",6.47454298539004,"degC"
"SSP370_CO2",2170,"Tgav",6.48547098607514,"degC"
"SSP370_CO2",2171,"Tgav",6.49624561750878,"degC"
"SSP370_CO2",2172,"Tgav",6.50686802152194,"degC"
"SSP370_CO2",2173,"Tgav",6.51733930308831,"degC"
"SSP370_CO2",2174,"Tgav",6.52766047239994,"degC"
"SSP370_CO2",2175,"Tgav",6.53783241261347,"degC"
"SSP370_CO2",2176,"Tgav",6.54785591128923,"degC"
"SSP370_CO2",2177,"Tgav",6.55773170824257,"degC"
"SSP370_CO2",2178,"Tgav",6.56746053900072,"degC"
"SSP370_CO2",2179,"Tgav",6.57704314476401,"degC"
"SSP370_CO2",2180,"Tgav",6.58648023145354,"degC"
"SSP370_CO2",2181,"Tgav",6.59577242833685,"degC"
"SSP370_CO2",2182,"Tgav",6.60492030881119,"degC"
"SSP370_CO2",2183,"Tgav",6.61392441485713,"degC"
"SSP370_CO2",2184,"Tgav",6.62278525284805,"degC"
"SSP370_CO2",2185,"Tgav",6.63150331054601,"degC"
"SSP370_CO2",2186,"Tgav",6.64007921156014,"degC"
"SSP370_CO2",2187,"Tgav",6.6485137197574,"degC"
"SSP370_CO2",2188,"Tgav",6.65680752058516,"degC"
"SSP370_CO2",2189,"Tgav",6.66496113676278,"degC"
"SSP370_CO2",2190,"Tgav",6.67297497137291,"degC"
"SSP370_CO2",2191,"Tgav",6.68084935942698,"degC"
"SSP370_CO2",2192,"Tgav",6.6885845884695,"degC"
"SSP370_CO2",2193,"Tgav",6.69618091343132,"degC"
"SSP370_CO2",2194,"Tgav",6.70363857210744,"degC"
"SSP370_CO2",2195,"Tgav",6.71095801059778,"degC"
"SSP370_CO2",2196,"Tgav",6.71813993540328,"degC"
"SSP370_CO2",2197,"Tgav",6.72518500047492,"degC"
"SSP370_CO2",2198,"Tgav",6.73209363886056,"degC"
"SSP370_CO2",2199,"Tgav",6.73886608906713,"degC"
"SSP370_CO2",2200,"Tgav",6.745502475535,"degC"
"SSP370_CO2",2201,"Tgav",6.75200288033965,"degC"
"SSP370_CO2",2202,"Tgav",6.75836736239275,"degC"
"SSP370_CO2",2203,"Tgav",6.76459595416207,"degC"
"SSP370_CO2",2204,"Tgav",6.77068867722671,"degC"
"SSP370_CO2",2205,"Tgav",6.7766455572779,"degC"
"SSP370_CO2",2206,"Tgav",6.78246663859316,"degC"
"SSP370_CO2",2207,"Tgav",6.78815198850859,"degC"
"SSP370_CO2",2208,"Tgav",6.79370168758748,"degC"
"SSP370_CO2",2209,"Tgav",6.79911583827416,"degC"
"SSP370_CO2",2210,"Tgav",6.80439458690529,"degC"
"SSP370_CO2",2211,"Tgav",6.80953810984858,"degC"
"SSP370_CO2",2212,"Tgav",6.81454658923122,"degC"
"SSP370_CO2",2213,"Tgav",6.81942019854267,"degC"
"SSP370_CO2",2214,"Tgav",6.82415909871659,"degC"
"SSP370_CO2",2215,"Tgav",6.82878693876345,"degC"
"SSP370_CO2",2216,"Tgav",6.83323673112937,"degC"
"SSP370_CO2",2217,"Tgav",6.83757053389405,"degC"
"SSP370_CO2",2218,"Tgav",6.84177658667034,"degC"
"SSP370_CO2",2219,"Tgav",6.84584652430888,"degC"
"SSP370_CO2",2220,"Tgav",6.84978130301784,"degC"
"SSP370_CO2",2221,"Tgav",6.85358177969694,"degC"
"SSP370_CO2",2222,"Tgav",6.85724814473139,"degC"
"SSP370_CO2",2223,"Tgav",6.86078048954472,"degC"
"SSP370_CO2",2224,"Tgav",6.86417889443146,"degC"
"SSP370_CO2",2225,"Tgav",6.86744341917239,"degC"
"SSP370_CO2",2226,"Tgav",6.87057410085835,"degC"
"SSP370_CO2",2227,"Tgav",6.87357094382285,"degC"
"SSP370_CO2",2228,"Tgav",6.876433903384,"degC"
"SSP370_CO2",2229,"Tgav",6.87916286959262,"degC"
"SSP370_CO2",2230,"Tgav",6.88175765372848,"degC"
"SSP370_CO2",2231,"Tgav",6.88421797831177,"degC"
"SSP370_CO2",2232,"Tgav",6.88654347068143,"degC"
"SSP370_CO2",2233,"Tgav",6.88873365984677,"degC"
"SSP370_CO2",2234,"Tgav",6.89078797619015,"degC"
"SSP370_CO2",2235,"Tgav",6.89270575360121,"degC"
"SSP370_CO2",2236,"Tgav",6.89448624100248,"degC"
"SSP370_CO2",2237,"Tgav",6.89612862553012,"degC"
"SSP370_CO2",2238,"Tgav",6.89763205925969,"degC"
"SSP370_CO2",2239,"Tgav",6.89899568407438,"degC"
"SSP370_CO2",2240,"Tgav",6.90021865295337,"degC"
"SSP370_CO2",2241,"Tgav",6.90130014751801,"degC"
"SSP370_CO2",2242,"Tgav",6.90223939221369,"degC"
"SSP370_CO2",2243,"Tgav",6.90303566567017,"degC"
"SSP370_CO2",2244,"Tgav",6.90368830977999,"degC"
"SSP370_CO2",2245,"Tgav",6.90419673746083,"degC"
"SSP370_CO2",2246,"Tgav",6.90456043585235,"degC"
"SSP370_CO2",2247,"Tgav",6.90477896340786,"degC"
"SSP370_CO2",2248,"Tgav",6.90485194373541,"degC"
"SSP370_CO2",2249,"Tgav",6.90477905847716,"degC"
"SSP370_CO2",2250,"Tgav",6.90456004024509,"degC"
"SSP370_CO2",2251,"Tgav",6.90404901744271,"degC"
"SSP370_CO2",2252,"Tgav",6.90331322083816,"degC"
"SSP370_CO2",2253,"Tgav",6.90243154121773,"degC"
"SSP370_CO2",2254,"Tgav",6.90145469200029,"degC"
"SSP370_CO2",2255,"Tgav",6.90041606369113,"degC"
"SSP370_CO2",2256,"Tgav",6.89933850308443,"degC"
"SSP370_CO2",2257,"Tgav",6.89823803166366,"degC"
"SSP370_CO2",2258,"Tgav",6.89712604161354,"degC"
"SSP370_CO2",2259,"Tgav",6.89601067478412,"degC"
"SSP370_CO2",2260,"Tgav",6.8948977326133,"degC"
"SSP370_CO2",2261,"Tgav",6.89379129968992,"degC"
"SSP370_CO2",2262,"Tgav",6.89269418385122,"degC"
"SSP370_CO2",2263,"Tgav",6.89160823423915,"degC"
"SSP370_CO2",2264,"Tgav",6.89053457563431,"degC"
"SSP370_CO2",2265,"Tgav",6.88947378379065,"degC"
"SSP370_CO2",2266,"Tgav",6.88842601837778,"degC"
"SSP370_CO2",2267,"Tgav",6.88739112485998,"degC"
"SSP370_CO2",2268,"Tgav",6.88636871322109,"degC"
"SSP370_CO2",2269,"Tgav",6.88535821918695,"degC"
"SSP370_CO2",2270,"Tgav",6.8843589520581,"degC"
"SSP370_CO2",2271,"Tgav",6.88337013219279,"degC"
"SSP370_CO2",2272,"Tgav",6.88239092041905,"degC"
"SSP370_CO2",2273,"Tgav",6.88142044110571,"degC"
"SSP370_CO2",2274,"Tgav",6.8804578002203,"degC"
"SSP370_CO2",2275,"Tgav",6.87950209943298,"degC"
"SSP370_CO2",2276,"Tgav",6.87855244702615,"degC"
"SSP370_CO2",2277,"Tgav",6.87760796624528,"degC"
"SSP370_CO2",2278,"Tgav",6.87666780160547,"degC"
"SSP370_CO2",2279,"Tgav",6.8757311235608,"degC"
"SSP370_CO2",2280,"Tgav",6.87479713186133,"degC"
"SSP370_CO2",2281,"Tgav",6.8738650578589,"degC"
"SSP370_CO2",2282,"Tgav",6.87293416597265,"degC"
"SSP370_CO2",2283,"Tgav",6.87200375448514,"degC"
"SSP370_CO2",2284,"Tgav",6.87107315580818,"degC"
"SSP370_CO2",2285,"Tgav",6.87014173617287,"degC"
"SSP370_CO2",2286,"Tgav",6.86920889506145,"degC"
"SSP370_CO2",2287,"Tgav",6.86827406446359,"degC"
"SSP370_CO2",2288,"Tgav",6.86733670797391,"degC"
"SSP370_CO2",2289,"Tgav",6.86639631976,"degC"
"SSP370_CO2",2290,"Tgav",6.86545242343322,"degC"
"SSP370_CO2",2291,"Tgav",6.86450457085099,"degC"
"SSP370_CO2",2292,"Tgav",6.86355234087538,"degC"
"SSP370_CO2",2293,"Tgav",6.86259533810915,"degC"
"SSP370_CO2",2294,"Tgav",6.86163319162751,"degC"
"SSP370_CO2",2295,"Tgav",6.86066555344256,"degC"
"SSP370_CO2",2296,"Tgav",6.85969209707421,"degC"
"SSP370_CO2",2297,"Tgav",6.85871251626976,"degC"
"SSP370_CO2",2298,"Tgav",6.85772652381516,"degC"
"SSP370_CO2",2299,"Tgav",6.85673385041073,"degC"
"SSP370_CO2",2300,"Tgav",6.85573424360092,"degC"
"SSP245_N2O",1850,"Ca",284.20440303028,"ppmv CO2"
"SSP245_N2O",1851,"Ca",284.416504591648,"ppmv CO2"
"SSP245_N2O",1852,"Ca",284.619478993891,"ppmv CO2"
"SSP245_N2O",1853,"Ca",284.837667042056,"ppmv CO2"
"SSP245_N2O",1854,"Ca",285.074361949939,"ppmv CO2"
"SSP245_N2O",1855,"Ca",285.305200218061,"ppmv CO2"
"SSP245_N2O",1856,"Ca",285.529611922044,"ppmv CO2"
"SSP245_N2O",1857,"Ca",285.736094537586,"ppmv CO2"
"SSP245_N2O",1858,"Ca",285.889064315823,"ppmv CO2"
"SSP245_N2O",1859,"Ca",285.993078552476,"ppmv CO2"
"SSP245_N2O",1860,"Ca",286.115248927756,"ppmv CO2"
"SSP245_N2O",1861,"Ca",286.28540665864,"ppmv CO2"
"SSP245_N2O",1862,"Ca",286.490415163717,"ppmv CO2"
"SSP245_N2O",1863,"Ca",286.677045501227,"ppmv CO2"
"SSP245_N2O",1864,"Ca",286.827311587307,"ppmv CO2"
"SSP245_N2O",1865,"Ca",286.975567627318,"ppmv CO2"
"SSP245_N2O",1866,"Ca",287.131791514372,"ppmv CO2"
"SSP245_N2O",1867,"Ca",287.294613946709,"ppmv CO2"
"SSP245_N2O",1868,"Ca",287.46034671412,"ppmv CO2"
"SSP245_N2O",1869,"Ca",287.625328482448,"ppmv CO2"
"SSP245_N2O",1870,"Ca",287.787904889752,"ppmv CO2"
"SSP245_N2O",1871,"Ca",287.946911078138,"ppmv CO2"
"SSP245_N2O",1872,"Ca",288.112541860088,"ppmv CO2"
"SSP245_N2O",1873,"Ca",288.326873178438,"ppmv CO2"
"SSP245_N2O",1874,"Ca",288.579586210155,"ppmv CO2"
"SSP245_N2O",1875,"Ca",288.827415572036,"ppmv CO2"
"SSP245_N2O",1876,"Ca",289.074107570734,"ppmv CO2"
"SSP245_N2O",1877,"Ca",289.32480658231,"ppmv CO2"
"SSP245_N2O",1878,"Ca",289.571034445316,"ppmv CO2"
"SSP245_N2O",1879,"Ca",289.815444523586,"ppmv CO2"
"SSP245_N2O",1880,"Ca",290.06676799777,"ppmv CO2"
"SSP245_N2O",1881,"Ca",290.33025585456,"ppmv CO2"
"SSP245_N2O",1882,"Ca",290.615271348405,"ppmv CO2"
"SSP245_N2O",1883,"Ca",290.890814838459,"ppmv CO2"
"SSP245_N2O",1884,"Ca",291.134510043545,"ppmv CO2"
"SSP245_N2O",1885,"Ca",291.278636964401,"ppmv CO2"
"SSP245_N2O",1886,"Ca",291.313940902287,"ppmv CO2"
"SSP245_N2O",1887,"Ca",291.364746364424,"ppmv CO2"
"SSP245_N2O",1888,"Ca",291.476400482251,"ppmv CO2"
"SSP245_N2O",1889,"Ca",291.634434039163,"ppmv CO2"
"SSP245_N2O",1890,"Ca",291.819023557131,"ppmv CO2"
"SSP245_N2O",1891,"Ca",292.005545934232,"ppmv CO2"
"SSP245_N2O",1892,"Ca",292.185948124578,"ppmv CO2"
"SSP245_N2O",1893,"Ca",292.373128645724,"ppmv CO2"
"SSP245_N2O",1894,"Ca",292.579960127067,"ppmv CO2"
"SSP245_N2O",1895,"Ca",292.813999902627,"ppmv CO2"
"SSP245_N2O",1896,"Ca",293.078776333385,"ppmv CO2"
"SSP245_N2O",1897,"Ca",293.353441576916,"ppmv CO2"
"SSP245_N2O",1898,"Ca",293.615957694967,"ppmv CO2"
"SSP245_N2O",1899,"Ca",293.867242210264,"ppmv CO2"
"SSP245_N2O",1900,"Ca",294.130338755346,"ppmv CO2"
"SSP245_N2O",1901,"Ca",294.414702354655,"ppmv CO2"
"SSP245_N2O",1902,"Ca",294.742472598366,"ppmv CO2"
"SSP245_N2O",1903,"Ca",295.101298268545,"ppmv CO2"
"SSP245_N2O",1904,"Ca",295.433286428209,"ppmv CO2"
"SSP245_N2O",1905,"Ca",295.729744820152,"ppmv CO2"
"SSP245_N2O",1906,"Ca",296.046973428993,"ppmv CO2"
"SSP245_N2O",1907,"Ca",296.443119650441,"ppmv CO2"
"SSP245_N2O",1908,"Ca",296.90009479923,"ppmv CO2"
"SSP245_N2O",1909,"Ca",297.367750738463,"ppmv CO2"
"SSP245_N2O",1910,"Ca",297.831926604939,"ppmv CO2"
"SSP245_N2O",1911,"Ca",298.309909092564,"ppmv CO2"
"SSP245_N2O",1912,"Ca",298.766861911661,"ppmv CO2"
"SSP245_N2O",1913,"Ca",299.184984120532,"ppmv CO2"
"SSP245_N2O",1914,"Ca",299.563076875505,"ppmv CO2"
"SSP245_N2O",1915,"Ca",299.88808720157,"ppmv CO2"
"SSP245_N2O",1916,"Ca",300.194952299948,"ppmv CO2"
"SSP245_N2O",1917,"Ca",300.527028278894,"ppmv CO2"
"SSP245_N2O",1918,"Ca",300.885022320298,"ppmv CO2"
"SSP245_N2O",1919,"Ca",301.245565298453,"ppmv CO2"
"SSP245_N2O",1920,"Ca",301.577777329223,"ppmv CO2"
"SSP245_N2O",1921,"Ca",301.91713340862,"ppmv CO2"
"SSP245_N2O",1922,"Ca",302.265863368545,"ppmv CO2"
"SSP245_N2O",1923,"Ca",302.610841456092,"ppmv CO2"
"SSP245_N2O",1924,"Ca",302.995475732206,"ppmv CO2"
"SSP245_N2O",1925,"Ca",303.40737803599,"ppmv CO2"
"SSP245_N2O",1926,"Ca",303.820734800293,"ppmv CO2"
"SSP245_N2O",1927,"Ca",304.226903884597,"ppmv CO2"
"SSP245_N2O",1928,"Ca",304.665897867,"ppmv CO2"
"SSP245_N2O",1929,"Ca",305.137250985192,"ppmv CO2"
"SSP245_N2O",1930,"Ca",305.625700797644,"ppmv CO2"
"SSP245_N2O",1931,"Ca",306.138270323112,"ppmv CO2"
"SSP245_N2O",1932,"Ca",306.634639390171,"ppmv CO2"
"SSP245_N2O",1933,"Ca",307.044401818339,"ppmv CO2"
"SSP245_N2O",1934,"Ca",307.400159555696,"ppmv CO2"
"SSP245_N2O",1935,"Ca",307.775276109788,"ppmv CO2"
"SSP245_N2O",1936,"Ca",308.168095043673,"ppmv CO2"
"SSP245_N2O",1937,"Ca",308.589140093111,"ppmv CO2"
"SSP245_N2O",1938,"Ca",309.034133995231,"ppmv CO2"
"SSP245_N2O",1939,"Ca",309.460377651818,"ppmv CO2"
"SSP245_N2O",1940,"Ca",309.881573350607,"ppmv CO2"
"SSP245_N2O",1941,"Ca",310.326627468876,"ppmv CO2"
"SSP245_N2O",1942,"Ca",310.775451730717,"ppmv CO2"
"SSP245_N2O",1943,"Ca",311.223523773223,"ppmv CO2"
"SSP245_N2O",1944,"Ca",311.678562172872,"ppmv CO2"
"SSP245_N2O",1945,"Ca",312.130803220603,"ppmv CO2"
"SSP245_N2O",1946,"Ca",312.531126573738,"ppmv CO2"
"SSP245_N2O",1947,"Ca",312.955116197593,"ppmv CO2"
"SSP245_N2O",1948,"Ca",313.490227179736,"ppmv CO2"
"SSP245_N2O",1949,"Ca",314.079178936873,"ppmv CO2"
"SSP245_N2O",1950,"Ca",314.671586199507,"ppmv CO2"
"SSP245_N2O",1951,"Ca",315.296985633641,"ppmv CO2"
"SSP245_N2O",1952,"Ca",316.078596525428,"ppmv CO2"
"SSP245_N2O",1953,"Ca",316.977150591428,"ppmv CO2"
"SSP245_N2O",1954,"Ca",317.874986531393,"ppmv CO2"
"SSP245_N2O",1955,"Ca",318.794863542862,"ppmv CO2"
"SSP245_N2O",1956,"Ca",319.791026558625,"ppmv CO2"
"SSP245_N2O",1957,"Ca",320.881500697616,"ppmv CO2"
"SSP245_N2O",1958,"Ca",322.032991119449,"ppmv CO2"
"SSP245_N2O",1959,"Ca",323.227642868668,"ppmv CO2"
"SSP245_N2O",1960,"Ca",324.43941058565,"ppmv CO2"
"SSP245_N2O",1961,"Ca",325.648780431975,"ppmv CO2"
"SSP245_N2O",1962,"Ca",326.87863457511,"ppmv CO2"
"SSP245_N2O",1963,"Ca",328.11164827813,"ppmv CO2"
"SSP245_N2O",1964,"Ca",329.360187856277,"ppmv CO2"
"SSP245_N2O",1965,"Ca",330.58901208203,"ppmv CO2"
"SSP245_N2O",1966,"Ca",331.797725340491,"ppmv CO2"
"SSP245_N2O",1967,"Ca",333.07676265242,"ppmv CO2"
"SSP245_N2O",1968,"Ca",334.456637456462,"ppmv CO2"
"SSP245_N2O",1969,"Ca",335.913936469195,"ppmv CO2"
"SSP245_N2O",1970,"Ca",337.394894539344,"ppmv CO2"
"SSP245_N2O",1971,"Ca",338.925277776297,"ppmv CO2"
"SSP245_N2O",1972,"Ca",340.472573768898,"ppmv CO2"
"SSP245_N2O",1973,"Ca",342.0089933154,"ppmv CO2"
"SSP245_N2O",1974,"Ca",343.59745366126,"ppmv CO2"
"SSP245_N2O",1975,"Ca",345.190426013606,"ppmv CO2"
"SSP245_N2O",1976,"Ca",346.720836588882,"ppmv CO2"
"SSP245_N2O",1977,"Ca",348.281093168449,"ppmv CO2"
"SSP245_N2O",1978,"Ca",349.939705524442,"ppmv CO2"
"SSP245_N2O",1979,"Ca",351.665058747072,"ppmv CO2"
"SSP245_N2O",1980,"Ca",353.403712676654,"ppmv CO2"
"SSP245_N2O",1981,"Ca",355.102843237125,"ppmv CO2"
"SSP245_N2O",1982,"Ca",356.739036320091,"ppmv CO2"
"SSP245_N2O",1983,"Ca",358.319041885225,"ppmv CO2"
"SSP245_N2O",1984,"Ca",359.874355264835,"ppmv CO2"
"SSP245_N2O",1985,"Ca",361.468092976394,"ppmv CO2"
"SSP245_N2O",1986,"Ca",363.150341921892,"ppmv CO2"
"SSP245_N2O",1987,"Ca",364.929738481343,"ppmv CO2"
"SSP245_N2O",1988,"Ca",366.775550985454,"ppmv CO2"
"SSP245_N2O",1989,"Ca",368.668743221443,"ppmv CO2"
"SSP245_N2O",1990,"Ca",370.618904218665,"ppmv CO2"
"SSP245_N2O",1991,"Ca",372.522228458176,"ppmv CO2"
"SSP245_N2O",1992,"Ca",374.444451506676,"ppmv CO2"
"SSP245_N2O",1993,"Ca",376.324712046731,"ppmv CO2"
"SSP245_N2O",1994,"Ca",378.022822000699,"ppmv CO2"
"SSP245_N2O",1995,"Ca",379.689056722275,"ppmv CO2"
"SSP245_N2O",1996,"Ca",381.445488489325,"ppmv CO2"
"SSP245_N2O",1997,"Ca",383.290935197485,"ppmv CO2"
"SSP245_N2O",1998,"Ca",385.50616449908,"ppmv CO2"
"SSP245_N2O",1999,"Ca",387.720321993656,"ppmv CO2"
"SSP245_N2O",2000,"Ca",389.529572158523,"ppmv CO2"
"SSP245_N2O",2001,"Ca",391.262208148953,"ppmv CO2"
"SSP245_N2O",2002,"Ca",392.906303782467,"ppmv CO2"
"SSP245_N2O",2003,"Ca",394.539204997618,"ppmv CO2"
"SSP245_N2O",2004,"Ca",396.24019891506,"ppmv CO2"
"SSP245_N2O",2005,"Ca",398.075931087561,"ppmv CO2"
"SSP245_N2O",2006,"Ca",400.101198750333,"ppmv CO2"
"SSP245_N2O",2007,"Ca",402.243521853701,"ppmv CO2"
"SSP245_N2O",2008,"Ca",404.44598132028,"ppmv CO2"
"SSP245_N2O",2009,"Ca",406.505422495001,"ppmv CO2"
"SSP245_N2O",2010,"Ca",408.438607453054,"ppmv CO2"
"SSP245_N2O",2011,"Ca",410.525611455569,"ppmv CO2"
"SSP245_N2O",2012,"Ca",412.821842303928,"ppmv CO2"
"SSP245_N2O",2013,"Ca",415.225487390004,"ppmv CO2"
"SSP245_N2O",2014,"Ca",417.683244379482,"ppmv CO2"
"SSP245_N2O",2015,"Ca",420.271847018678,"ppmv CO2"
"SSP245_N2O",2016,"Ca",422.858490180882,"ppmv CO2"
"SSP245_N2O",2017,"Ca",425.446868595103,"ppmv CO2"
"SSP245_N2O",2018,"Ca",428.167525035932,"ppmv CO2"
"SSP245_N2O",2019,"Ca",431.012455129224,"ppmv CO2"
"SSP245_N2O",2020,"Ca",433.978901650301,"ppmv CO2"
"SSP245_N2O",2021,"Ca",437.064790594966,"ppmv CO2"
"SSP245_N2O",2022,"Ca",440.2407886038,"ppmv CO2"
"SSP245_N2O",2023,"Ca",443.478804013149,"ppmv CO2"
"SSP245_N2O",2024,"Ca",446.778989064598,"ppmv CO2"
"SSP245_N2O",2025,"Ca",450.141257265076,"ppmv CO2"
"SSP245_N2O",2026,"Ca",453.565457392733,"ppmv CO2"
"SSP245_N2O",2027,"Ca",457.051434421247,"ppmv CO2"
"SSP245_N2O",2028,"Ca",460.59905618335,"ppmv CO2"
"SSP245_N2O",2029,"Ca",464.208227879463,"ppmv CO2"
"SSP245_N2O",2030,"Ca",467.878890782165,"ppmv CO2"
"SSP245_N2O",2031,"Ca",471.611022792292,"ppmv CO2"
"SSP245_N2O",2032,"Ca",475.389688071552,"ppmv CO2"
"SSP245_N2O",2033,"Ca",479.201119904688,"ppmv CO2"
"SSP245_N2O",2034,"Ca",483.046548916559,"ppmv CO2"
"SSP245_N2O",2035,"Ca",486.926953109217,"ppmv CO2"
"SSP245_N2O",2036,"Ca",490.84314857605,"ppmv CO2"
"SSP245_N2O",2037,"Ca",494.795669273297,"ppmv CO2"
"SSP245_N2O",2038,"Ca",498.785102470821,"ppmv CO2"
"SSP245_N2O",2039,"Ca",502.812353568638,"ppmv CO2"
"SSP245_N2O",2040,"Ca",506.878206097434,"ppmv CO2"
"SSP245_N2O",2041,"Ca",510.983023488792,"ppmv CO2"
"SSP245_N2O",2042,"Ca",515.11970009014,"ppmv CO2"
"SSP245_N2O",2043,"Ca",519.281393704048,"ppmv CO2"
"SSP245_N2O",2044,"Ca",523.468768425384,"ppmv CO2"
"SSP245_N2O",2045,"Ca",527.682434001696,"ppmv CO2"
"SSP245_N2O",2046,"Ca",531.922974457992,"ppmv CO2"
"SSP245_N2O",2047,"Ca",536.1909773207,"ppmv CO2"
"SSP245_N2O",2048,"Ca",540.487029341664,"ppmv CO2"
"SSP245_N2O",2049,"Ca",544.811694834552,"ppmv CO2"
"SSP245_N2O",2050,"Ca",549.165514771068,"ppmv CO2"
"SSP245_N2O",2051,"Ca",553.549023253118,"ppmv CO2"
"SSP245_N2O",2052,"Ca",557.961400414807,"ppmv CO2"
"SSP245_N2O",2053,"Ca",562.401958074027,"ppmv CO2"
"SSP245_N2O",2054,"Ca",566.871228821941,"ppmv CO2"
"SSP245_N2O",2055,"Ca",571.36967651481,"ppmv CO2"
"SSP245_N2O",2056,"Ca",575.897736290202,"ppmv CO2"
"SSP245_N2O",2057,"Ca",580.455828778963,"ppmv CO2"
"SSP245_N2O",2058,"Ca",585.044369555655,"ppmv CO2"
"SSP245_N2O",2059,"Ca",589.66384002998,"ppmv CO2"
"SSP245_N2O",2060,"Ca",594.314952886417,"ppmv CO2"
"SSP245_N2O",2061,"Ca",598.998480139356,"ppmv CO2"
"SSP245_N2O",2062,"Ca",603.711526237661,"ppmv CO2"
"SSP245_N2O",2063,"Ca",608.451300577271,"ppmv CO2"
"SSP245_N2O",2064,"Ca",613.218296365332,"ppmv CO2"
"SSP245_N2O",2065,"Ca",618.012973084614,"ppmv CO2"
"SSP245_N2O",2066,"Ca",622.835843626861,"ppmv CO2"
"SSP245_N2O",2067,"Ca",627.687408051212,"ppmv CO2"
"SSP245_N2O",2068,"Ca",632.568109519468,"ppmv CO2"
"SSP245_N2O",2069,"Ca",637.478369352348,"ppmv CO2"
"SSP245_N2O",2070,"Ca",642.418605265836,"ppmv CO2"
"SSP245_N2O",2071,"Ca",647.389238249323,"ppmv CO2"
"SSP245_N2O",2072,"Ca",652.389320477195,"ppmv CO2"
"SSP245_N2O",2073,"Ca",657.417993927801,"ppmv CO2"
"SSP245_N2O",2074,"Ca",662.475772627375,"ppmv CO2"
"SSP245_N2O",2075,"Ca",667.563142970256,"ppmv CO2"
"SSP245_N2O",2076,"Ca",672.680585522395,"ppmv CO2"
"SSP245_N2O",2077,"Ca",677.82857848307,"ppmv CO2"
"SSP245_N2O",2078,"Ca",683.007580338939,"ppmv CO2"
"SSP245_N2O",2079,"Ca",688.21804082067,"ppmv CO2"
"SSP245_N2O",2080,"Ca",693.46042376001,"ppmv CO2"
"SSP245_N2O",2081,"Ca",698.735178877171,"ppmv CO2"
"SSP245_N2O",2082,"Ca",704.048720289552,"ppmv CO2"
"SSP245_N2O",2083,"Ca",709.407216135217,"ppmv CO2"
"SSP245_N2O",2084,"Ca",714.810863485604,"ppmv CO2"
"SSP245_N2O",2085,"Ca",720.259908926337,"ppmv CO2"
"SSP245_N2O",2086,"Ca",725.75468319478,"ppmv CO2"
"SSP245_N2O",2087,"Ca",731.296032061394,"ppmv CO2"
"SSP245_N2O",2088,"Ca",736.885098419101,"ppmv CO2"
"SSP245_N2O",2089,"Ca",742.522454359714,"ppmv CO2"
"SSP245_N2O",2090,"Ca",748.208261296452,"ppmv CO2"
"SSP245_N2O",2091,"Ca",753.942635373148,"ppmv CO2"
"SSP245_N2O",2092,"Ca",759.73133637003,"ppmv CO2"
"SSP245_N2O",2093,"Ca",765.580043738944,"ppmv CO2"
"SSP245_N2O",2094,"Ca",771.48879653058,"ppmv CO2"
"SSP245_N2O",2095,"Ca",777.457625818968,"ppmv CO2"
"SSP245_N2O",2096,"Ca",783.486487422442,"ppmv CO2"
"SSP245_N2O",2097,"Ca",789.575289812233,"ppmv CO2"
"SSP245_N2O",2098,"Ca",795.723937415,"ppmv CO2"
"SSP245_N2O",2099,"Ca",801.932400686838,"ppmv CO2"
"SSP245_N2O",2100,"Ca",808.200783485612,"ppmv CO2"
"SSP245_N2O",2101,"Ca",814.529251238335,"ppmv CO2"
"SSP245_N2O",2102,"Ca",820.846378135011,"ppmv CO2"
"SSP245_N2O",2103,"Ca",827.083915195242,"ppmv CO2"
"SSP245_N2O",2104,"Ca",833.243538780787,"ppmv CO2"
"SSP245_N2O",2105,"Ca",839.326641298092,"ppmv CO2"
"SSP245_N2O",2106,"Ca",845.334710801903,"ppmv CO2"
"SSP245_N2O",2107,"Ca",851.269380511627,"ppmv CO2"
"SSP245_N2O",2108,"Ca",857.131941917755,"ppmv CO2"
"SSP245_N2O",2109,"Ca",862.923364106127,"ppmv CO2"
"SSP245_N2O",2110,"Ca",868.644539511794,"ppmv CO2"
"SSP245_N2O",2111,"Ca",874.2963925741,"ppmv CO2"
"SSP245_N2O",2112,"Ca",879.87981855879,"ppmv CO2"
"SSP245_N2O",2113,"Ca",885.395652902632,"ppmv CO2"
"SSP245_N2O",2114,"Ca",890.844696453028,"ppmv CO2"
"SSP245_N2O",2115,"Ca",896.227726623401,"ppmv CO2"
"SSP245_N2O",2116,"Ca",901.545654186937,"ppmv CO2"
"SSP245_N2O",2117,"Ca",906.799411334495,"ppmv CO2"
"SSP245_N2O",2118,"Ca",911.989709951639,"ppmv CO2"
"SSP245_N2O",2119,"Ca",917.117155680912,"ppmv CO2"
"SSP245_N2O",2120,"Ca",922.182347842498,"ppmv CO2"
"SSP245_N2O",2121,"Ca",927.18588176112,"ppmv CO2"
"SSP245_N2O",2122,"Ca",932.128334604448,"ppmv CO2"
"SSP245_N2O",2123,"Ca",937.010245678096,"ppmv CO2"
"SSP245_N2O",2124,"Ca",941.83220728323,"ppmv CO2"
"SSP245_N2O",2125,"Ca",946.59476620552,"ppmv CO2"
"SSP245_N2O",2126,"Ca",951.298394071189,"ppmv CO2"
"SSP245_N2O",2127,"Ca",955.943559929729,"ppmv CO2"
"SSP245_N2O",2128,"Ca",960.530726966167,"ppmv CO2"
"SSP245_N2O",2129,"Ca",965.060340161225,"ppmv CO2"
"SSP245_N2O",2130,"Ca",969.532822224996,"ppmv CO2"
"SSP245_N2O",2131,"Ca",973.948588255221,"ppmv CO2"
"SSP245_N2O",2132,"Ca",978.30806448346,"ppmv CO2"
"SSP245_N2O",2133,"Ca",982.61169491849,"ppmv CO2"
"SSP245_N2O",2134,"Ca",986.859857957103,"ppmv CO2"
"SSP245_N2O",2135,"Ca",991.052863864296,"ppmv CO2"
"SSP245_N2O",2136,"Ca",995.19100820809,"ppmv CO2"
"SSP245_N2O",2137,"Ca",999.274585144443,"ppmv CO2"
"SSP245_N2O",2138,"Ca",1003.30387096559,"ppmv CO2"
"SSP245_N2O",2139,"Ca",1007.27914091627,"ppmv CO2"
"SSP245_N2O",2140,"Ca",1011.20066353571,"ppmv CO2"
"SSP245_N2O",2141,"Ca",1015.06870832366,"ppmv CO2"
"SSP245_N2O",2142,"Ca",1018.88352063877,"ppmv CO2"
"SSP245_N2O",2143,"Ca",1022.64534300477,"ppmv CO2"
"SSP245_N2O",2144,"Ca",1026.35440823934,"ppmv CO2"
"SSP245_N2O",2145,"Ca",1030.01093352637,"ppmv CO2"
"SSP245_N2O",2146,"Ca",1033.61514054645,"ppmv CO2"
"SSP245_N2O",2147,"Ca",1037.167237047,"ppmv CO2"
"SSP245_N2O",2148,"Ca",1040.66739048027,"ppmv CO2"
"SSP245_N2O",2149,"Ca",1044.11571869192,"ppmv CO2"
"SSP245_N2O",2150,"Ca",1047.5123281424,"ppmv CO2"
"SSP245_N2O",2151,"Ca",1050.85735972071,"ppmv CO2"
"SSP245_N2O",2152,"Ca",1054.15759732169,"ppmv CO2"
"SSP245_N2O",2153,"Ca",1057.41945948746,"ppmv CO2"
"SSP245_N2O",2154,"Ca",1060.64286725423,"ppmv CO2"
"SSP245_N2O",2155,"Ca",1063.82769215848,"ppmv CO2"
"SSP245_N2O",2156,"Ca",1066.97381601063,"ppmv CO2"
"SSP245_N2O",2157,"Ca",1070.08111630154,"ppmv CO2"
"SSP245_N2O",2158,"Ca",1073.14945293946,"ppmv CO2"
"SSP245_N2O",2159,"Ca",1076.17868352663,"ppmv CO2"
"SSP245_N2O",2160,"Ca",1079.16866718562,"ppmv CO2"
"SSP245_N2O",2161,"Ca",1082.11925730657,"ppmv CO2"
"SSP245_N2O",2162,"Ca",1085.03028890671,"ppmv CO2"
"SSP245_N2O",2163,"Ca",1087.90160369317,"ppmv CO2"
"SSP245_N2O",2164,"Ca",1090.73309435468,"ppmv CO2"
"SSP245_N2O",2165,"Ca",1093.52475421822,"ppmv CO2"
"SSP245_N2O",2166,"Ca",1096.27658430712,"ppmv CO2"
"SSP245_N2O",2167,"Ca",1098.98886304583,"ppmv CO2"
"SSP245_N2O",2168,"Ca",1101.6620067142,"ppmv CO2"
"SSP245_N2O",2169,"Ca",1104.29606662647,"ppmv CO2"
"SSP245_N2O",2170,"Ca",1106.890749136,"ppmv CO2"
"SSP245_N2O",2171,"Ca",1109.44568034191,"ppmv CO2"
"SSP245_N2O",2172,"Ca",1111.96068072807,"ppmv CO2"
"SSP245_N2O",2173,"Ca",1114.4356371021,"ppmv CO2"
"SSP245_N2O",2174,"Ca",1116.87026717706,"ppmv CO2"
"SSP245_N2O",2175,"Ca",1119.26417122952,"ppmv CO2"
"SSP245_N2O",2176,"Ca",1121.61697840545,"ppmv CO2"
"SSP245_N2O",2177,"Ca",1123.92840367295,"ppmv CO2"
"SSP245_N2O",2178,"Ca",1126.19827122781,"ppmv CO2"
"SSP245_N2O",2179,"Ca",1128.42644993091,"ppmv CO2"
"SSP245_N2O",2180,"Ca",1130.61271731248,"ppmv CO2"
"SSP245_N2O",2181,"Ca",1132.75673574682,"ppmv CO2"
"SSP245_N2O",2182,"Ca",1134.85819924996,"ppmv CO2"
"SSP245_N2O",2183,"Ca",1136.91684317232,"ppmv CO2"
"SSP245_N2O",2184,"Ca",1138.9323817772,"ppmv CO2"
"SSP245_N2O",2185,"Ca",1140.90457528368,"ppmv CO2"
"SSP245_N2O",2186,"Ca",1142.8336430177,"ppmv CO2"
"SSP245_N2O",2187,"Ca",1144.71989668751,"ppmv CO2"
"SSP245_N2O",2188,"Ca",1146.56312539715,"ppmv CO2"
"SSP245_N2O",2189,"Ca",1148.36287400431,"ppmv CO2"
"SSP245_N2O",2190,"Ca",1150.11870628807,"ppmv CO2"
"SSP245_N2O",2191,"Ca",1151.83024390744,"ppmv CO2"
"SSP245_N2O",2192,"Ca",1153.49712380455,"ppmv CO2"
"SSP245_N2O",2193,"Ca",1155.11900769918,"ppmv CO2"
"SSP245_N2O",2194,"Ca",1156.69559494361,"ppmv CO2"
"SSP245_N2O",2195,"Ca",1158.22726681376,"ppmv CO2"
"SSP245_N2O",2196,"Ca",1159.71467599554,"ppmv CO2"
"SSP245_N2O",2197,"Ca",1161.15774065464,"ppmv CO2"
"SSP245_N2O",2198,"Ca",1162.55591966578,"ppmv CO2"
"SSP245_N2O",2199,"Ca",1163.90860408906,"ppmv CO2"
"SSP245_N2O",2200,"Ca",1165.26809827107,"ppmv CO2"
"SSP245_N2O",2201,"Ca",1166.45141050425,"ppmv CO2"
"SSP245_N2O",2202,"Ca",1167.70221260774,"ppmv CO2"
"SSP245_N2O",2203,"Ca",1168.86290674388,"ppmv CO2"
"SSP245_N2O",2204,"Ca",1169.98145873543,"ppmv CO2"
"SSP245_N2O",2205,"Ca",1171.05244672492,"ppmv CO2"
"SSP245_N2O",2206,"Ca",1172.07523220296,"ppmv CO2"
"SSP245_N2O",2207,"Ca",1173.04986112599,"ppmv CO2"
"SSP245_N2O",2208,"Ca",1173.97611896873,"ppmv CO2"
"SSP245_N2O",2209,"Ca",1174.85387263976,"ppmv CO2"
"SSP245_N2O",2210,"Ca",1175.68308102522,"ppmv CO2"
"SSP245_N2O",2211,"Ca",1176.46369554569,"ppmv CO2"
"SSP245_N2O",2212,"Ca",1177.1956283468,"ppmv CO2"
"SSP245_N2O",2213,"Ca",1177.87876251623,"ppmv CO2"
"SSP245_N2O",2214,"Ca",1178.51296948715,"ppmv CO2"
"SSP245_N2O",2215,"Ca",1179.09812113273,"ppmv CO2"
"SSP245_N2O",2216,"Ca",1179.63410157448,"ppmv CO2"
"SSP245_N2O",2217,"Ca",1180.12078252018,"ppmv CO2"
"SSP245_N2O",2218,"Ca",1180.55804889735,"ppmv CO2"
"SSP245_N2O",2219,"Ca",1180.94571472473,"ppmv CO2"
"SSP245_N2O",2220,"Ca",1181.28360153719,"ppmv CO2"
"SSP245_N2O",2221,"Ca",1181.57154599856,"ppmv CO2"
"SSP245_N2O",2222,"Ca",1181.80939358672,"ppmv CO2"
"SSP245_N2O",2223,"Ca",1182.04997490212,"ppmv CO2"
"SSP245_N2O",2224,"Ca",1182.1095250803,"ppmv CO2"
"SSP245_N2O",2225,"Ca",1182.23281418358,"ppmv CO2"
"SSP245_N2O",2226,"Ca",1182.26370108397,"ppmv CO2"
"SSP245_N2O",2227,"Ca",1182.24859062584,"ppmv CO2"
"SSP245_N2O",2228,"Ca",1182.18295942923,"ppmv CO2"
"SSP245_N2O",2229,"Ca",1182.06612139814,"ppmv CO2"
"SSP245_N2O",2230,"Ca",1181.89820049229,"ppmv CO2"
"SSP245_N2O",2231,"Ca",1181.67906568436,"ppmv CO2"
"SSP245_N2O",2232,"Ca",1181.4086127313,"ppmv CO2"
"SSP245_N2O",2233,"Ca",1181.08674402504,"ppmv CO2"
"SSP245_N2O",2234,"Ca",1180.71336369407,"ppmv CO2"
"SSP245_N2O",2235,"Ca",1180.28837925587,"ppmv CO2"
"SSP245_N2O",2236,"Ca",1179.81170160528,"ppmv CO2"
"SSP245_N2O",2237,"Ca",1179.28324515614,"ppmv CO2"
"SSP245_N2O",2238,"Ca",1178.70292795625,"ppmv CO2"
"SSP245_N2O",2239,"Ca",1178.07067174495,"ppmv CO2"
"SSP245_N2O",2240,"Ca",1177.38640198228,"ppmv CO2"
"SSP245_N2O",2241,"Ca",1176.65004786167,"ppmv CO2"
"SSP245_N2O",2242,"Ca",1175.86154231125,"ppmv CO2"
"SSP245_N2O",2243,"Ca",1175.02082198506,"ppmv CO2"
"SSP245_N2O",2244,"Ca",1174.12782724805,"ppmv CO2"
"SSP245_N2O",2245,"Ca",1173.23336483272,"ppmv CO2"
"SSP245_N2O",2246,"Ca",1172.16147153699,"ppmv CO2"
"SSP245_N2O",2247,"Ca",1171.14474514609,"ppmv CO2"
"SSP245_N2O",2248,"Ca",1170.03726278632,"ppmv CO2"
"SSP245_N2O",2249,"Ca",1168.88187598453,"ppmv CO2"
"SSP245_N2O",2250,"Ca",1167.67423284403,"ppmv CO2"
"SSP245_N2O",2251,"Ca",1166.41384695445,"ppmv CO2"
"SSP245_N2O",2252,"Ca",1165.13436547791,"ppmv CO2"
"SSP245_N2O",2253,"Ca",1163.86783268376,"ppmv CO2"
"SSP245_N2O",2254,"Ca",1162.61404807282,"ppmv CO2"
"SSP245_N2O",2255,"Ca",1161.37252645763,"ppmv CO2"
"SSP245_N2O",2256,"Ca",1160.14285146456,"ppmv CO2"
"SSP245_N2O",2257,"Ca",1158.92462372719,"ppmv CO2"
"SSP245_N2O",2258,"Ca",1157.7174544746,"ppmv CO2"
"SSP245_N2O",2259,"Ca",1156.52096686769,"ppmv CO2"
"SSP245_N2O",2260,"Ca",1155.3347952706,"ppmv CO2"
"SSP245_N2O",2261,"Ca",1154.15858476546,"ppmv CO2"
"SSP245_N2O",2262,"Ca",1152.99199067957,"ppmv CO2"
"SSP245_N2O",2263,"Ca",1151.83467811763,"ppmv CO2"
"SSP245_N2O",2264,"Ca",1150.6863215272,"ppmv CO2"
"SSP245_N2O",2265,"Ca",1149.54660411861,"ppmv CO2"
"SSP245_N2O",2266,"Ca",1148.41521754495,"ppmv CO2"
"SSP245_N2O",2267,"Ca",1147.29186165417,"ppmv CO2"
"SSP245_N2O",2268,"Ca",1146.17624425137,"ppmv CO2"
"SSP245_N2O",2269,"Ca",1145.06808087401,"ppmv CO2"
"SSP245_N2O",2270,"Ca",1143.96709458162,"ppmv CO2"
"SSP245_N2O",2271,"Ca",1142.87301575928,"ppmv CO2"
"SSP245_N2O",2272,"Ca",1141.78558193386,"ppmv CO2"
"SSP245_N2O",2273,"Ca",1140.70453760158,"ppmv CO2"
"SSP245_N2O",2274,"Ca",1139.62963406493,"ppmv CO2"
"SSP245_N2O",2275,"Ca",1138.56062936767,"ppmv CO2"
"SSP245_N2O",2276,"Ca",1137.49728811262,"ppmv CO2"
"SSP245_N2O",2277,"Ca",1136.43938129067,"ppmv CO2"
"SSP245_N2O",2278,"Ca",1135.38668612748,"ppmv CO2"
"SSP245_N2O",2279,"Ca",1134.33898593991,"ppmv CO2"
"SSP245_N2O",2280,"Ca",1133.2960699994,"ppmv CO2"
"SSP245_N2O",2281,"Ca",1132.2577334003,"ppmv CO2"
"SSP245_N2O",2282,"Ca",1131.22377693213,"ppmv CO2"
"SSP245_N2O",2283,"Ca",1130.19400695508,"ppmv CO2"
"SSP245_N2O",2284,"Ca",1129.16823527789,"ppmv CO2"
"SSP245_N2O",2285,"Ca",1128.14627855932,"ppmv CO2"
"SSP245_N2O",2286,"Ca",1127.12795831093,"ppmv CO2"
"SSP245_N2O",2287,"Ca",1126.11310089624,"ppmv CO2"
"SSP245_N2O",2288,"Ca",1125.10153747881,"ppmv CO2"
"SSP245_N2O",2289,"Ca",1124.09310394857,"ppmv CO2"
"SSP245_N2O",2290,"Ca",1123.08764083535,"ppmv CO2"
"SSP245_N2O",2291,"Ca",1122.08499321295,"ppmv CO2"
"SSP245_N2O",2292,"Ca",1121.08501059544,"ppmv CO2"
"SSP245_N2O",2293,"Ca",1120.08754683193,"ppmv CO2"
"SSP245_N2O",2294,"Ca",1119.09246000298,"ppmv CO2"
"SSP245_N2O",2295,"Ca",1118.09961148741,"ppmv CO2"
"SSP245_N2O",2296,"Ca",1117.10886598597,"ppmv CO2"
"SSP245_N2O",2297,"Ca",1116.12009158934,"ppmv CO2"
"SSP245_N2O",2298,"Ca",1115.13315977918,"ppmv CO2"
"SSP245_N2O",2299,"Ca",1114.14794539972,"ppmv CO2"
"SSP245_N2O",2300,"Ca",1113.16432661365,"ppmv CO2"
"SSP245_N2O",1850,"Ftot",0.342759026289703,"W/m2"
"SSP245_N2O",1851,"Ftot",0.350098111398179,"W/m2"
"SSP245_N2O",1852,"Ftot",0.370119862020411,"W/m2"
"SSP245_N2O",1853,"Ftot",0.387205169816727,"W/m2"
"SSP245_N2O",1854,"Ftot",0.394292107486678,"W/m2"
"SSP245_N2O",1855,"Ftot",0.27088782859962,"W/m2"
"SSP245_N2O",1856,"Ftot",-0.186213405186818,"W/m2"
"SSP245_N2O",1857,"Ftot",-0.434669038624125,"W/m2"
"SSP245_N2O",1858,"Ftot",-0.119823041836269,"W/m2"
"SSP245_N2O",1859,"Ftot",0.205005061125198,"W/m2"
"SSP245_N2O",1860,"Ftot",0.325534106751617,"W/m2"
"SSP245_N2O",1861,"Ftot",0.319635570906573,"W/m2"
"SSP245_N2O",1862,"Ftot",0.237183749482628,"W/m2"
"SSP245_N2O",1863,"Ftot",0.253154614899428,"W/m2"
"SSP245_N2O",1864,"Ftot",0.340387616611361,"W/m2"
"SSP245_N2O",1865,"Ftot",0.386107532841228,"W/m2"
"SSP245_N2O",1866,"Ftot",0.411249364167669,"W/m2"
"SSP245_N2O",1867,"Ftot",0.421179434143404,"W/m2"
"SSP245_N2O",1868,"Ftot",0.4246314396114,"W/m2"
"SSP245_N2O",1869,"Ftot",0.418723097232148,"W/m2"
"SSP245_N2O",1870,"Ftot",0.416255661163285,"W/m2"
"SSP245_N2O",1871,"Ftot",0.420948374844812,"W/m2"
"SSP245_N2O",1872,"Ftot",0.409326508256772,"W/m2"
"SSP245_N2O",1873,"Ftot",0.395241309817448,"W/m2"
"SSP245_N2O",1874,"Ftot",0.409232960189019,"W/m2"
"SSP245_N2O",1875,"Ftot",0.4074508823765,"W/m2"
"SSP245_N2O",1876,"Ftot",0.367728725498206,"W/m2"
"SSP245_N2O",1877,"Ftot",0.36932873411027,"W/m2"
"SSP245_N2O",1878,"Ftot",0.406870113707705,"W/m2"
"SSP245_N2O",1879,"Ftot",0.42740518638919,"W/m2"
"SSP245_N2O",1880,"Ftot",0.438741774048239,"W/m2"
"SSP245_N2O",1881,"Ftot",0.452416055315728,"W/m2"
"SSP245_N2O",1882,"Ftot",0.342180312383244,"W/m2"
"SSP245_N2O",1883,"Ftot",-0.56804474188635,"W/m2"
"SSP245_N2O",1884,"Ftot",-1.29724235813446,"W/m2"
"SSP245_N2O",1885,"Ftot",-0.702892650522859,"W/m2"
"SSP245_N2O",1886,"Ftot",-0.203705325844111,"W/m2"
"SSP245_N2O",1887,"Ftot",-0.0788163097058818,"W/m2"
"SSP245_N2O",1888,"Ftot",0.0242379108435307,"W/m2"
"SSP245_N2O",1889,"Ftot",-0.0365810972905962,"W/m2"
"SSP245_N2O",1890,"Ftot",-0.0954724863704808,"W/m2"
"SSP245_N2O",1891,"Ftot",-0.0233092780329875,"W/m2"
"SSP245_N2O",1892,"Ftot",0.15386033237404,"W/m2"
"SSP245_N2O",1893,"Ftot",0.305842575091718,"W/m2"
"SSP245_N2O",1894,"Ftot",0.413899452068002,"W/m2"
"SSP245_N2O",1895,"Ftot",0.407807047617517,"W/m2"
"SSP245_N2O",1896,"Ftot",0.262976711518751,"W/m2"
"SSP245_N2O",1897,"Ftot",0.183939453284003,"W/m2"
"SSP245_N2O",1898,"Ftot",0.286096546381122,"W/m2"
"SSP245_N2O",1899,"Ftot",0.388246223257274,"W/m2"
"SSP245_N2O",1900,"Ftot",0.437370304038184,"W/m2"
"SSP245_N2O",1901,"Ftot",0.430476505700385,"W/m2"
"SSP245_N2O",1902,"Ftot",-0.0161488570369028,"W/m2"
"SSP245_N2O",1903,"Ftot",-0.416897987177693,"W/m2"
"SSP245_N2O",1904,"Ftot",-0.119699736024835,"W/m2"
"SSP245_N2O",1905,"Ftot",0.233927163686233,"W/m2"
"SSP245_N2O",1906,"Ftot",0.329824679827328,"W/m2"
"SSP245_N2O",1907,"Ftot",0.29092628344462,"W/m2"
"SSP245_N2O",1908,"Ftot",0.323175673682412,"W/m2"
"SSP245_N2O",1909,"Ftot",0.388469703239732,"W/m2"
"SSP245_N2O",1910,"Ftot",0.420321960556772,"W/m2"
"SSP245_N2O",1911,"Ftot",0.437760682088197,"W/m2"
"SSP245_N2O",1912,"Ftot",0.192159838851125,"W/m2"
"SSP245_N2O",1913,"Ftot",0.0766181623841571,"W/m2"
"SSP245_N2O",1914,"Ftot",0.316059284934933,"W/m2"
"SSP245_N2O",1915,"Ftot",0.430348330526722,"W/m2"
"SSP245_N2O",1916,"Ftot",0.441717949135907,"W/m2"
"SSP245_N2O",1917,"Ftot",0.447793143964085,"W/m2"
"SSP245_N2O",1918,"Ftot",0.463215934548267,"W/m2"
"SSP245_N2O",1919,"Ftot",0.505542871008609,"W/m2"
"SSP245_N2O",1920,"Ftot",0.404275744266661,"W/m2"
"SSP245_N2O",1921,"Ftot",0.442046689386546,"W/m2"
"SSP245_N2O",1922,"Ftot",0.52255915976048,"W/m2"
"SSP245_N2O",1923,"Ftot",0.510831921773167,"W/m2"
"SSP245_N2O",1924,"Ftot",0.507329485596213,"W/m2"
"SSP245_N2O",1925,"Ftot",0.51459171801052,"W/m2"
"SSP245_N2O",1926,"Ftot",0.527148201417729,"W/m2"
"SSP245_N2O",1927,"Ftot",0.518284413256955,"W/m2"
"SSP245_N2O",1928,"Ftot",0.477504686125302,"W/m2"
"SSP245_N2O",1929,"Ftot",0.41610693689888,"W/m2"
"SSP245_N2O",1930,"Ftot",0.47383055816771,"W/m2"
"SSP245_N2O",1931,"Ftot",0.547239437283919,"W/m2"
"SSP245_N2O",1932,"Ftot",0.56239710530075,"W/m2"
"SSP245_N2O",1933,"Ftot",0.563402649289561,"W/m2"
"SSP245_N2O",1934,"Ftot",0.584426661251928,"W/m2"
"SSP245_N2O",1935,"Ftot",0.577959761905581,"W/m2"
"SSP245_N2O",1936,"Ftot",0.578027272615211,"W/m2"
"SSP245_N2O",1937,"Ftot",0.562141517222283,"W/m2"
"SSP245_N2O",1938,"Ftot",0.581713353035952,"W/m2"
"SSP245_N2O",1939,"Ftot",0.569931912627852,"W/m2"
"SSP245_N2O",1940,"Ftot",0.569452105826811,"W/m2"
"SSP245_N2O",1941,"Ftot",0.576282494519458,"W/m2"
"SSP245_N2O",1942,"Ftot",0.553699157912077,"W/m2"
"SSP245_N2O",1943,"Ftot",0.556714470706686,"W/m2"
"SSP245_N2O",1944,"Ftot",0.59976278213411,"W/m2"
"SSP245_N2O",1945,"Ftot",0.668198402735908,"W/m2"
"SSP245_N2O",1946,"Ftot",0.694365984681144,"W/m2"
"SSP245_N2O",1947,"Ftot",0.655526050087008,"W/m2"
"SSP245_N2O",1948,"Ftot",0.654586375256033,"W/m2"
"SSP245_N2O",1949,"Ftot",0.668662266120375,"W/m2"
"SSP245_N2O",1950,"Ftot",0.644226581513713,"W/m2"
"SSP245_N2O",1951,"Ftot",0.6546719746064,"W/m2"
"SSP245_N2O",1952,"Ftot",0.662288929154624,"W/m2"
"SSP245_N2O",1953,"Ftot",0.670942273690159,"W/m2"
"SSP245_N2O",1954,"Ftot",0.702771573898207,"W/m2"
"SSP245_N2O",1955,"Ftot",0.716486792289239,"W/m2"
"SSP245_N2O",1956,"Ftot",0.727522413912722,"W/m2"
"SSP245_N2O",1957,"Ftot",0.748594356283327,"W/m2"
"SSP245_N2O",1958,"Ftot",0.790113335855632,"W/m2"
"SSP245_N2O",1959,"Ftot",0.799557468432975,"W/m2"
"SSP245_N2O",1960,"Ftot",0.742147326598062,"W/m2"
"SSP245_N2O",1961,"Ftot",0.592245881321991,"W/m2"
"SSP245_N2O",1962,"Ftot",0.546284573806163,"W/m2"
"SSP245_N2O",1963,"Ftot",0.0746486109083491,"W/m2"
"SSP245_N2O",1964,"Ftot",-0.261939208446628,"W/m2"
"SSP245_N2O",1965,"Ftot",0.0788408040651447,"W/m2"
"SSP245_N2O",1966,"Ftot",0.486661171669124,"W/m2"
"SSP245_N2O",1967,"Ftot",0.661498240586653,"W/m2"
"SSP245_N2O",1968,"Ftot",0.485543113434835,"W/m2"
"SSP245_N2O",1969,"Ftot",0.442929861706831,"W/m2"
"SSP245_N2O",1970,"Ftot",0.697260512629851,"W/m2"
"SSP245_N2O",1971,"Ftot",0.91811623586687,"W/m2"
"SSP245_N2O",1972,"Ftot",0.982354349148324,"W/m2"
"SSP245_N2O",1973,"Ftot",0.964010010532254,"W/m2"
"SSP245_N2O",1974,"Ftot",0.875452213594351,"W/m2"
"SSP245_N2O",1975,"Ftot",0.838678873365108,"W/m2"
"SSP245_N2O",1976,"Ftot",0.97821914905685,"W/m2"
"SSP245_N2O",1977,"Ftot",1.17781282325946,"W/m2"
"SSP245_N2O",1978,"Ftot",1.20939064335645,"W/m2"
"SSP245_N2O",1979,"Ftot",1.23323088842139,"W/m2"
"SSP245_N2O",1980,"Ftot",1.32860793354185,"W/m2"
"SSP245_N2O",1981,"Ftot",1.32535317643933,"W/m2"
"SSP245_N2O",1982,"Ftot",0.700643476427408,"W/m2"
"SSP245_N2O",1983,"Ftot",0.482129601465371,"W/m2"
"SSP245_N2O",1984,"Ftot",1.07850185040709,"W/m2"
"SSP245_N2O",1985,"Ftot",1.41874158154729,"W/m2"
"SSP245_N2O",1986,"Ftot",1.52983200861402,"W/m2"
"SSP245_N2O",1987,"Ftot",1.59614506426546,"W/m2"
"SSP245_N2O",1988,"Ftot",1.69535088477522,"W/m2"
"SSP245_N2O",1989,"Ftot",1.76595120480514,"W/m2"
"SSP245_N2O",1990,"Ftot",1.80968508439499,"W/m2"
"SSP245_N2O",1991,"Ftot",0.889363622983309,"W/m2"
"SSP245_N2O",1992,"Ftot",0.376776815165877,"W/m2"
"SSP245_N2O",1993,"Ftot",1.16159365193067,"W/m2"
"SSP245_N2O",1994,"Ftot",1.73878229838906,"W/m2"
"SSP245_N2O",1995,"Ftot",2.00427737036517,"W/m2"
"SSP245_N2O",1996,"Ftot",2.11337946962453,"W/m2"
"SSP245_N2O",1997,"Ftot",2.12864300813258,"W/m2"
"SSP245_N2O",1998,"Ftot",2.22718920625007,"W/m2"
"SSP245_N2O",1999,"Ftot",2.3553485777129,"W/m2"
"SSP245_N2O",2000,"Ftot",2.40400500552819,"W/m2"
"SSP245_N2O",2001,"Ftot",2.43985617810097,"W/m2"
"SSP245_N2O",2002,"Ftot",2.44042515678109,"W/m2"
"SSP245_N2O",2003,"Ftot",2.45097409143855,"W/m2"
"SSP245_N2O",2004,"Ftot",2.50274306480776,"W/m2"
"SSP245_N2O",2005,"Ftot",2.47949382771368,"W/m2"
"SSP245_N2O",2006,"Ftot",2.38772016497496,"W/m2"
"SSP245_N2O",2007,"Ftot",2.40582698256266,"W/m2"
"SSP245_N2O",2008,"Ftot",2.46418360584133,"W/m2"
"SSP245_N2O",2009,"Ftot",2.5256998171999,"W/m2"
"SSP245_N2O",2010,"Ftot",2.57821287987825,"W/m2"
"SSP245_N2O",2011,"Ftot",2.62131261300979,"W/m2"
"SSP245_N2O",2012,"Ftot",2.64915562830746,"W/m2"
"SSP245_N2O",2013,"Ftot",2.71008787791873,"W/m2"
"SSP245_N2O",2014,"Ftot",2.73632180244292,"W/m2"
"SSP245_N2O",2015,"Ftot",2.88504057953014,"W/m2"
"SSP245_N2O",2016,"Ftot",2.93808424330626,"W/m2"
"SSP245_N2O",2017,"Ftot",2.9911533765349,"W/m2"
"SSP245_N2O",2018,"Ftot",3.04587154230256,"W/m2"
"SSP245_N2O",2019,"Ftot",3.10209876725884,"W/m2"
"SSP245_N2O",2020,"Ftot",3.15976111501657,"W/m2"
"SSP245_N2O",2021,"Ftot",3.20839083630008,"W/m2"
"SSP245_N2O",2022,"Ftot",3.25781869063049,"W/m2"
"SSP245_N2O",2023,"Ftot",3.30769715889011,"W/m2"
"SSP245_N2O",2024,"Ftot",3.35802113811026,"W/m2"
"SSP245_N2O",2025,"Ftot",3.40878036596994,"W/m2"
"SSP245_N2O",2026,"Ftot",3.45996309178959,"W/m2"
"SSP245_N2O",2027,"Ftot",3.51155745714236,"W/m2"
"SSP245_N2O",2028,"Ftot",3.56355205505182,"W/m2"
"SSP245_N2O",2029,"Ftot",3.6159361632367,"W/m2"
"SSP245_N2O",2030,"Ftot",3.66869971682614,"W/m2"
"SSP245_N2O",2031,"Ftot",3.72138723707376,"W/m2"
"SSP245_N2O",2032,"Ftot",3.77409182472352,"W/m2"
"SSP245_N2O",2033,"Ftot",3.82666128396487,"W/m2"
"SSP245_N2O",2034,"Ftot",3.87911464380456,"W/m2"
"SSP245_N2O",2035,"Ftot",3.93146745248534,"W/m2"
"SSP245_N2O",2036,"Ftot",3.98373271162892,"W/m2"
"SSP245_N2O",2037,"Ftot",4.03591960202816,"W/m2"
"SSP245_N2O",2038,"Ftot",4.08803721194819,"W/m2"
"SSP245_N2O",2039,"Ftot",4.14009736132324,"W/m2"
"SSP245_N2O",2040,"Ftot",4.19210986022076,"W/m2"
"SSP245_N2O",2041,"Ftot",4.24202948140712,"W/m2"
"SSP245_N2O",2042,"Ftot",4.29203080606225,"W/m2"
"SSP245_N2O",2043,"Ftot",4.34203320775724,"W/m2"
"SSP245_N2O",2044,"Ftot",4.39203617903395,"W/m2"
"SSP245_N2O",2045,"Ftot",4.44203919408531,"W/m2"
"SSP245_N2O",2046,"Ftot",4.49204184104969,"W/m2"
"SSP245_N2O",2047,"Ftot",4.54204402915953,"W/m2"
"SSP245_N2O",2048,"Ftot",4.59204588930316,"W/m2"
"SSP245_N2O",2049,"Ftot",4.64204752490094,"W/m2"
"SSP245_N2O",2050,"Ftot",4.69204898477085,"W/m2"
"SSP245_N2O",2051,"Ftot",4.74285715509127,"W/m2"
"SSP245_N2O",2052,"Ftot",4.79368014182644,"W/m2"
"SSP245_N2O",2053,"Ftot",4.84450341251755,"W/m2"
"SSP245_N2O",2054,"Ftot",4.8953251119769,"W/m2"
"SSP245_N2O",2055,"Ftot",4.9461432730564,"W/m2"
"SSP245_N2O",2056,"Ftot",4.99695607901376,"W/m2"
"SSP245_N2O",2057,"Ftot",5.04776192532374,"W/m2"
"SSP245_N2O",2058,"Ftot",5.09855945858,"W/m2"
"SSP245_N2O",2059,"Ftot",5.14934818259617,"W/m2"
"SSP245_N2O",2060,"Ftot",5.20012989315352,"W/m2"
"SSP245_N2O",2061,"Ftot",5.25117482716172,"W/m2"
"SSP245_N2O",2062,"Ftot",5.30221628541142,"W/m2"
"SSP245_N2O",2063,"Ftot",5.35322337349005,"W/m2"
"SSP245_N2O",2064,"Ftot",5.40419532277489,"W/m2"
"SSP245_N2O",2065,"Ftot",5.45513146689083,"W/m2"
"SSP245_N2O",2066,"Ftot",5.50603190727422,"W/m2"
"SSP245_N2O",2067,"Ftot",5.55689687283665,"W/m2"
"SSP245_N2O",2068,"Ftot",5.60772631195839,"W/m2"
"SSP245_N2O",2069,"Ftot",5.65852017522664,"W/m2"
"SSP245_N2O",2070,"Ftot",5.70927854960274,"W/m2"
"SSP245_N2O",2071,"Ftot",5.75986980540949,"W/m2"
"SSP245_N2O",2072,"Ftot",5.81044927948287,"W/m2"
"SSP245_N2O",2073,"Ftot",5.86100432019052,"W/m2"
"SSP245_N2O",2074,"Ftot",5.91153416181621,"W/m2"
"SSP245_N2O",2075,"Ftot",5.96203815638744,"W/m2"
"SSP245_N2O",2076,"Ftot",6.01251588515889,"W/m2"
"SSP245_N2O",2077,"Ftot",6.062967141468,"W/m2"
"SSP245_N2O",2078,"Ftot",6.11339176180719,"W/m2"
"SSP245_N2O",2079,"Ftot",6.16378969004297,"W/m2"
"SSP245_N2O",2080,"Ftot",6.21416113374847,"W/m2"
"SSP245_N2O",2081,"Ftot",6.26520985602104,"W/m2"
"SSP245_N2O",2082,"Ftot",6.31619638420201,"W/m2"
"SSP245_N2O",2083,"Ftot",6.36717082313187,"W/m2"
"SSP245_N2O",2084,"Ftot",6.4181365056103,"W/m2"
"SSP245_N2O",2085,"Ftot",6.46909659540247,"W/m2"
"SSP245_N2O",2086,"Ftot",6.52005442790426,"W/m2"
"SSP245_N2O",2087,"Ftot",6.57101670431873,"W/m2"
"SSP245_N2O",2088,"Ftot",6.62199181485378,"W/m2"
"SSP245_N2O",2089,"Ftot",6.67298354348864,"W/m2"
"SSP245_N2O",2090,"Ftot",6.7239924042646,"W/m2"
"SSP245_N2O",2091,"Ftot",6.77624669123974,"W/m2"
"SSP245_N2O",2092,"Ftot",6.82858350748174,"W/m2"
"SSP245_N2O",2093,"Ftot",6.88103819558732,"W/m2"
"SSP245_N2O",2094,"Ftot",6.9336062778945,"W/m2"
"SSP245_N2O",2095,"Ftot",6.98628346786331,"W/m2"
"SSP245_N2O",2096,"Ftot",7.03906509479574,"W/m2"
"SSP245_N2O",2097,"Ftot",7.09194626113668,"W/m2"
"SSP245_N2O",2098,"Ftot",7.14492212430657,"W/m2"
"SSP245_N2O",2099,"Ftot",7.19798835699502,"W/m2"
"SSP245_N2O",2100,"Ftot",7.25114157381648,"W/m2"
"SSP245_N2O",2101,"Ftot",7.30130913616486,"W/m2"
"SSP245_N2O",2102,"Ftot",7.35019284598812,"W/m2"
"SSP245_N2O",2103,"Ftot",7.39743580256903,"W/m2"
"SSP245_N2O",2104,"Ftot",7.44313288050241,"W/m2"
"SSP245_N2O",2105,"Ftot",7.48736865036303,"W/m2"
"SSP245_N2O",2106,"Ftot",7.5302213888798,"W/m2"
"SSP245_N2O",2107,"Ftot",7.57176436893931,"W/m2"
"SSP245_N2O",2108,"Ftot",7.61206350711374,"W/m2"
"SSP245_N2O",2109,"Ftot",7.65117811418251,"W/m2"
"SSP245_N2O",2110,"Ftot",7.68916293062745,"W/m2"
"SSP245_N2O",2111,"Ftot",7.72606919191074,"W/m2"
"SSP245_N2O",2112,"Ftot",7.7619445847492,"W/m2"
"SSP245_N2O",2113,"Ftot",7.79683336269762,"W/m2"
"SSP245_N2O",2114,"Ftot",7.83077677129364,"W/m2"
"SSP245_N2O",2115,"Ftot",7.86381335525201,"W/m2"
"SSP245_N2O",2116,"Ftot",7.89598010331394,"W/m2"
"SSP245_N2O",2117,"Ftot",7.92731195420203,"W/m2"
"SSP245_N2O",2118,"Ftot",7.95784054717055,"W/m2"
"SSP245_N2O",2119,"Ftot",7.98759507966257,"W/m2"
"SSP245_N2O",2120,"Ftot",8.01660304412528,"W/m2"
"SSP245_N2O",2121,"Ftot",8.04489036906585,"W/m2"
"SSP245_N2O",2122,"Ftot",8.07248145363463,"W/m2"
"SSP245_N2O",2123,"Ftot",8.09939916301209,"W/m2"
"SSP245_N2O",2124,"Ftot",8.12566544599457,"W/m2"
"SSP245_N2O",2125,"Ftot",8.15130085820569,"W/m2"
"SSP245_N2O",2126,"Ftot",8.17632448229504,"W/m2"
"SSP245_N2O",2127,"Ftot",8.20075441805138,"W/m2"
"SSP245_N2O",2128,"Ftot",8.22460783161701,"W/m2"
"SSP245_N2O",2129,"Ftot",8.24790094960233,"W/m2"
"SSP245_N2O",2130,"Ftot",8.27064909578688,"W/m2"
"SSP245_N2O",2131,"Ftot",8.2928668266819,"W/m2"
"SSP245_N2O",2132,"Ftot",8.31456808301369,"W/m2"
"SSP245_N2O",2133,"Ftot",8.33576626892412,"W/m2"
"SSP245_N2O",2134,"Ftot",8.35647383882032,"W/m2"
"SSP245_N2O",2135,"Ftot",8.3767023293162,"W/m2"
"SSP245_N2O",2136,"Ftot",8.39646268900747,"W/m2"
"SSP245_N2O",2137,"Ftot",8.41576538318052,"W/m2"
"SSP245_N2O",2138,"Ftot",8.43462033579003,"W/m2"
"SSP245_N2O",2139,"Ftot",8.4530370480494,"W/m2"
"SSP245_N2O",2140,"Ftot",8.47102459394117,"W/m2"
"SSP245_N2O",2141,"Ftot",8.4885916848063,"W/m2"
"SSP245_N2O",2142,"Ftot",8.50574655929648,"W/m2"
"SSP245_N2O",2143,"Ftot",8.52249711742695,"W/m2"
"SSP245_N2O",2144,"Ftot",8.53885090381211,"W/m2"
"SSP245_N2O",2145,"Ftot",8.55481509523487,"W/m2"
"SSP245_N2O",2146,"Ftot",8.57039662247865,"W/m2"
"SSP245_N2O",2147,"Ftot",8.58560208991566,"W/m2"
"SSP245_N2O",2148,"Ftot",8.60043765523864,"W/m2"
"SSP245_N2O",2149,"Ftot",8.6149089982229,"W/m2"
"SSP245_N2O",2150,"Ftot",8.62902153209049,"W/m2"
"SSP245_N2O",2151,"Ftot",8.64278064873483,"W/m2"
"SSP245_N2O",2152,"Ftot",8.65622526582767,"W/m2"
"SSP245_N2O",2153,"Ftot",8.66939185896444,"W/m2"
"SSP245_N2O",2154,"Ftot",8.68228358709336,"W/m2"
"SSP245_N2O",2155,"Ftot",8.69490323562194,"W/m2"
"SSP245_N2O",2156,"Ftot",8.70725352648709,"W/m2"
"SSP245_N2O",2157,"Ftot",8.71933705053613,"W/m2"
"SSP245_N2O",2158,"Ftot",8.73115620740982,"W/m2"
"SSP245_N2O",2159,"Ftot",8.74271328801205,"W/m2"
"SSP245_N2O",2160,"Ftot",8.7540104985203,"W/m2"
"SSP245_N2O",2161,"Ftot",8.76504992896387,"W/m2"
"SSP245_N2O",2162,"Ftot",8.775833495522,"W/m2"
"SSP245_N2O",2163,"Ftot",8.78636306889086,"W/m2"
"SSP245_N2O",2164,"Ftot",8.79664069472988,"W/m2"
"SSP245_N2O",2165,"Ftot",8.80666883680057,"W/m2"
"SSP245_N2O",2166,"Ftot",8.81644992049983,"W/m2"
"SSP245_N2O",2167,"Ftot",8.82598764865727,"W/m2"
"SSP245_N2O",2168,"Ftot",8.83528631059827,"W/m2"
"SSP245_N2O",2169,"Ftot",8.84434834170093,"W/m2"
"SSP245_N2O",2170,"Ftot",8.85317444449183,"W/m2"
"SSP245_N2O",2171,"Ftot",8.8617648870039,"W/m2"
"SSP245_N2O",2172,"Ftot",8.87012083026829,"W/m2"
"SSP245_N2O",2173,"Ftot",8.87824370461473,"W/m2"
"SSP245_N2O",2174,"Ftot",8.88613408025491,"W/m2"
"SSP245_N2O",2175,"Ftot",8.89379192464824,"W/m2"
"SSP245_N2O",2176,"Ftot",8.90121730755619,"W/m2"
"SSP245_N2O",2177,"Ftot",8.90841067167553,"W/m2"
"SSP245_N2O",2178,"Ftot",8.91537294063117,"W/m2"
"SSP245_N2O",2179,"Ftot",8.92210520877737,"W/m2"
"SSP245_N2O",2180,"Ftot",8.92860809680031,"W/m2"
"SSP245_N2O",2181,"Ftot",8.93488164447188,"W/m2"
"SSP245_N2O",2182,"Ftot",8.94092600865499,"W/m2"
"SSP245_N2O",2183,"Ftot",8.94674150817853,"W/m2"
"SSP245_N2O",2184,"Ftot",8.95232832952414,"W/m2"
"SSP245_N2O",2185,"Ftot",8.95768684271674,"W/m2"
"SSP245_N2O",2186,"Ftot",8.96281953416509,"W/m2"
"SSP245_N2O",2187,"Ftot",8.96772927562324,"W/m2"
"SSP245_N2O",2188,"Ftot",8.97241645259735,"W/m2"
"SSP245_N2O",2189,"Ftot",8.9768802818749,"W/m2"
"SSP245_N2O",2190,"Ftot",8.98112004489957,"W/m2"
"SSP245_N2O",2191,"Ftot",8.98513526805278,"W/m2"
"SSP245_N2O",2192,"Ftot",8.98892552314278,"W/m2"
"SSP245_N2O",2193,"Ftot",8.9924904709382,"W/m2"
"SSP245_N2O",2194,"Ftot",8.99582991991356,"W/m2"
"SSP245_N2O",2195,"Ftot",8.99894680124734,"W/m2"
"SSP245_N2O",2196,"Ftot",9.00184525498214,"W/m2"
"SSP245_N2O",2197,"Ftot",9.0045259888769,"W/m2"
"SSP245_N2O",2198,"Ftot",9.0069875672435,"W/m2"
"SSP245_N2O",2199,"Ftot",9.0092282231482,"W/m2"
"SSP245_N2O",2200,"Ftot",9.01148911303887,"W/m2"
"SSP245_N2O",2201,"Ftot",9.01293116784431,"W/m2"
"SSP245_N2O",2202,"Ftot",9.01467365279506,"W/m2"
"SSP245_N2O",2203,"Ftot",9.01599454840146,"W/m2"
"SSP245_N2O",2204,"Ftot",9.01711468544732,"W/m2"
"SSP245_N2O",2205,"Ftot",9.01801010562868,"W/m2"
"SSP245_N2O",2206,"Ftot",9.01867874615114,"W/m2"
"SSP245_N2O",2207,"Ftot",9.01912164496968,"W/m2"
"SSP245_N2O",2208,"Ftot",9.01933862139169,"W/m2"
"SSP245_N2O",2209,"Ftot",9.01932983801864,"W/m2"
"SSP245_N2O",2210,"Ftot",9.01909584740194,"W/m2"
"SSP245_N2O",2211,"Ftot",9.01863713854873,"W/m2"
"SSP245_N2O",2212,"Ftot",9.01795399277322,"W/m2"
"SSP245_N2O",2213,"Ftot",9.01704653084341,"W/m2"
"SSP245_N2O",2214,"Ftot",9.01591479250898,"W/m2"
"SSP245_N2O",2215,"Ftot",9.01455879159637,"W/m2"
"SSP245_N2O",2216,"Ftot",9.01297856960689,"W/m2"
"SSP245_N2O",2217,"Ftot",9.01117408383179,"W/m2"
"SSP245_N2O",2218,"Ftot",9.00914532366298,"W/m2"
"SSP245_N2O",2219,"Ftot",9.00689192937284,"W/m2"
"SSP245_N2O",2220,"Ftot",9.00441354777147,"W/m2"
"SSP245_N2O",2221,"Ftot",9.00170986651965,"W/m2"
"SSP245_N2O",2222,"Ftot",8.99878058526879,"W/m2"
"SSP245_N2O",2223,"Ftot",8.99586519359242,"W/m2"
"SSP245_N2O",2224,"Ftot",8.99213229877043,"W/m2"
"SSP245_N2O",2225,"Ftot",8.98869004103237,"W/m2"
"SSP245_N2O",2226,"Ftot",8.98483204006161,"W/m2"
"SSP245_N2O",2227,"Ftot",8.98076856402818,"W/m2"
"SSP245_N2O",2228,"Ftot",8.97647937183389,"W/m2"
"SSP245_N2O",2229,"Ftot",8.97196155870548,"W/m2"
"SSP245_N2O",2230,"Ftot",8.96721585674028,"W/m2"
"SSP245_N2O",2231,"Ftot",8.96224181508095,"W/m2"
"SSP245_N2O",2232,"Ftot",8.95703907498515,"W/m2"
"SSP245_N2O",2233,"Ftot",8.95160727843401,"W/m2"
"SSP245_N2O",2234,"Ftot",8.94594604584557,"W/m2"
"SSP245_N2O",2235,"Ftot",8.9400549834115,"W/m2"
"SSP245_N2O",2236,"Ftot",8.93393368289752,"W/m2"
"SSP245_N2O",2237,"Ftot",8.92758172213407,"W/m2"
"SSP245_N2O",2238,"Ftot",8.920998665384,"W/m2"
"SSP245_N2O",2239,"Ftot",8.91418406344713,"W/m2"
"SSP245_N2O",2240,"Ftot",8.90713745363279,"W/m2"
"SSP245_N2O",2241,"Ftot",8.89985835966436,"W/m2"
"SSP245_N2O",2242,"Ftot",8.89234629149004,"W/m2"
"SSP245_N2O",2243,"Ftot",8.88460074510239,"W/m2"
"SSP245_N2O",2244,"Ftot",8.87662120228662,"W/m2"
"SSP245_N2O",2245,"Ftot",8.86863907160704,"W/m2"
"SSP245_N2O",2246,"Ftot",8.85985153213478,"W/m2"
"SSP245_N2O",2247,"Ftot",8.85131928602582,"W/m2"
"SSP245_N2O",2248,"Ftot",8.84237607015478,"W/m2"
"SSP245_N2O",2249,"Ftot",8.83321711688413,"W/m2"
"SSP245_N2O",2250,"Ftot",8.82382211321212,"W/m2"
"SSP245_N2O",2251,"Ftot",8.81250588414008,"W/m2"
"SSP245_N2O",2252,"Ftot",8.80149344448873,"W/m2"
"SSP245_N2O",2253,"Ftot",8.79089623791132,"W/m2"
"SSP245_N2O",2254,"Ftot",8.78068349995728,"W/m2"
"SSP245_N2O",2255,"Ftot",8.7708267251767,"W/m2"
"SSP245_N2O",2256,"Ftot",8.7613003204959,"W/m2"
"SSP245_N2O",2257,"Ftot",8.75208085448509,"W/m2"
"SSP245_N2O",2258,"Ftot",8.74314672863668,"W/m2"
"SSP245_N2O",2259,"Ftot",8.73447798638527,"W/m2"
"SSP245_N2O",2260,"Ftot",8.72605616314078,"W/m2"
"SSP245_N2O",2261,"Ftot",8.71786416409528,"W/m2"
"SSP245_N2O",2262,"Ftot",8.70988615763159,"W/m2"
"SSP245_N2O",2263,"Ftot",8.70210747907214,"W/m2"
"SSP245_N2O",2264,"Ftot",8.6945145423717,"W/m2"
"SSP245_N2O",2265,"Ftot",8.68709475763334,"W/m2"
"SSP245_N2O",2266,"Ftot",8.67983645560575,"W/m2"
"SSP245_N2O",2267,"Ftot",8.67272881781955,"W/m2"
"SSP245_N2O",2268,"Ftot",8.66576181171757,"W/m2"
"SSP245_N2O",2269,"Ftot",8.65892613048428,"W/m2"
"SSP245_N2O",2270,"Ftot",8.6522131372989,"W/m2"
"SSP245_N2O",2271,"Ftot",8.64561481374195,"W/m2"
"SSP245_N2O",2272,"Ftot",8.63912371209133,"W/m2"
"SSP245_N2O",2273,"Ftot",8.6327329112529,"W/m2"
"SSP245_N2O",2274,"Ftot",8.62643597607729,"W/m2"
"SSP245_N2O",2275,"Ftot",8.62022692025051,"W/m2"
"SSP245_N2O",2276,"Ftot",8.6141001715302,"W/m2"
"SSP245_N2O",2277,"Ftot",8.60805053972076,"W/m2"
"SSP245_N2O",2278,"Ftot",8.60207318722236,"W/m2"
"SSP245_N2O",2279,"Ftot",8.59616360193086,"W/m2"
"SSP245_N2O",2280,"Ftot",8.59031757230317,"W/m2"
"SSP245_N2O",2281,"Ftot",8.58453116441523,"W/m2"
"SSP245_N2O",2282,"Ftot",8.57880070085638,"W/m2"
"SSP245_N2O",2283,"Ftot",8.5731227413145,"W/m2"
"SSP245_N2O",2284,"Ftot",8.56749406471699,"W/m2"
"SSP245_N2O",2285,"Ftot",8.56191165053355,"W/m2"
"SSP245_N2O",2286,"Ftot",8.55637266422887,"W/m2"
"SSP245_N2O",2287,"Ftot",8.55087444390392,"W/m2"
"SSP245_N2O",2288,"Ftot",8.54541448780295,"W/m2"
"SSP245_N2O",2289,"Ftot",8.53999044273341,"W/m2"
"SSP245_N2O",2290,"Ftot",8.53460009335929,"W/m2"
"SSP245_N2O",2291,"Ftot",8.52924135230485,"W/m2"
"SSP245_N2O",2292,"Ftot",8.52391225100803,"W/m2"
"SSP245_N2O",2293,"Ftot",8.51861093128645,"W/m2"
"SSP245_N2O",2294,"Ftot",8.51333563757247,"W/m2"
"SSP245_N2O",2295,"Ftot",8.50808470578428,"W/m2"
"SSP245_N2O",2296,"Ftot",8.5028565573141,"W/m2"
"SSP245_N2O",2297,"Ftot",8.49764969374083,"W/m2"
"SSP245_N2O",2298,"Ftot",8.4924626916922,"W/m2"
"SSP245_N2O",2299,"Ftot",8.48729419799565,"W/m2"
"SSP245_N2O",2300,"Ftot",8.48214292514677,"W/m2"
"SSP245_N2O",1850,"Tgav",0.11714020702554,"degC"
"SSP245_N2O",1851,"Tgav",0.122124591991989,"degC"
"SSP245_N2O",1852,"Tgav",0.128571608166981,"degC"
"SSP245_N2O",1853,"Tgav",0.135822647639025,"degC"
"SSP245_N2O",1854,"Tgav",0.142684329246122,"degC"
"SSP245_N2O",1855,"Tgav",0.137851332844833,"degC"
"SSP245_N2O",1856,"Tgav",0.0943666666554113,"degC"
"SSP245_N2O",1857,"Tgav",0.0377118072679191,"degC"
"SSP245_N2O",1858,"Tgav",0.02237900608797,"degC"
"SSP245_N2O",1859,"Tgav",0.0423519732660814,"degC"
"SSP245_N2O",1860,"Tgav",0.0689569846447355,"degC"
"SSP245_N2O",1861,"Tgav",0.087541782287272,"degC"
"SSP245_N2O",1862,"Tgav",0.0933487345894605,"degC"
"SSP245_N2O",1863,"Tgav",0.0983746276212696,"degC"
"SSP245_N2O",1864,"Tgav",0.110313073392515,"degC"
"SSP245_N2O",1865,"Tgav",0.124250005402407,"degC"
"SSP245_N2O",1866,"Tgav",0.137358996486239,"degC"
"SSP245_N2O",1867,"Tgav",0.148512745642835,"degC"
"SSP245_N2O",1868,"Tgav",0.157691887239198,"degC"
"SSP245_N2O",1869,"Tgav",0.164665220945669,"degC"
"SSP245_N2O",1870,"Tgav",0.170282744087937,"degC"
"SSP245_N2O",1871,"Tgav",0.175573356390908,"degC"
"SSP245_N2O",1872,"Tgav",0.179243893534166,"degC"
"SSP245_N2O",1873,"Tgav",0.181311346464658,"degC"
"SSP245_N2O",1874,"Tgav",0.184600173644304,"degC"
"SSP245_N2O",1875,"Tgav",0.187633750257234,"degC"
"SSP245_N2O",1876,"Tgav",0.186948249780991,"degC"
"SSP245_N2O",1877,"Tgav",0.18675495272082,"degC"
"SSP245_N2O",1878,"Tgav",0.190445548830516,"degC"
"SSP245_N2O",1879,"Tgav",0.19570843987078,"degC"
"SSP245_N2O",1880,"Tgav",0.20105931922921,"degC"
"SSP245_N2O",1881,"Tgav",0.206631970142871,"degC"
"SSP245_N2O",1882,"Tgav",0.201718544316888,"degC"
"SSP245_N2O",1883,"Tgav",0.118752424310098,"degC"
"SSP245_N2O",1884,"Tgav",-0.0129312040525703,"degC"
"SSP245_N2O",1885,"Tgav",-0.0630875812986548,"degC"
"SSP245_N2O",1886,"Tgav",-0.0510714836184401,"degC"
"SSP245_N2O",1887,"Tgav",-0.0305454922791917,"degC"
"SSP245_N2O",1888,"Tgav",-0.00929031401531195,"degC"
"SSP245_N2O",1889,"Tgav",-0.000421327201755684,"degC"
"SSP245_N2O",1890,"Tgav",-0.00106123718697597,"degC"
"SSP245_N2O",1891,"Tgav",0.00353749049250792,"degC"
"SSP245_N2O",1892,"Tgav",0.0225353435522128,"degC"
"SSP245_N2O",1893,"Tgav",0.0507149532977525,"degC"
"SSP245_N2O",1894,"Tgav",0.081534063854569,"degC"
"SSP245_N2O",1895,"Tgav",0.104354494714902,"degC"
"SSP245_N2O",1896,"Tgav",0.108730970707631,"degC"
"SSP245_N2O",1897,"Tgav",0.104542548266725,"degC"
"SSP245_N2O",1898,"Tgav",0.110740614156632,"degC"
"SSP245_N2O",1899,"Tgav",0.125978146795023,"degC"
"SSP245_N2O",1900,"Tgav",0.142726593501734,"degC"
"SSP245_N2O",1901,"Tgav",0.155203351559551,"degC"
"SSP245_N2O",1902,"Tgav",0.126188721769284,"degC"
"SSP245_N2O",1903,"Tgav",0.0669092682069369,"degC"
"SSP245_N2O",1904,"Tgav",0.0469595540147849,"degC"
"SSP245_N2O",1905,"Tgav",0.0665053849013008,"degC"
"SSP245_N2O",1906,"Tgav",0.091223688393483,"degC"
"SSP245_N2O",1907,"Tgav",0.105395394222376,"degC"
"SSP245_N2O",1908,"Tgav",0.117671435531606,"degC"
"SSP245_N2O",1909,"Tgav",0.132813674127005,"degC"
"SSP245_N2O",1910,"Tgav",0.147589362337198,"degC"
"SSP245_N2O",1911,"Tgav",0.160599339695503,"degC"
"SSP245_N2O",1912,"Tgav",0.149591399975894,"degC"
"SSP245_N2O",1913,"Tgav",0.129943767917993,"degC"
"SSP245_N2O",1914,"Tgav",0.136325578546449,"degC"
"SSP245_N2O",1915,"Tgav",0.153734460891851,"degC"
"SSP245_N2O",1916,"Tgav",0.168242196976542,"degC"
"SSP245_N2O",1917,"Tgav",0.179467693932731,"degC"
"SSP245_N2O",1918,"Tgav",0.1894919085741,"degC"
"SSP245_N2O",1919,"Tgav",0.201241323139732,"degC"
"SSP245_N2O",1920,"Tgav",0.202130562263361,"degC"
"SSP245_N2O",1921,"Tgav",0.205766032901413,"degC"
"SSP245_N2O",1922,"Tgav",0.216653793199167,"degC"
"SSP245_N2O",1923,"Tgav",0.224960557809713,"degC"
"SSP245_N2O",1924,"Tgav",0.231107080289305,"degC"
"SSP245_N2O",1925,"Tgav",0.236885549355951,"degC"
"SSP245_N2O",1926,"Tgav",0.242978427909548,"degC"
"SSP245_N2O",1927,"Tgav",0.247464845704717,"degC"
"SSP245_N2O",1928,"Tgav",0.247786759862206,"degC"
"SSP245_N2O",1929,"Tgav",0.242999988552329,"degC"
"SSP245_N2O",1930,"Tgav",0.244608660370308,"degC"
"SSP245_N2O",1931,"Tgav",0.253304209959151,"degC"
"SSP245_N2O",1932,"Tgav",0.261977502953581,"degC"
"SSP245_N2O",1933,"Tgav",0.268821047500803,"degC"
"SSP245_N2O",1934,"Tgav",0.276112653115062,"degC"
"SSP245_N2O",1935,"Tgav",0.281646504579319,"degC"
"SSP245_N2O",1936,"Tgav",0.286207567899421,"degC"
"SSP245_N2O",1937,"Tgav",0.288799560705514,"degC"
"SSP245_N2O",1938,"Tgav",0.292858970364679,"degC"
"SSP245_N2O",1939,"Tgav",0.295609016052349,"degC"
"SSP245_N2O",1940,"Tgav",0.297994430718301,"degC"
"SSP245_N2O",1941,"Tgav",0.300878735860811,"degC"
"SSP245_N2O",1942,"Tgav",0.301609338431612,"degC"
"SSP245_N2O",1943,"Tgav",0.302666336513157,"degC"
"SSP245_N2O",1944,"Tgav",0.30769087247283,"degC"
"SSP245_N2O",1945,"Tgav",0.318111955661879,"degC"
"SSP245_N2O",1946,"Tgav",0.328972752484812,"degC"
"SSP245_N2O",1947,"Tgav",0.334137897141224,"degC"
"SSP245_N2O",1948,"Tgav",0.337985586895313,"degC"
"SSP245_N2O",1949,"Tgav",0.342713167132939,"degC"
"SSP245_N2O",1950,"Tgav",0.344827195432693,"degC"
"SSP245_N2O",1951,"Tgav",0.347627647819339,"degC"
"SSP245_N2O",1952,"Tgav",0.351048666485208,"degC"
"SSP245_N2O",1953,"Tgav",0.354894657867092,"degC"
"SSP245_N2O",1954,"Tgav",0.361041422157275,"degC"
"SSP245_N2O",1955,"Tgav",0.367509715579614,"degC"
"SSP245_N2O",1956,"Tgav",0.373781916046655,"degC"
"SSP245_N2O",1957,"Tgav",0.38081436461706,"degC"
"SSP245_N2O",1958,"Tgav",0.390306664453017,"degC"
"SSP245_N2O",1959,"Tgav",0.399022696688795,"degC"
"SSP245_N2O",1960,"Tgav",0.401086123354408,"degC"
"SSP245_N2O",1961,"Tgav",0.389756555292747,"degC"
"SSP245_N2O",1962,"Tgav",0.376891236204645,"degC"
"SSP245_N2O",1963,"Tgav",0.327068737716739,"degC"
"SSP245_N2O",1964,"Tgav",0.257506832436133,"degC"
"SSP245_N2O",1965,"Tgav",0.233704103450774,"degC"
"SSP245_N2O",1966,"Tgav",0.254564213366453,"degC"
"SSP245_N2O",1967,"Tgav",0.286696611458364,"degC"
"SSP245_N2O",1968,"Tgav",0.294409596612496,"degC"
"SSP245_N2O",1969,"Tgav",0.293595640143591,"degC"
"SSP245_N2O",1970,"Tgav",0.314738336973717,"degC"
"SSP245_N2O",1971,"Tgav",0.35182392896324,"degC"
"SSP245_N2O",1972,"Tgav",0.386252081632022,"degC"
"SSP245_N2O",1973,"Tgav",0.410477532453223,"degC"
"SSP245_N2O",1974,"Tgav",0.421138790462671,"degC"
"SSP245_N2O",1975,"Tgav",0.426202486132393,"degC"
"SSP245_N2O",1976,"Tgav",0.443136916163962,"degC"
"SSP245_N2O",1977,"Tgav",0.47541319290107,"degC"
"SSP245_N2O",1978,"Tgav",0.504516520021214,"degC"
"SSP245_N2O",1979,"Tgav",0.529043313134517,"degC"
"SSP245_N2O",1980,"Tgav",0.556889665370549,"degC"
"SSP245_N2O",1981,"Tgav",0.5795293739467,"degC"
"SSP245_N2O",1982,"Tgav",0.543632011182236,"degC"
"SSP245_N2O",1983,"Tgav",0.494516172173302,"degC"
"SSP245_N2O",1984,"Tgav",0.510910819768454,"degC"
"SSP245_N2O",1985,"Tgav",0.559238014204943,"degC"
"SSP245_N2O",1986,"Tgav",0.606632325915374,"degC"
"SSP245_N2O",1987,"Tgav",0.647966574380365,"degC"
"SSP245_N2O",1988,"Tgav",0.688464127949688,"degC"
"SSP245_N2O",1989,"Tgav",0.726874087026284,"degC"
"SSP245_N2O",1990,"Tgav",0.761473113810311,"degC"
"SSP245_N2O",1991,"Tgav",0.70986366460367,"degC"
"SSP245_N2O",1992,"Tgav",0.621683527877757,"degC"
"SSP245_N2O",1993,"Tgav",0.624217097066584,"degC"
"SSP245_N2O",1994,"Tgav",0.685445827634919,"degC"
"SSP245_N2O",1995,"Tgav",0.757287796980018,"degC"
"SSP245_N2O",1996,"Tgav",0.820859268399942,"degC"
"SSP245_N2O",1997,"Tgav",0.870437882786596,"degC"
"SSP245_N2O",1998,"Tgav",0.917432294940021,"degC"
"SSP245_N2O",1999,"Tgav",0.966674218118192,"degC"
"SSP245_N2O",2000,"Tgav",1.01111536648202,"degC"
"SSP245_N2O",2001,"Tgav",1.05031602918777,"degC"
"SSP245_N2O",2002,"Tgav",1.08280244505693,"degC"
"SSP245_N2O",2003,"Tgav",1.11102583173426,"degC"
"SSP245_N2O",2004,"Tgav",1.13983917491282,"degC"
"SSP245_N2O",2005,"Tgav",1.16286952944692,"degC"
"SSP245_N2O",2006,"Tgav",1.17485181890079,"degC"
"SSP245_N2O",2007,"Tgav",1.18764179517173,"degC"
"SSP245_N2O",2008,"Tgav",1.20548550007239,"degC"
"SSP245_N2O",2009,"Tgav",1.22724725855964,"degC"
"SSP245_N2O",2010,"Tgav",1.25085596026664,"degC"
"SSP245_N2O",2011,"Tgav",1.2748399889174,"degC"
"SSP245_N2O",2012,"Tgav",1.29771502349794,"degC"
"SSP245_N2O",2013,"Tgav",1.32255190173927,"degC"
"SSP245_N2O",2014,"Tgav",1.34618179498788,"degC"
"SSP245_N2O",2015,"Tgav",1.37916874584737,"degC"
"SSP245_N2O",2016,"Tgav",1.41193961009445,"degC"
"SSP245_N2O",2017,"Tgav",1.44351030698114,"degC"
"SSP245_N2O",2018,"Tgav",1.47462257563562,"degC"
"SSP245_N2O",2019,"Tgav",1.50567846332362,"degC"
"SSP245_N2O",2020,"Tgav",1.53690434372943,"degC"
"SSP245_N2O",2021,"Tgav",1.56753587779095,"degC"
"SSP245_N2O",2022,"Tgav",1.59775874623316,"degC"
"SSP245_N2O",2023,"Tgav",1.62778200732657,"degC"
"SSP245_N2O",2024,"Tgav",1.65772828458008,"degC"
"SSP245_N2O",2025,"Tgav",1.68767729389676,"degC"
"SSP245_N2O",2026,"Tgav",1.71768313992476,"degC"
"SSP245_N2O",2027,"Tgav",1.74778372790742,"degC"
"SSP245_N2O",2028,"Tgav",1.77800625565909,"degC"
"SSP245_N2O",2029,"Tgav",1.80837059940195,"degC"
"SSP245_N2O",2030,"Tgav",1.83889148322197,"degC"
"SSP245_N2O",2031,"Tgav",1.86954130550753,"degC"
"SSP245_N2O",2032,"Tgav",1.90030475723046,"degC"
"SSP245_N2O",2033,"Tgav",1.93115989887634,"degC"
"SSP245_N2O",2034,"Tgav",1.96209104010103,"degC"
"SSP245_N2O",2035,"Tgav",1.99308827527742,"degC"
"SSP245_N2O",2036,"Tgav",2.02414511727029,"degC"
"SSP245_N2O",2037,"Tgav",2.05525704860895,"degC"
"SSP245_N2O",2038,"Tgav",2.08642092203363,"degC"
"SSP245_N2O",2039,"Tgav",2.11763486222314,"degC"
"SSP245_N2O",2040,"Tgav",2.14889782379879,"degC"
"SSP245_N2O",2041,"Tgav",2.18003149899686,"degC"
"SSP245_N2O",2042,"Tgav",2.21107405655115,"degC"
"SSP245_N2O",2043,"Tgav",2.24206897761618,"degC"
"SSP245_N2O",2044,"Tgav",2.27304122344547,"degC"
"SSP245_N2O",2045,"Tgav",2.30400686606601,"degC"
"SSP245_N2O",2046,"Tgav",2.33497678163824,"degC"
"SSP245_N2O",2047,"Tgav",2.36595862413901,"degC"
"SSP245_N2O",2048,"Tgav",2.39695794936206,"degC"
"SSP245_N2O",2049,"Tgav",2.42797887586565,"degC"
"SSP245_N2O",2050,"Tgav",2.45902450058296,"degC"
"SSP245_N2O",2051,"Tgav",2.49016702463338,"degC"
"SSP245_N2O",2052,"Tgav",2.5213983328209,"degC"
"SSP245_N2O",2053,"Tgav",2.55270284008755,"degC"
"SSP245_N2O",2054,"Tgav",2.58407103395516,"degC"
"SSP245_N2O",2055,"Tgav",2.61549664162255,"degC"
"SSP245_N2O",2056,"Tgav",2.64697519805681,"degC"
"SSP245_N2O",2057,"Tgav",2.67850332953827,"degC"
"SSP245_N2O",2058,"Tgav",2.71007836746707,"degC"
"SSP245_N2O",2059,"Tgav",2.74169817867944,"degC"
"SSP245_N2O",2060,"Tgav",2.77336119987964,"degC"
"SSP245_N2O",2061,"Tgav",2.80508953004015,"degC"
"SSP245_N2O",2062,"Tgav",2.83687859819543,"degC"
"SSP245_N2O",2063,"Tgav",2.86871937061291,"degC"
"SSP245_N2O",2064,"Tgav",2.90060543607327,"degC"
"SSP245_N2O",2065,"Tgav",2.93253219338857,"degC"
"SSP245_N2O",2066,"Tgav",2.96449617972446,"degC"
"SSP245_N2O",2067,"Tgav",2.99649468176692,"degC"
"SSP245_N2O",2068,"Tgav",3.0285254711677,"degC"
"SSP245_N2O",2069,"Tgav",3.06058666041456,"degC"
"SSP245_N2O",2070,"Tgav",3.09267662510487,"degC"
"SSP245_N2O",2071,"Tgav",3.12478253906818,"degC"
"SSP245_N2O",2072,"Tgav",3.1569070012588,"degC"
"SSP245_N2O",2073,"Tgav",3.18905221619658,"degC"
"SSP245_N2O",2074,"Tgav",3.22121901393821,"degC"
"SSP245_N2O",2075,"Tgav",3.25340765049251,"degC"
"SSP245_N2O",2076,"Tgav",3.28561807005061,"degC"
"SSP245_N2O",2077,"Tgav",3.31785004806228,"degC"
"SSP245_N2O",2078,"Tgav",3.35010326048478,"degC"
"SSP245_N2O",2079,"Tgav",3.38237732949798,"degC"
"SSP245_N2O",2080,"Tgav",3.41467186740556,"degC"
"SSP245_N2O",2081,"Tgav",3.44704739081511,"degC"
"SSP245_N2O",2082,"Tgav",3.47949061151638,"degC"
"SSP245_N2O",2083,"Tgav",3.5119881974315,"degC"
"SSP245_N2O",2084,"Tgav",3.54453296351471,"degC"
"SSP245_N2O",2085,"Tgav",3.57712042955714,"degC"
"SSP245_N2O",2086,"Tgav",3.60974773438073,"degC"
"SSP245_N2O",2087,"Tgav",3.64241334230925,"degC"
"SSP245_N2O",2088,"Tgav",3.6751168051028,"degC"
"SSP245_N2O",2089,"Tgav",3.70785806395334,"degC"
"SSP245_N2O",2090,"Tgav",3.74063702122816,"degC"
"SSP245_N2O",2091,"Tgav",3.77355983151012,"degC"
"SSP245_N2O",2092,"Tgav",3.80661487656223,"degC"
"SSP245_N2O",2093,"Tgav",3.83978417154986,"degC"
"SSP245_N2O",2094,"Tgav",3.87305763269652,"degC"
"SSP245_N2O",2095,"Tgav",3.90642867033419,"degC"
"SSP245_N2O",2096,"Tgav",3.93989256802794,"degC"
"SSP245_N2O",2097,"Tgav",3.97344566462786,"degC"
"SSP245_N2O",2098,"Tgav",4.00708493300735,"degC"
"SSP245_N2O",2099,"Tgav",4.04080778102963,"degC"
"SSP245_N2O",2100,"Tgav",4.07461197811726,"degC"
"SSP245_N2O",2101,"Tgav",4.10822984022161,"degC"
"SSP245_N2O",2102,"Tgav",4.14158409769227,"degC"
"SSP245_N2O",2103,"Tgav",4.17460717724614,"degC"
"SSP245_N2O",2104,"Tgav",4.20724803076973,"degC"
"SSP245_N2O",2105,"Tgav",4.23947299315356,"degC"
"SSP245_N2O",2106,"Tgav",4.27126008825165,"degC"
"SSP245_N2O",2107,"Tgav",4.30259560453619,"degC"
"SSP245_N2O",2108,"Tgav",4.33347160240128,"degC"
"SSP245_N2O",2109,"Tgav",4.36388419091012,"degC"
"SSP245_N2O",2110,"Tgav",4.39383245154975,"degC"
"SSP245_N2O",2111,"Tgav",4.42331773019556,"degC"
"SSP245_N2O",2112,"Tgav",4.45234307985394,"degC"
"SSP245_N2O",2113,"Tgav",4.48091281792352,"degC"
"SSP245_N2O",2114,"Tgav",4.50903220083575,"degC"
"SSP245_N2O",2115,"Tgav",4.53670718078638,"degC"
"SSP245_N2O",2116,"Tgav",4.56394429687564,"degC"
"SSP245_N2O",2117,"Tgav",4.59075053425901,"degC"
"SSP245_N2O",2118,"Tgav",4.6171330815878,"degC"
"SSP245_N2O",2119,"Tgav",4.64309919591096,"degC"
"SSP245_N2O",2120,"Tgav",4.66865615911042,"degC"
"SSP245_N2O",2121,"Tgav",4.6938112458969,"degC"
"SSP245_N2O",2122,"Tgav",4.71857168707515,"degC"
"SSP245_N2O",2123,"Tgav",4.74294462849457,"degC"
"SSP245_N2O",2124,"Tgav",4.76693714276532,"degC"
"SSP245_N2O",2125,"Tgav",4.79055619226731,"degC"
"SSP245_N2O",2126,"Tgav",4.8138085809418,"degC"
"SSP245_N2O",2127,"Tgav",4.83670095401718,"degC"
"SSP245_N2O",2128,"Tgav",4.85923980006857,"degC"
"SSP245_N2O",2129,"Tgav",4.88143144533192,"degC"
"SSP245_N2O",2130,"Tgav",4.90328204705208,"degC"
"SSP245_N2O",2131,"Tgav",4.92479759604533,"degC"
"SSP245_N2O",2132,"Tgav",4.94598392879309,"degC"
"SSP245_N2O",2133,"Tgav",4.96684674068114,"degC"
"SSP245_N2O",2134,"Tgav",4.98739155725145,"degC"
"SSP245_N2O",2135,"Tgav",5.00762370933492,"degC"
"SSP245_N2O",2136,"Tgav",5.02754834210139,"degC"
"SSP245_N2O",2137,"Tgav",5.04717043137431,"degC"
"SSP245_N2O",2138,"Tgav",5.06649478848277,"degC"
"SSP245_N2O",2139,"Tgav",5.08552607124648,"degC"
"SSP245_N2O",2140,"Tgav",5.10426879119643,"degC"
"SSP245_N2O",2141,"Tgav",5.12272732286854,"degC"
"SSP245_N2O",2142,"Tgav",5.14090590055895,"degC"
"SSP245_N2O",2143,"Tgav",5.1588086254929,"degC"
"SSP245_N2O",2144,"Tgav",5.17643947023693,"degC"
"SSP245_N2O",2145,"Tgav",5.19380227970077,"degC"
"SSP245_N2O",2146,"Tgav",5.21090078162739,"degC"
"SSP245_N2O",2147,"Tgav",5.22773858786295,"degC"
"SSP245_N2O",2148,"Tgav",5.2443191833828,"degC"
"SSP245_N2O",2149,"Tgav",5.26064591412964,"degC"
"SSP245_N2O",2150,"Tgav",5.27672199588404,"degC"
"SSP245_N2O",2151,"Tgav",5.29255054340498,"degC"
"SSP245_N2O",2152,"Tgav",5.30813749709732,"degC"
"SSP245_N2O",2153,"Tgav",5.32349096302812,"degC"
"SSP245_N2O",2154,"Tgav",5.33861767740624,"degC"
"SSP245_N2O",2155,"Tgav",5.3535230765305,"degC"
"SSP245_N2O",2156,"Tgav",5.3682117533969,"degC"
"SSP245_N2O",2157,"Tgav",5.38268770921774,"degC"
"SSP245_N2O",2158,"Tgav",5.39695449880691,"degC"
"SSP245_N2O",2159,"Tgav",5.41101533014423,"degC"
"SSP245_N2O",2160,"Tgav",5.42487313470743,"degC"
"SSP245_N2O",2161,"Tgav",5.43853061432438,"degC"
"SSP245_N2O",2162,"Tgav",5.45199026978772,"degC"
"SSP245_N2O",2163,"Tgav",5.46525443288274,"degC"
"SSP245_N2O",2164,"Tgav",5.47832531096912,"degC"
"SSP245_N2O",2165,"Tgav",5.49120504333796,"degC"
"SSP245_N2O",2166,"Tgav",5.50389570582526,"degC"
"SSP245_N2O",2167,"Tgav",5.51639942478654,"degC"
"SSP245_N2O",2168,"Tgav",5.52871841535589,"degC"
"SSP245_N2O",2169,"Tgav",5.54085479142176,"degC"
"SSP245_N2O",2170,"Tgav",5.55281041797669,"degC"
"SSP245_N2O",2171,"Tgav",5.56458692273465,"degC"
"SSP245_N2O",2172,"Tgav",5.57618583071069,"degC"
"SSP245_N2O",2173,"Tgav",5.58760861606386,"degC"
"SSP245_N2O",2174,"Tgav",5.59885663226306,"degC"
"SSP245_N2O",2175,"Tgav",5.60993107397675,"degC"
"SSP245_N2O",2176,"Tgav",5.62083301547646,"degC"
"SSP245_N2O",2177,"Tgav",5.63156346827359,"degC"
"SSP245_N2O",2178,"Tgav",5.64212343330644,"degC"
"SSP245_N2O",2179,"Tgav",5.6525139127762,"degC"
"SSP245_N2O",2180,"Tgav",5.6627358608623,"degC"
"SSP245_N2O",2181,"Tgav",5.67279013430717,"degC"
"SSP245_N2O",2182,"Tgav",5.68267751791373,"degC"
"SSP245_N2O",2183,"Tgav",5.69239875398695,"degC"
"SSP245_N2O",2184,"Tgav",5.70195453720628,"degC"
"SSP245_N2O",2185,"Tgav",5.71134553525131,"degC"
"SSP245_N2O",2186,"Tgav",5.72057257500059,"degC"
"SSP245_N2O",2187,"Tgav",5.72963664684556,"degC"
"SSP245_N2O",2188,"Tgav",5.73853864107523,"degC"
"SSP245_N2O",2189,"Tgav",5.74727924788702,"degC"
"SSP245_N2O",2190,"Tgav",5.75585901006934,"degC"
"SSP245_N2O",2191,"Tgav",5.76427838493536,"degC"
"SSP245_N2O",2192,"Tgav",5.7725377688584,"degC"
"SSP245_N2O",2193,"Tgav",5.78063751510882,"degC"
"SSP245_N2O",2194,"Tgav",5.78857795248919,"degC"
"SSP245_N2O",2195,"Tgav",5.79635965731214,"degC"
"SSP245_N2O",2196,"Tgav",5.80398351489116,"degC"
"SSP245_N2O",2197,"Tgav",5.81145034161297,"degC"
"SSP245_N2O",2198,"Tgav",5.81876068392952,"degC"
"SSP245_N2O",2199,"Tgav",5.82591485140679,"degC"
"SSP245_N2O",2200,"Tgav",5.83293401201916,"degC"
"SSP245_N2O",2201,"Tgav",5.83976334784454,"degC"
"SSP245_N2O",2202,"Tgav",5.84645156253724,"degC"
"SSP245_N2O",2203,"Tgav",5.85298373189822,"degC"
"SSP245_N2O",2204,"Tgav",5.85935932842056,"degC"
"SSP245_N2O",2205,"Tgav",5.86557915301251,"degC"
"SSP245_N2O",2206,"Tgav",5.87164321411951,"degC"
"SSP245_N2O",2207,"Tgav",5.87755162362579,"degC"
"SSP245_N2O",2208,"Tgav",5.88330449618509,"degC"
"SSP245_N2O",2209,"Tgav",5.88890195937743,"degC"
"SSP245_N2O",2210,"Tgav",5.89434418698443,"degC"
"SSP245_N2O",2211,"Tgav",5.89963138298721,"degC"
"SSP245_N2O",2212,"Tgav",5.90476375319447,"degC"
"SSP245_N2O",2213,"Tgav",5.90974148858763,"degC"
"SSP245_N2O",2214,"Tgav",5.91456476106239,"degC"
"SSP245_N2O",2215,"Tgav",5.91923372559967,"degC"
"SSP245_N2O",2216,"Tgav",5.92374852650618,"degC"
"SSP245_N2O",2217,"Tgav",5.92810929237205,"degC"
"SSP245_N2O",2218,"Tgav",5.93231614112821,"degC"
"SSP245_N2O",2219,"Tgav",5.93636915193725,"degC"
"SSP245_N2O",2220,"Tgav",5.94026837160754,"degC"
"SSP245_N2O",2221,"Tgav",5.94401382606936,"degC"
"SSP245_N2O",2222,"Tgav",5.94760552569312,"degC"
"SSP245_N2O",2223,"Tgav",5.95106422565158,"degC"
"SSP245_N2O",2224,"Tgav",5.95433539213412,"degC"
"SSP245_N2O",2225,"Tgav",5.95746699123329,"degC"
"SSP245_N2O",2226,"Tgav",5.96044474473651,"degC"
"SSP245_N2O",2227,"Tgav",5.96326780177424,"degC"
"SSP245_N2O",2228,"Tgav",5.96593688170373,"degC"
"SSP245_N2O",2229,"Tgav",5.96845187646356,"degC"
"SSP245_N2O",2230,"Tgav",5.97081274114616,"degC"
"SSP245_N2O",2231,"Tgav",5.9730194190289,"degC"
"SSP245_N2O",2232,"Tgav",5.97507183533306,"degC"
"SSP245_N2O",2233,"Tgav",5.97696990332336,"degC"
"SSP245_N2O",2234,"Tgav",5.97871352465265,"degC"
"SSP245_N2O",2235,"Tgav",5.9803025898565,"degC"
"SSP245_N2O",2236,"Tgav",5.98173697875249,"degC"
"SSP245_N2O",2237,"Tgav",5.98301656074735,"degC"
"SSP245_N2O",2238,"Tgav",5.98414119509352,"degC"
"SSP245_N2O",2239,"Tgav",5.9851107310925,"degC"
"SSP245_N2O",2240,"Tgav",5.98592500824963,"degC"
"SSP245_N2O",2241,"Tgav",5.98658385638909,"degC"
"SSP245_N2O",2242,"Tgav",5.98708709573233,"degC"
"SSP245_N2O",2243,"Tgav",5.98743453694972,"degC"
"SSP245_N2O",2244,"Tgav",5.98762598118627,"degC"
"SSP245_N2O",2245,"Tgav",5.98768129873793,"degC"
"SSP245_N2O",2246,"Tgav",5.98754767695767,"degC"
"SSP245_N2O",2247,"Tgav",5.98727048310299,"degC"
"SSP245_N2O",2248,"Tgav",5.98683649096945,"degC"
"SSP245_N2O",2249,"Tgav",5.9862447476713,"degC"
"SSP245_N2O",2250,"Tgav",5.98549565400462,"degC"
"SSP245_N2O",2251,"Tgav",5.98444323016818,"degC"
"SSP245_N2O",2252,"Tgav",5.98315752669925,"degC"
"SSP245_N2O",2253,"Tgav",5.9817224109964,"degC"
"SSP245_N2O",2254,"Tgav",5.98019238793212,"degC"
"SSP245_N2O",2255,"Tgav",5.97860347699075,"degC"
"SSP245_N2O",2256,"Tgav",5.97698044665434,"degC"
"SSP245_N2O",2257,"Tgav",5.97534076310183,"degC"
"SSP245_N2O",2258,"Tgav",5.97369691944083,"degC"
"SSP245_N2O",2259,"Tgav",5.97205790264816,"degC"
"SSP245_N2O",2260,"Tgav",5.97043016321103,"degC"
"SSP245_N2O",2261,"Tgav",5.96881828069768,"degC"
"SSP245_N2O",2262,"Tgav",5.96722543447923,"degC"
"SSP245_N2O",2263,"Tgav",5.96565374474639,"degC"
"SSP245_N2O",2264,"Tgav",5.96410452446644,"degC"
"SSP245_N2O",2265,"Tgav",5.96257846851032,"degC"
"SSP245_N2O",2266,"Tgav",5.96107579760138,"degC"
"SSP245_N2O",2267,"Tgav",5.95959636912436,"degC"
"SSP245_N2O",2268,"Tgav",5.95813976319402,"degC"
"SSP245_N2O",2269,"Tgav",5.95670534998896,"degC"
"SSP245_N2O",2270,"Tgav",5.95529234272334,"degC"
"SSP245_N2O",2271,"Tgav",5.95389983949143,"degC"
"SSP245_N2O",2272,"Tgav",5.95252685641149,"degC"
"SSP245_N2O",2273,"Tgav",5.95117235391246,"degC"
"SSP245_N2O",2274,"Tgav",5.94983525758015,"degC"
"SSP245_N2O",2275,"Tgav",5.94851447469879,"degC"
"SSP245_N2O",2276,"Tgav",5.94720890729348,"degC"
"SSP245_N2O",2277,"Tgav",5.9459174623547,"degC"
"SSP245_N2O",2278,"Tgav",5.94463905979775,"degC"
"SSP245_N2O",2279,"Tgav",5.94337263859434,"degC"
"SSP245_N2O",2280,"Tgav",5.94211716142667,"degC"
"SSP245_N2O",2281,"Tgav",5.94087161814584,"degC"
"SSP245_N2O",2282,"Tgav",5.93963502826336,"degC"
"SSP245_N2O",2283,"Tgav",5.93840644266184,"degC"
"SSP245_N2O",2284,"Tgav",5.93718494467629,"degC"
"SSP245_N2O",2285,"Tgav",5.93596965047388,"degC"
"SSP245_N2O",2286,"Tgav",5.93475970911058,"degC"
"SSP245_N2O",2287,"Tgav",5.93355430235389,"degC"
"SSP245_N2O",2288,"Tgav",5.93235264428889,"degC"
"SSP245_N2O",2289,"Tgav",5.93115398074086,"degC"
"SSP245_N2O",2290,"Tgav",5.92995758855173,"degC"
"SSP245_N2O",2291,"Tgav",5.92876277474307,"degC"
"SSP245_N2O",2292,"Tgav",5.92756887559396,"degC"
"SSP245_N2O",2293,"Tgav",5.92637525565913,"degC"
"SSP245_N2O",2294,"Tgav",5.92518130674935,"degC"
"SSP245_N2O",2295,"Tgav",5.92398644654754,"degC"
"SSP245_N2O",2296,"Tgav",5.92279011732379,"degC"
"SSP245_N2O",2297,"Tgav",5.92159178479786,"degC"
"SSP245_N2O",2298,"Tgav",5.92039093708176,"degC"
"SSP245_N2O",2299,"Tgav",5.91918708367215,"degC"
"SSP245_N2O",2300,"Tgav",5.91797975448185,"degC"
"SSP370_N2O",1850,"Ca",284.20440303028,"ppmv CO2"
"SSP370_N2O",1851,"Ca",284.416504591648,"ppmv CO2"
"SSP370_N2O",1852,"Ca",284.619478993891,"ppmv CO2"
"SSP370_N2O",1853,"Ca",284.837667042056,"ppmv CO2"
"SSP370_N2O",1854,"Ca",285.074361949939,"ppmv CO2"
"SSP370_N2O",1855,"Ca",285.305200218061,"ppmv CO2"
"SSP370_N2O",1856,"Ca",285.529611922044,"ppmv CO2"
"SSP370_N2O",1857,"Ca",285.736094537586,"ppmv CO2"
"SSP370_N2O",1858,"Ca",285.889064315823,"ppmv CO2"
"SSP370_N2O",1859,"Ca",285.993078552476,"ppmv CO2"
"SSP370_N2O",1860,"Ca",286.115248927756,"ppmv CO2"
"SSP370_N2O",1861,"Ca",286.28540665864,"ppmv CO2"
"SSP370_N2O",1862,"Ca",286.490415163717,"ppmv CO2"
"SSP370_N2O",1863,"Ca",286.677045501227,"ppmv CO2"
"SSP370_N2O",1864,"Ca",286.827311587307,"ppmv CO2"
"SSP370_N2O",1865,"Ca",286.975567627318,"ppmv CO2"
"SSP370_N2O",1866,"Ca",287.131791514372,"ppmv CO2"
"SSP370_N2O",1867,"Ca",287.294613946709,"ppmv CO2"
"SSP370_N2O",1868,"Ca",287.46034671412,"ppmv CO2"
"SSP370_N2O",1869,"Ca",287.625328482448,"ppmv CO2"
"SSP370_N2O",1870,"Ca",287.787904889752,"ppmv CO2"
"SSP370_N2O",1871,"Ca",287.946911078138,"ppmv CO2"
"SSP370_N2O",1872,"Ca",288.112541860088,"ppmv CO2"
"SSP370_N2O",1873,"Ca",288.326873178438,"ppmv CO2"
"SSP370_N2O",1874,"Ca",288.579586210155,"ppmv CO2"
"SSP370_N2O",1875,"Ca",288.827415572036,"ppmv CO2"
"SSP370_N2O",1876,"Ca",289.074107570734,"ppmv CO2"
"SSP370_N2O",1877,"Ca",289.32480658231,"ppmv CO2"
"SSP370_N2O",1878,"Ca",289.571034445316,"ppmv CO2"
"SSP370_N2O",1879,"Ca",289.815444523586,"ppmv CO2"
"SSP370_N2O",1880,"Ca",290.06676799777,"ppmv CO2"
"SSP370_N2O",1881,"Ca",290.33025585456,"ppmv CO2"
"SSP370_N2O",1882,"Ca",290.615271348405,"ppmv CO2"
"SSP370_N2O",1883,"Ca",290.890814838459,"ppmv CO2"
"SSP370_N2O",1884,"Ca",291.134510043545,"ppmv CO2"
"SSP370_N2O",1885,"Ca",291.278636964401,"ppmv CO2"
"SSP370_N2O",1886,"Ca",291.313940902287,"ppmv CO2"
"SSP370_N2O",1887,"Ca",291.364746364424,"ppmv CO2"
"SSP370_N2O",1888,"Ca",291.476400482251,"ppmv CO2"
"SSP370_N2O",1889,"Ca",291.634434039163,"ppmv CO2"
"SSP370_N2O",1890,"Ca",291.819023557131,"ppmv CO2"
"SSP370_N2O",1891,"Ca",292.005545934232,"ppmv CO2"
"SSP370_N2O",1892,"Ca",292.185948124578,"ppmv CO2"
"SSP370_N2O",1893,"Ca",292.373128645724,"ppmv CO2"
"SSP370_N2O",1894,"Ca",292.579960127067,"ppmv CO2"
"SSP370_N2O",1895,"Ca",292.813999902627,"ppmv CO2"
"SSP370_N2O",1896,"Ca",293.078776333385,"ppmv CO2"
"SSP370_N2O",1897,"Ca",293.353441576916,"ppmv CO2"
"SSP370_N2O",1898,"Ca",293.615957694967,"ppmv CO2"
"SSP370_N2O",1899,"Ca",293.867242210264,"ppmv CO2"
"SSP370_N2O",1900,"Ca",294.130338755346,"ppmv CO2"
"SSP370_N2O",1901,"Ca",294.414702354655,"ppmv CO2"
"SSP370_N2O",1902,"Ca",294.742472598366,"ppmv CO2"
"SSP370_N2O",1903,"Ca",295.101298268545,"ppmv CO2"
"SSP370_N2O",1904,"Ca",295.433286428209,"ppmv CO2"
"SSP370_N2O",1905,"Ca",295.729744820152,"ppmv CO2"
"SSP370_N2O",1906,"Ca",296.046973428993,"ppmv CO2"
"SSP370_N2O",1907,"Ca",296.443119650441,"ppmv CO2"
"SSP370_N2O",1908,"Ca",296.90009479923,"ppmv CO2"
"SSP370_N2O",1909,"Ca",297.367750738463,"ppmv CO2"
"SSP370_N2O",1910,"Ca",297.831926604939,"ppmv CO2"
"SSP370_N2O",1911,"Ca",298.309909092564,"ppmv CO2"
"SSP370_N2O",1912,"Ca",298.766861911661,"ppmv CO2"
"SSP370_N2O",1913,"Ca",299.184984120532,"ppmv CO2"
"SSP370_N2O",1914,"Ca",299.563076875505,"ppmv CO2"
"SSP370_N2O",1915,"Ca",299.88808720157,"ppmv CO2"
"SSP370_N2O",1916,"Ca",300.194952299948,"ppmv CO2"
"SSP370_N2O",1917,"Ca",300.527028278894,"ppmv CO2"
"SSP370_N2O",1918,"Ca",300.885022320298,"ppmv CO2"
"SSP370_N2O",1919,"Ca",301.245565298453,"ppmv CO2"
"SSP370_N2O",1920,"Ca",301.577777329223,"ppmv CO2"
"SSP370_N2O",1921,"Ca",301.91713340862,"ppmv CO2"
"SSP370_N2O",1922,"Ca",302.265863368545,"ppmv CO2"
"SSP370_N2O",1923,"Ca",302.610841456092,"ppmv CO2"
"SSP370_N2O",1924,"Ca",302.995475732206,"ppmv CO2"
"SSP370_N2O",1925,"Ca",303.40737803599,"ppmv CO2"
"SSP370_N2O",1926,"Ca",303.820734800293,"ppmv CO2"
"SSP370_N2O",1927,"Ca",304.226903884597,"ppmv CO2"
"SSP370_N2O",1928,"Ca",304.665897867,"ppmv CO2"
"SSP370_N2O",1929,"Ca",305.137250985192,"ppmv CO2"
"SSP370_N2O",1930,"Ca",305.625700797644,"ppmv CO2"
"SSP370_N2O",1931,"Ca",306.138270323112,"ppmv CO2"
"SSP370_N2O",1932,"Ca",306.634639390171,"ppmv CO2"
"SSP370_N2O",1933,"Ca",307.044401818339,"ppmv CO2"
"SSP370_N2O",1934,"Ca",307.400159555696,"ppmv CO2"
"SSP370_N2O",1935,"Ca",307.775276109788,"ppmv CO2"
"SSP370_N2O",1936,"Ca",308.168095043673,"ppmv CO2"
"SSP370_N2O",1937,"Ca",308.589140093111,"ppmv CO2"
"SSP370_N2O",1938,"Ca",309.034133995231,"ppmv CO2"
"SSP370_N2O",1939,"Ca",309.460377651818,"ppmv CO2"
"SSP370_N2O",1940,"Ca",309.881573350607,"ppmv CO2"
"SSP370_N2O",1941,"Ca",310.326627468876,"ppmv CO2"
"SSP370_N2O",1942,"Ca",310.775451730717,"ppmv CO2"
"SSP370_N2O",1943,"Ca",311.223523773223,"ppmv CO2"
"SSP370_N2O",1944,"Ca",311.678562172872,"ppmv CO2"
"SSP370_N2O",1945,"Ca",312.130803220603,"ppmv CO2"
"SSP370_N2O",1946,"Ca",312.531126573738,"ppmv CO2"
"SSP370_N2O",1947,"Ca",312.955116197593,"ppmv CO2"
"SSP370_N2O",1948,"Ca",313.490227179736,"ppmv CO2"
"SSP370_N2O",1949,"Ca",314.079178936873,"ppmv CO2"
"SSP370_N2O",1950,"Ca",314.671586199507,"ppmv CO2"
"SSP370_N2O",1951,"Ca",315.296985633641,"ppmv CO2"
"SSP370_N2O",1952,"Ca",316.078596525428,"ppmv CO2"
"SSP370_N2O",1953,"Ca",316.977150591428,"ppmv CO2"
"SSP370_N2O",1954,"Ca",317.874986531393,"ppmv CO2"
"SSP370_N2O",1955,"Ca",318.794863542862,"ppmv CO2"
"SSP370_N2O",1956,"Ca",319.791026558625,"ppmv CO2"
"SSP370_N2O",1957,"Ca",320.881500697616,"ppmv CO2"
"SSP370_N2O",1958,"Ca",322.032991119449,"ppmv CO2"
"SSP370_N2O",1959,"Ca",323.227642868668,"ppmv CO2"
"SSP370_N2O",1960,"Ca",324.43941058565,"ppmv CO2"
"SSP370_N2O",1961,"Ca",325.648780431975,"ppmv CO2"
"SSP370_N2O",1962,"Ca",326.87863457511,"ppmv CO2"
"SSP370_N2O",1963,"Ca",328.11164827813,"ppmv CO2"
"SSP370_N2O",1964,"Ca",329.360187856277,"ppmv CO2"
"SSP370_N2O",1965,"Ca",330.58901208203,"ppmv CO2"
"SSP370_N2O",1966,"Ca",331.797725340491,"ppmv CO2"
"SSP370_N2O",1967,"Ca",333.07676265242,"ppmv CO2"
"SSP370_N2O",1968,"Ca",334.456637456462,"ppmv CO2"
"SSP370_N2O",1969,"Ca",335.913936469195,"ppmv CO2"
"SSP370_N2O",1970,"Ca",337.394894539344,"ppmv CO2"
"SSP370_N2O",1971,"Ca",338.925277776297,"ppmv CO2"
"SSP370_N2O",1972,"Ca",340.472573768898,"ppmv CO2"
"SSP370_N2O",1973,"Ca",342.0089933154,"ppmv CO2"
"SSP370_N2O",1974,"Ca",343.59745366126,"ppmv CO2"
"SSP370_N2O",1975,"Ca",345.190426013606,"ppmv CO2"
"SSP370_N2O",1976,"Ca",346.720836588882,"ppmv CO2"
"SSP370_N2O",1977,"Ca",348.281093168449,"ppmv CO2"
"SSP370_N2O",1978,"Ca",349.939705524442,"ppmv CO2"
"SSP370_N2O",1979,"Ca",351.665058747072,"ppmv CO2"
"SSP370_N2O",1980,"Ca",353.403712676654,"ppmv CO2"
"SSP370_N2O",1981,"Ca",355.102843237125,"ppmv CO2"
"SSP370_N2O",1982,"Ca",356.739036320091,"ppmv CO2"
"SSP370_N2O",1983,"Ca",358.319041885225,"ppmv CO2"
"SSP370_N2O",1984,"Ca",359.874355264835,"ppmv CO2"
"SSP370_N2O",1985,"Ca",361.468092976394,"ppmv CO2"
"SSP370_N2O",1986,"Ca",363.150341921892,"ppmv CO2"
"SSP370_N2O",1987,"Ca",364.929738481343,"ppmv CO2"
"SSP370_N2O",1988,"Ca",366.775550985454,"ppmv CO2"
"SSP370_N2O",1989,"Ca",368.668743221443,"ppmv CO2"
"SSP370_N2O",1990,"Ca",370.618904218665,"ppmv CO2"
"SSP370_N2O",1991,"Ca",372.522228458176,"ppmv CO2"
"SSP370_N2O",1992,"Ca",374.444451506676,"ppmv CO2"
"SSP370_N2O",1993,"Ca",376.324712046731,"ppmv CO2"
"SSP370_N2O",1994,"Ca",378.022822000699,"ppmv CO2"
"SSP370_N2O",1995,"Ca",379.689056722275,"ppmv CO2"
"SSP370_N2O",1996,"Ca",381.445488489325,"ppmv CO2"
"SSP370_N2O",1997,"Ca",383.290935197485,"ppmv CO2"
"SSP370_N2O",1998,"Ca",385.50616449908,"ppmv CO2"
"SSP370_N2O",1999,"Ca",387.720321993656,"ppmv CO2"
"SSP370_N2O",2000,"Ca",389.529572158523,"ppmv CO2"
"SSP370_N2O",2001,"Ca",391.262208148953,"ppmv CO2"
"SSP370_N2O",2002,"Ca",392.906303782467,"ppmv CO2"
"SSP370_N2O",2003,"Ca",394.539204997618,"ppmv CO2"
"SSP370_N2O",2004,"Ca",396.24019891506,"ppmv CO2"
"SSP370_N2O",2005,"Ca",398.075931087561,"ppmv CO2"
"SSP370_N2O",2006,"Ca",400.101198750333,"ppmv CO2"
"SSP370_N2O",2007,"Ca",402.243521853701,"ppmv CO2"
"SSP370_N2O",2008,"Ca",404.44598132028,"ppmv CO2"
"SSP370_N2O",2009,"Ca",406.505422495001,"ppmv CO2"
"SSP370_N2O",2010,"Ca",408.438607453054,"ppmv CO2"
"SSP370_N2O",2011,"Ca",410.525611455569,"ppmv CO2"
"SSP370_N2O",2012,"Ca",412.821842303928,"ppmv CO2"
"SSP370_N2O",2013,"Ca",415.225487390004,"ppmv CO2"
"SSP370_N2O",2014,"Ca",417.683244379482,"ppmv CO2"
"SSP370_N2O",2015,"Ca",420.271847018678,"ppmv CO2"
"SSP370_N2O",2016,"Ca",422.858490180882,"ppmv CO2"
"SSP370_N2O",2017,"Ca",425.446868595103,"ppmv CO2"
"SSP370_N2O",2018,"Ca",428.167525035932,"ppmv CO2"
"SSP370_N2O",2019,"Ca",431.012455129224,"ppmv CO2"
"SSP370_N2O",2020,"Ca",433.978901650301,"ppmv CO2"
"SSP370_N2O",2021,"Ca",437.064790594966,"ppmv CO2"
"SSP370_N2O",2022,"Ca",440.2407886038,"ppmv CO2"
"SSP370_N2O",2023,"Ca",443.478804013149,"ppmv CO2"
"SSP370_N2O",2024,"Ca",446.778989064598,"ppmv CO2"
"SSP370_N2O",2025,"Ca",450.141257265076,"ppmv CO2"
"SSP370_N2O",2026,"Ca",453.565457392733,"ppmv CO2"
"SSP370_N2O",2027,"Ca",457.051434421247,"ppmv CO2"
"SSP370_N2O",2028,"Ca",460.59905618335,"ppmv CO2"
"SSP370_N2O",2029,"Ca",464.208227879463,"ppmv CO2"
"SSP370_N2O",2030,"Ca",467.878890782165,"ppmv CO2"
"SSP370_N2O",2031,"Ca",471.611022792292,"ppmv CO2"
"SSP370_N2O",2032,"Ca",475.389688071552,"ppmv CO2"
"SSP370_N2O",2033,"Ca",479.201119904688,"ppmv CO2"
"SSP370_N2O",2034,"Ca",483.046548916559,"ppmv CO2"
"SSP370_N2O",2035,"Ca",486.926953109217,"ppmv CO2"
"SSP370_N2O",2036,"Ca",490.84314857605,"ppmv CO2"
"SSP370_N2O",2037,"Ca",494.795669273297,"ppmv CO2"
"SSP370_N2O",2038,"Ca",498.785102470821,"ppmv CO2"
"SSP370_N2O",2039,"Ca",502.812353568638,"ppmv CO2"
"SSP370_N2O",2040,"Ca",506.878206097434,"ppmv CO2"
"SSP370_N2O",2041,"Ca",510.983023488792,"ppmv CO2"
"SSP370_N2O",2042,"Ca",515.11970009014,"ppmv CO2"
"SSP370_N2O",2043,"Ca",519.281393704048,"ppmv CO2"
"SSP370_N2O",2044,"Ca",523.468768425384,"ppmv CO2"
"SSP370_N2O",2045,"Ca",527.682434001696,"ppmv CO2"
"SSP370_N2O",2046,"Ca",531.922974457992,"ppmv CO2"
"SSP370_N2O",2047,"Ca",536.1909773207,"ppmv CO2"
"SSP370_N2O",2048,"Ca",540.487029341664,"ppmv CO2"
"SSP370_N2O",2049,"Ca",544.811694834552,"ppmv CO2"
"SSP370_N2O",2050,"Ca",549.165514771068,"ppmv CO2"
"SSP370_N2O",2051,"Ca",553.549023253118,"ppmv CO2"
"SSP370_N2O",2052,"Ca",557.961400414807,"ppmv CO2"
"SSP370_N2O",2053,"Ca",562.401958074027,"ppmv CO2"
"SSP370_N2O",2054,"Ca",566.871228821941,"ppmv CO2"
"SSP370_N2O",2055,"Ca",571.36967651481,"ppmv CO2"
"SSP370_N2O",2056,"Ca",575.897736290202,"ppmv CO2"
"SSP370_N2O",2057,"Ca",580.455828778963,"ppmv CO2"
"SSP370_N2O",2058,"Ca",585.044369555655,"ppmv CO2"
"SSP370_N2O",2059,"Ca",589.66384002998,"ppmv CO2"
"SSP370_N2O",2060,"Ca",594.314952886417,"ppmv CO2"
"SSP370_N2O",2061,"Ca",598.998480139356,"ppmv CO2"
"SSP370_N2O",2062,"Ca",603.711526237661,"ppmv CO2"
"SSP370_N2O",2063,"Ca",608.451300577271,"ppmv CO2"
"SSP370_N2O",2064,"Ca",613.218296365332,"ppmv CO2"
"SSP370_N2O",2065,"Ca",618.012973084614,"ppmv CO2"
"SSP370_N2O",2066,"Ca",622.835843626861,"ppmv CO2"
"SSP370_N2O",2067,"Ca",627.687408051212,"ppmv CO2"
"SSP370_N2O",2068,"Ca",632.568109519468,"ppmv CO2"
"SSP370_N2O",2069,"Ca",637.478369352348,"ppmv CO2"
"SSP370_N2O",2070,"Ca",642.418605265836,"ppmv CO2"
"SSP370_N2O",2071,"Ca",647.389238249323,"ppmv CO2"
"SSP370_N2O",2072,"Ca",652.389320477195,"ppmv CO2"
"SSP370_N2O",2073,"Ca",657.417993927801,"ppmv CO2"
"SSP370_N2O",2074,"Ca",662.475772627375,"ppmv CO2"
"SSP370_N2O",2075,"Ca",667.563142970256,"ppmv CO2"
"SSP370_N2O",2076,"Ca",672.680585522395,"ppmv CO2"
"SSP370_N2O",2077,"Ca",677.82857848307,"ppmv CO2"
"SSP370_N2O",2078,"Ca",683.007580338939,"ppmv CO2"
"SSP370_N2O",2079,"Ca",688.21804082067,"ppmv CO2"
"SSP370_N2O",2080,"Ca",693.46042376001,"ppmv CO2"
"SSP370_N2O",2081,"Ca",698.735178877171,"ppmv CO2"
"SSP370_N2O",2082,"Ca",704.048720289552,"ppmv CO2"
"SSP370_N2O",2083,"Ca",709.407216135217,"ppmv CO2"
"SSP370_N2O",2084,"Ca",714.810863485604,"ppmv CO2"
"SSP370_N2O",2085,"Ca",720.259908926337,"ppmv CO2"
"SSP370_N2O",2086,"Ca",725.75468319478,"ppmv CO2"
"SSP370_N2O",2087,"Ca",731.296032061394,"ppmv CO2"
"SSP370_N2O",2088,"Ca",736.885098419101,"ppmv CO2"
"SSP370_N2O",2089,"Ca",742.522454359714,"ppmv CO2"
"SSP370_N2O",2090,"Ca",748.208261296452,"ppmv CO2"
"SSP370_N2O",2091,"Ca",753.942635373148,"ppmv CO2"
"SSP370_N2O",2092,"Ca",759.73133637003,"ppmv CO2"
"SSP370_N2O",2093,"Ca",765.580043738944,"ppmv CO2"
"SSP370_N2O",2094,"Ca",771.48879653058,"ppmv CO2"
"SSP370_N2O",2095,"Ca",777.457625818968,"ppmv CO2"
"SSP370_N2O",2096,"Ca",783.486487422442,"ppmv CO2"
"SSP370_N2O",2097,"Ca",789.575289812233,"ppmv CO2"
"SSP370_N2O",2098,"Ca",795.723937415,"ppmv CO2"
"SSP370_N2O",2099,"Ca",801.932400686838,"ppmv CO2"
"SSP370_N2O",2100,"Ca",808.200783485612,"ppmv CO2"
"SSP370_N2O",2101,"Ca",814.529251238335,"ppmv CO2"
"SSP370_N2O",2102,"Ca",820.846378135011,"ppmv CO2"
"SSP370_N2O",2103,"Ca",827.083915195242,"ppmv CO2"
"SSP370_N2O",2104,"Ca",833.243538780787,"ppmv CO2"
"SSP370_N2O",2105,"Ca",839.326641298092,"ppmv CO2"
"SSP370_N2O",2106,"Ca",845.334710801903,"ppmv CO2"
"SSP370_N2O",2107,"Ca",851.269380511627,"ppmv CO2"
"SSP370_N2O",2108,"Ca",857.131941917755,"ppmv CO2"
"SSP370_N2O",2109,"Ca",862.923364106127,"ppmv CO2"
"SSP370_N2O",2110,"Ca",868.644539511794,"ppmv CO2"
"SSP370_N2O",2111,"Ca",874.2963925741,"ppmv CO2"
"SSP370_N2O",2112,"Ca",879.87981855879,"ppmv CO2"
"SSP370_N2O",2113,"Ca",885.395652902632,"ppmv CO2"
"SSP370_N2O",2114,"Ca",890.844696453028,"ppmv CO2"
"SSP370_N2O",2115,"Ca",896.227726623401,"ppmv CO2"
"SSP370_N2O",2116,"Ca",901.545654186937,"ppmv CO2"
"SSP370_N2O",2117,"Ca",906.799411334495,"ppmv CO2"
"SSP370_N2O",2118,"Ca",911.989709951639,"ppmv CO2"
"SSP370_N2O",2119,"Ca",917.117155680912,"ppmv CO2"
"SSP370_N2O",2120,"Ca",922.182347842498,"ppmv CO2"
"SSP370_N2O",2121,"Ca",927.18588176112,"ppmv CO2"
"SSP370_N2O",2122,"Ca",932.128334604448,"ppmv CO2"
"SSP370_N2O",2123,"Ca",937.010245678096,"ppmv CO2"
"SSP370_N2O",2124,"Ca",941.83220728323,"ppmv CO2"
"SSP370_N2O",2125,"Ca",946.59476620552,"ppmv CO2"
"SSP370_N2O",2126,"Ca",951.298394071189,"ppmv CO2"
"SSP370_N2O",2127,"Ca",955.943559929729,"ppmv CO2"
"SSP370_N2O",2128,"Ca",960.530726966167,"ppmv CO2"
"SSP370_N2O",2129,"Ca",965.060340161225,"ppmv CO2"
"SSP370_N2O",2130,"Ca",969.532822224996,"ppmv CO2"
"SSP370_N2O",2131,"Ca",973.948588255221,"ppmv CO2"
"SSP370_N2O",2132,"Ca",978.30806448346,"ppmv CO2"
"SSP370_N2O",2133,"Ca",982.61169491849,"ppmv CO2"
"SSP370_N2O",2134,"Ca",986.859857957103,"ppmv CO2"
"SSP370_N2O",2135,"Ca",991.052863864296,"ppmv CO2"
"SSP370_N2O",2136,"Ca",995.19100820809,"ppmv CO2"
"SSP370_N2O",2137,"Ca",999.274585144443,"ppmv CO2"
"SSP370_N2O",2138,"Ca",1003.30387096559,"ppmv CO2"
"SSP370_N2O",2139,"Ca",1007.27914091627,"ppmv CO2"
"SSP370_N2O",2140,"Ca",1011.20066353571,"ppmv CO2"
"SSP370_N2O",2141,"Ca",1015.06870832366,"ppmv CO2"
"SSP370_N2O",2142,"Ca",1018.88352063877,"ppmv CO2"
"SSP370_N2O",2143,"Ca",1022.64534300477,"ppmv CO2"
"SSP370_N2O",2144,"Ca",1026.35440823934,"ppmv CO2"
"SSP370_N2O",2145,"Ca",1030.01093352637,"ppmv CO2"
"SSP370_N2O",2146,"Ca",1033.61514054645,"ppmv CO2"
"SSP370_N2O",2147,"Ca",1037.167237047,"ppmv CO2"
"SSP370_N2O",2148,"Ca",1040.66739048027,"ppmv CO2"
"SSP370_N2O",2149,"Ca",1044.11571869192,"ppmv CO2"
"SSP370_N2O",2150,"Ca",1047.5123281424,"ppmv CO2"
"SSP370_N2O",2151,"Ca",1050.85735972071,"ppmv CO2"
"SSP370_N2O",2152,"Ca",1054.15759732169,"ppmv CO2"
"SSP370_N2O",2153,"Ca",1057.41945948746,"ppmv CO2"
"SSP370_N2O",2154,"Ca",1060.64286725423,"ppmv CO2"
"SSP370_N2O",2155,"Ca",1063.82769215848,"ppmv CO2"
"SSP370_N2O",2156,"Ca",1066.97381601063,"ppmv CO2"
"SSP370_N2O",2157,"Ca",1070.08111630154,"ppmv CO2"
"SSP370_N2O",2158,"Ca",1073.14945293946,"ppmv CO2"
"SSP370_N2O",2159,"Ca",1076.17868352663,"ppmv CO2"
"SSP370_N2O",2160,"Ca",1079.16866718562,"ppmv CO2"
"SSP370_N2O",2161,"Ca",1082.11925730657,"ppmv CO2"
"SSP370_N2O",2162,"Ca",1085.03028890671,"ppmv CO2"
"SSP370_N2O",2163,"Ca",1087.90160369317,"ppmv CO2"
"SSP370_N2O",2164,"Ca",1090.73309435468,"ppmv CO2"
"SSP370_N2O",2165,"Ca",1093.52475421822,"ppmv CO2"
"SSP370_N2O",2166,"Ca",1096.27658430712,"ppmv CO2"
"SSP370_N2O",2167,"Ca",1098.98886304583,"ppmv CO2"
"SSP370_N2O",2168,"Ca",1101.6620067142,"ppmv CO2"
"SSP370_N2O",2169,"Ca",1104.29606662647,"ppmv CO2"
"SSP370_N2O",2170,"Ca",1106.890749136,"ppmv CO2"
"SSP370_N2O",2171,"Ca",1109.44568034191,"ppmv CO2"
"SSP370_N2O",2172,"Ca",1111.96068072807,"ppmv CO2"
"SSP370_N2O",2173,"Ca",1114.4356371021,"ppmv CO2"
"SSP370_N2O",2174,"Ca",1116.87026717706,"ppmv CO2"
"SSP370_N2O",2175,"Ca",1119.26417122952,"ppmv CO2"
"SSP370_N2O",2176,"Ca",1121.61697840545,"ppmv CO2"
"SSP370_N2O",2177,"Ca",1123.92840367295,"ppmv CO2"
"SSP370_N2O",2178,"Ca",1126.19827122781,"ppmv CO2"
"SSP370_N2O",2179,"Ca",1128.42644993091,"ppmv CO2"
"SSP370_N2O",2180,"Ca",1130.61271731248,"ppmv CO2"
"SSP370_N2O",2181,"Ca",1132.75673574682,"ppmv CO2"
"SSP370_N2O",2182,"Ca",1134.85819924996,"ppmv CO2"
"SSP370_N2O",2183,"Ca",1136.91684317232,"ppmv CO2"
"SSP370_N2O",2184,"Ca",1138.9323817772,"ppmv CO2"
"SSP370_N2O",2185,"Ca",1140.90457528368,"ppmv CO2"
"SSP370_N2O",2186,"Ca",1142.8336430177,"ppmv CO2"
"SSP370_N2O",2187,"Ca",1144.71989668751,"ppmv CO2"
"SSP370_N2O",2188,"Ca",1146.56312539715,"ppmv CO2"
"SSP370_N2O",2189,"Ca",1148.36287400431,"ppmv CO2"
"SSP370_N2O",2190,"Ca",1150.11870628807,"ppmv CO2"
"SSP370_N2O",2191,"Ca",1151.83024390744,"ppmv CO2"
"SSP370_N2O",2192,"Ca",1153.49712380455,"ppmv CO2"
"SSP370_N2O",2193,"Ca",1155.11900769918,"ppmv CO2"
"SSP370_N2O",2194,"Ca",1156.69559494361,"ppmv CO2"
"SSP370_N2O",2195,"Ca",1158.22726681376,"ppmv CO2"
"SSP370_N2O",2196,"Ca",1159.71467599554,"ppmv CO2"
"SSP370_N2O",2197,"Ca",1161.15774065464,"ppmv CO2"
"SSP370_N2O",2198,"Ca",1162.55591966578,"ppmv CO2"
"SSP370_N2O",2199,"Ca",1163.90860408906,"ppmv CO2"
"SSP370_N2O",2200,"Ca",1165.26809827107,"ppmv CO2"
"SSP370_N2O",2201,"Ca",1166.45141050425,"ppmv CO2"
"SSP370_N2O",2202,"Ca",1167.70221260774,"ppmv CO2"
"SSP370_N2O",2203,"Ca",1168.86290674388,"ppmv CO2"
"SSP370_N2O",2204,"Ca",1169.98145873543,"ppmv CO2"
"SSP370_N2O",2205,"Ca",1171.05244672492,"ppmv CO2"
"SSP370_N2O",2206,"Ca",1172.07523220296,"ppmv CO2"
"SSP370_N2O",2207,"Ca",1173.04986112599,"ppmv CO2"
"SSP370_N2O",2208,"Ca",1173.97611896873,"ppmv CO2"
"SSP370_N2O",2209,"Ca",1174.85387263976,"ppmv CO2"
"SSP370_N2O",2210,"Ca",1175.68308102522,"ppmv CO2"
"SSP370_N2O",2211,"Ca",1176.46369554569,"ppmv CO2"
"SSP370_N2O",2212,"Ca",1177.1956283468,"ppmv CO2"
"SSP370_N2O",2213,"Ca",1177.87876251623,"ppmv CO2"
"SSP370_N2O",2214,"Ca",1178.51296948715,"ppmv CO2"
"SSP370_N2O",2215,"Ca",1179.09812113273,"ppmv CO2"
"SSP370_N2O",2216,"Ca",1179.63410157448,"ppmv CO2"
"SSP370_N2O",2217,"Ca",1180.12078252018,"ppmv CO2"
"SSP370_N2O",2218,"Ca",1180.55804889735,"ppmv CO2"
"SSP370_N2O",2219,"Ca",1180.94571472473,"ppmv CO2"
"SSP370_N2O",2220,"Ca",1181.28360153719,"ppmv CO2"
"SSP370_N2O",2221,"Ca",1181.57154599856,"ppmv CO2"
"SSP370_N2O",2222,"Ca",1181.80939358672,"ppmv CO2"
"SSP370_N2O",2223,"Ca",1182.04997490212,"ppmv CO2"
"SSP370_N2O",2224,"Ca",1182.1095250803,"ppmv CO2"
"SSP370_N2O",2225,"Ca",1182.23281418358,"ppmv CO2"
"SSP370_N2O",2226,"Ca",1182.26370108397,"ppmv CO2"
"SSP370_N2O",2227,"Ca",1182.24859062584,"ppmv CO2"
"SSP370_N2O",2228,"Ca",1182.18295942923,"ppmv CO2"
"SSP370_N2O",2229,"Ca",1182.06612139814,"ppmv CO2"
"SSP370_N2O",2230,"Ca",1181.89820049229,"ppmv CO2"
"SSP370_N2O",2231,"Ca",1181.67906568436,"ppmv CO2"
"SSP370_N2O",2232,"Ca",1181.4086127313,"ppmv CO2"
"SSP370_N2O",2233,"Ca",1181.08674402504,"ppmv CO2"
"SSP370_N2O",2234,"Ca",1180.71336369407,"ppmv CO2"
"SSP370_N2O",2235,"Ca",1180.28837925587,"ppmv CO2"
"SSP370_N2O",2236,"Ca",1179.81170160528,"ppmv CO2"
"SSP370_N2O",2237,"Ca",1179.28324515614,"ppmv CO2"
"SSP370_N2O",2238,"Ca",1178.70292795625,"ppmv CO2"
"SSP370_N2O",2239,"Ca",1178.07067174495,"ppmv CO2"
"SSP370_N2O",2240,"Ca",1177.38640198228,"ppmv CO2"
"SSP370_N2O",2241,"Ca",1176.65004786167,"ppmv CO2"
"SSP370_N2O",2242,"Ca",1175.86154231125,"ppmv CO2"
"SSP370_N2O",2243,"Ca",1175.02082198506,"ppmv CO2"
"SSP370_N2O",2244,"Ca",1174.12782724805,"ppmv CO2"
"SSP370_N2O",2245,"Ca",1173.23336483272,"ppmv CO2"
"SSP370_N2O",2246,"Ca",1172.16147153699,"ppmv CO2"
"SSP370_N2O",2247,"Ca",1171.14474514609,"ppmv CO2"
"SSP370_N2O",2248,"Ca",1170.03726278632,"ppmv CO2"
"SSP370_N2O",2249,"Ca",1168.88187598453,"ppmv CO2"
"SSP370_N2O",2250,"Ca",1167.67423284403,"ppmv CO2"
"SSP370_N2O",2251,"Ca",1166.41384695445,"ppmv CO2"
"SSP370_N2O",2252,"Ca",1165.13436547791,"ppmv CO2"
"SSP370_N2O",2253,"Ca",1163.86783268376,"ppmv CO2"
"SSP370_N2O",2254,"Ca",1162.61404807282,"ppmv CO2"
"SSP370_N2O",2255,"Ca",1161.37252645763,"ppmv CO2"
"SSP370_N2O",2256,"Ca",1160.14285146456,"ppmv CO2"
"SSP370_N2O",2257,"Ca",1158.92462372719,"ppmv CO2"
"SSP370_N2O",2258,"Ca",1157.7174544746,"ppmv CO2"
"SSP370_N2O",2259,"Ca",1156.52096686769,"ppmv CO2"
"SSP370_N2O",2260,"Ca",1155.3347952706,"ppmv CO2"
"SSP370_N2O",2261,"Ca",1154.15858476546,"ppmv CO2"
"SSP370_N2O",2262,"Ca",1152.99199067957,"ppmv CO2"
"SSP370_N2O",2263,"Ca",1151.83467811763,"ppmv CO2"
"SSP370_N2O",2264,"Ca",1150.6863215272,"ppmv CO2"
"SSP370_N2O",2265,"Ca",1149.54660411861,"ppmv CO2"
"SSP370_N2O",2266,"Ca",1148.41521754495,"ppmv CO2"
"SSP370_N2O",2267,"Ca",1147.29186165417,"ppmv CO2"
"SSP370_N2O",2268,"Ca",1146.17624425137,"ppmv CO2"
"SSP370_N2O",2269,"Ca",1145.06808087401,"ppmv CO2"
"SSP370_N2O",2270,"Ca",1143.96709458162,"ppmv CO2"
"SSP370_N2O",2271,"Ca",1142.87301575928,"ppmv CO2"
"SSP370_N2O",2272,"Ca",1141.78558193386,"ppmv CO2"
"SSP370_N2O",2273,"Ca",1140.70453760158,"ppmv CO2"
"SSP370_N2O",2274,"Ca",1139.62963406493,"ppmv CO2"
"SSP370_N2O",2275,"Ca",1138.56062936767,"ppmv CO2"
"SSP370_N2O",2276,"Ca",1137.49728811262,"ppmv CO2"
"SSP370_N2O",2277,"Ca",1136.43938129067,"ppmv CO2"
"SSP370_N2O",2278,"Ca",1135.38668612748,"ppmv CO2"
"SSP370_N2O",2279,"Ca",1134.33898593991,"ppmv CO2"
"SSP370_N2O",2280,"Ca",1133.2960699994,"ppmv CO2"
"SSP370_N2O",2281,"Ca",1132.2577334003,"ppmv CO2"
"SSP370_N2O",2282,"Ca",1131.22377693213,"ppmv CO2"
"SSP370_N2O",2283,"Ca",1130.19400695508,"ppmv CO2"
"SSP370_N2O",2284,"Ca",1129.16823527789,"ppmv CO2"
"SSP370_N2O",2285,"Ca",1128.14627855932,"ppmv CO2"
"SSP370_N2O",2286,"Ca",1127.12795831093,"ppmv CO2"
"SSP370_N2O",2287,"Ca",1126.11310089624,"ppmv CO2"
"SSP370_N2O",2288,"Ca",1125.10153747881,"ppmv CO2"
"SSP370_N2O",2289,"Ca",1124.09310394857,"ppmv CO2"
"SSP370_N2O",2290,"Ca",1123.08764083535,"ppmv CO2"
"SSP370_N2O",2291,"Ca",1122.08499321295,"ppmv CO2"
"SSP370_N2O",2292,"Ca",1121.08501059544,"ppmv CO2"
"SSP370_N2O",2293,"Ca",1120.08754683193,"ppmv CO2"
"SSP370_N2O",2294,"Ca",1119.09246000298,"ppmv CO2"
"SSP370_N2O",2295,"Ca",1118.09961148741,"ppmv CO2"
"SSP370_N2O",2296,"Ca",1117.10886598597,"ppmv CO2"
"SSP370_N2O",2297,"Ca",1116.12009158934,"ppmv CO2"
"SSP370_N2O",2298,"Ca",1115.13315977918,"ppmv CO2"
"SSP370_N2O",2299,"Ca",1114.14794539972,"ppmv CO2"
"SSP370_N2O",2300,"Ca",1113.16432661365,"ppmv CO2"
"SSP370_N2O",1850,"Ftot",0.342759026289703,"W/m2"
"SSP370_N2O",1851,"Ftot",0.350098111398179,"W/m2"
"SSP370_N2O",1852,"Ftot",0.370119862020411,"W/m2"
"SSP370_N2O",1853,"Ftot",0.387205169816727,"W/m2"
"SSP370_N2O",1854,"Ftot",0.394292107486678,"W/m2"
"SSP370_N2O",1855,"Ftot",0.27088782859962,"W/m2"
"SSP370_N2O",1856,"Ftot",-0.186213405186818,"W/m2"
"SSP370_N2O",1857,"Ftot",-0.434669038624125,"W/m2"
"SSP370_N2O",1858,"Ftot",-0.119823041836269,"W/m2"
"SSP370_N2O",1859,"Ftot",0.205005061125198,"W/m2"
"SSP370_N2O",1860,"Ftot",0.325534106751617,"W/m2"
"SSP370_N2O",1861,"Ftot",0.319635570906573,"W/m2"
"SSP370_N2O",1862,"Ftot",0.237183749482628,"W/m2"
"SSP370_N2O",1863,"Ftot",0.253154614899428,"W/m2"
"SSP370_N2O",1864,"Ftot",0.340387616611361,"W/m2"
"SSP370_N2O",1865,"Ftot",0.386107532841228,"W/m2"
"SSP370_N2O",1866,"Ftot",0.411249364167669,"W/m2"
"SSP370_N2O",1867,"Ftot",0.421179434143404,"W/m2"
"SSP370_N2O",1868,"Ftot",0.4246314396114,"W/m2"
"SSP370_N2O",1869,"Ftot",0.418723097232148,"W/m2"
"SSP370_N2O",1870,"Ftot",0.416255661163285,"W/m2"
"SSP370_N2O",1871,"Ftot",0.420948374844812,"W/m2"
"SSP370_N2O",1872,"Ftot",0.409326508256772,"W/m2"
"SSP370_N2O",1873,"Ftot",0.395241309817448,"W/m2"
"SSP370_N2O",1874,"Ftot",0.409232960189019,"W/m2"
"SSP370_N2O",1875,"Ftot",0.4074508823765,"W/m2"
"SSP370_N2O",1876,"Ftot",0.367728725498206,"W/m2"
"SSP370_N2O",1877,"Ftot",0.36932873411027,"W/m2"
"SSP370_N2O",1878,"Ftot",0.406870113707705,"W/m2"
"SSP370_N2O",1879,"Ftot",0.42740518638919,"W/m2"
"SSP370_N2O",1880,"Ftot",0.438741774048239,"W/m2"
"SSP370_N2O",1881,"Ftot",0.452416055315728,"W/m2"
"SSP370_N2O",1882,"Ftot",0.342180312383244,"W/m2"
"SSP370_N2O",1883,"Ftot",-0.56804474188635,"W/m2"
"SSP370_N2O",1884,"Ftot",-1.29724235813446,"W/m2"
"SSP370_N2O",1885,"Ftot",-0.702892650522859,"W/m2"
"SSP370_N2O",1886,"Ftot",-0.203705325844111,"W/m2"
"SSP370_N2O",1887,"Ftot",-0.0788163097058818,"W/m2"
"SSP370_N2O",1888,"Ftot",0.0242379108435307,"W/m2"
"SSP370_N2O",1889,"Ftot",-0.0365810972905962,"W/m2"
"SSP370_N2O",1890,"Ftot",-0.0954724863704808,"W/m2"
"SSP370_N2O",1891,"Ftot",-0.0233092780329875,"W/m2"
"SSP370_N2O",1892,"Ftot",0.15386033237404,"W/m2"
"SSP370_N2O",1893,"Ftot",0.305842575091718,"W/m2"
"SSP370_N2O",1894,"Ftot",0.413899452068002,"W/m2"
"SSP370_N2O",1895,"Ftot",0.407807047617517,"W/m2"
"SSP370_N2O",1896,"Ftot",0.262976711518751,"W/m2"
"SSP370_N2O",1897,"Ftot",0.183939453284003,"W/m2"
"SSP370_N2O",1898,"Ftot",0.286096546381122,"W/m2"
"SSP370_N2O",1899,"Ftot",0.388246223257274,"W/m2"
"SSP370_N2O",1900,"Ftot",0.437370304038184,"W/m2"
"SSP370_N2O",1901,"Ftot",0.430476505700385,"W/m2"
"SSP370_N2O",1902,"Ftot",-0.0161488570369028,"W/m2"
"SSP370_N2O",1903,"Ftot",-0.416897987177693,"W/m2"
"SSP370_N2O",1904,"Ftot",-0.119699736024835,"W/m2"
"SSP370_N2O",1905,"Ftot",0.233927163686233,"W/m2"
"SSP370_N2O",1906,"Ftot",0.329824679827328,"W/m2"
"SSP370_N2O",1907,"Ftot",0.29092628344462,"W/m2"
"SSP370_N2O",1908,"Ftot",0.323175673682412,"W/m2"
"SSP370_N2O",1909,"Ftot",0.388469703239732,"W/m2"
"SSP370_N2O",1910,"Ftot",0.420321960556772,"W/m2"
"SSP370_N2O",1911,"Ftot",0.437760682088197,"W/m2"
"SSP370_N2O",1912,"Ftot",0.192159838851125,"W/m2"
"SSP370_N2O",1913,"Ftot",0.0766181623841571,"W/m2"
"SSP370_N2O",1914,"Ftot",0.316059284934933,"W/m2"
"SSP370_N2O",1915,"Ftot",0.430348330526722,"W/m2"
"SSP370_N2O",1916,"Ftot",0.441717949135907,"W/m2"
"SSP370_N2O",1917,"Ftot",0.447793143964085,"W/m2"
"SSP370_N2O",1918,"Ftot",0.463215934548267,"W/m2"
"SSP370_N2O",1919,"Ftot",0.505542871008609,"W/m2"
"SSP370_N2O",1920,"Ftot",0.404275744266661,"W/m2"
"SSP370_N2O",1921,"Ftot",0.442046689386546,"W/m2"
"SSP370_N2O",1922,"Ftot",0.52255915976048,"W/m2"
"SSP370_N2O",1923,"Ftot",0.510831921773167,"W/m2"
"SSP370_N2O",1924,"Ftot",0.507329485596213,"W/m2"
"SSP370_N2O",1925,"Ftot",0.51459171801052,"W/m2"
"SSP370_N2O",1926,"Ftot",0.527148201417729,"W/m2"
"SSP370_N2O",1927,"Ftot",0.518284413256955,"W/m2"
"SSP370_N2O",1928,"Ftot",0.477504686125302,"W/m2"
"SSP370_N2O",1929,"Ftot",0.41610693689888,"W/m2"
"SSP370_N2O",1930,"Ftot",0.47383055816771,"W/m2"
"SSP370_N2O",1931,"Ftot",0.547239437283919,"W/m2"
"SSP370_N2O",1932,"Ftot",0.56239710530075,"W/m2"
"SSP370_N2O",1933,"Ftot",0.563402649289561,"W/m2"
"SSP370_N2O",1934,"Ftot",0.584426661251928,"W/m2"
"SSP370_N2O",1935,"Ftot",0.577959761905581,"W/m2"
"SSP370_N2O",1936,"Ftot",0.578027272615211,"W/m2"
"SSP370_N2O",1937,"Ftot",0.562141517222283,"W/m2"
"SSP370_N2O",1938,"Ftot",0.581713353035952,"W/m2"
"SSP370_N2O",1939,"Ftot",0.569931912627852,"W/m2"
"SSP370_N2O",1940,"Ftot",0.569452105826811,"W/m2"
"SSP370_N2O",1941,"Ftot",0.576282494519458,"W/m2"
"SSP370_N2O",1942,"Ftot",0.553699157912077,"W/m2"
"SSP370_N2O",1943,"Ftot",0.556714470706686,"W/m2"
"SSP370_N2O",1944,"Ftot",0.59976278213411,"W/m2"
"SSP370_N2O",1945,"Ftot",0.668198402735908,"W/m2"
"SSP370_N2O",1946,"Ftot",0.694365984681144,"W/m2"
"SSP370_N2O",1947,"Ftot",0.655526050087008,"W/m2"
"SSP370_N2O",1948,"Ftot",0.654586375256033,"W/m2"
"SSP370_N2O",1949,"Ftot",0.668662266120375,"W/m2"
"SSP370_N2O",1950,"Ftot",0.644226581513713,"W/m2"
"SSP370_N2O",1951,"Ftot",0.6546719746064,"W/m2"
"SSP370_N2O",1952,"Ftot",0.662288929154624,"W/m2"
"SSP370_N2O",1953,"Ftot",0.670942273690159,"W/m2"
"SSP370_N2O",1954,"Ftot",0.702771573898207,"W/m2"
"SSP370_N2O",1955,"Ftot",0.716486792289239,"W/m2"
"SSP370_N2O",1956,"Ftot",0.727522413912722,"W/m2"
"SSP370_N2O",1957,"Ftot",0.748594356283327,"W/m2"
"SSP370_N2O",1958,"Ftot",0.790113335855632,"W/m2"
"SSP370_N2O",1959,"Ftot",0.799557468432975,"W/m2"
"SSP370_N2O",1960,"Ftot",0.742147326598062,"W/m2"
"SSP370_N2O",1961,"Ftot",0.592245881321991,"W/m2"
"SSP370_N2O",1962,"Ftot",0.546284573806163,"W/m2"
"SSP370_N2O",1963,"Ftot",0.0746486109083491,"W/m2"
"SSP370_N2O",1964,"Ftot",-0.261939208446628,"W/m2"
"SSP370_N2O",1965,"Ftot",0.0788408040651447,"W/m2"
"SSP370_N2O",1966,"Ftot",0.486661171669124,"W/m2"
"SSP370_N2O",1967,"Ftot",0.661498240586653,"W/m2"
"SSP370_N2O",1968,"Ftot",0.485543113434835,"W/m2"
"SSP370_N2O",1969,"Ftot",0.442929861706831,"W/m2"
"SSP370_N2O",1970,"Ftot",0.697260512629851,"W/m2"
"SSP370_N2O",1971,"Ftot",0.91811623586687,"W/m2"
"SSP370_N2O",1972,"Ftot",0.982354349148324,"W/m2"
"SSP370_N2O",1973,"Ftot",0.964010010532254,"W/m2"
"SSP370_N2O",1974,"Ftot",0.875452213594351,"W/m2"
"SSP370_N2O",1975,"Ftot",0.838678873365108,"W/m2"
"SSP370_N2O",1976,"Ftot",0.97821914905685,"W/m2"
"SSP370_N2O",1977,"Ftot",1.17781282325946,"W/m2"
"SSP370_N2O",1978,"Ftot",1.20939064335645,"W/m2"
"SSP370_N2O",1979,"Ftot",1.23323088842139,"W/m2"
"SSP370_N2O",1980,"Ftot",1.32860793354185,"W/m2"
"SSP370_N2O",1981,"Ftot",1.32535317643933,"W/m2"
"SSP370_N2O",1982,"Ftot",0.700643476427408,"W/m2"
"SSP370_N2O",1983,"Ftot",0.482129601465371,"W/m2"
"SSP370_N2O",1984,"Ftot",1.07850185040709,"W/m2"
"SSP370_N2O",1985,"Ftot",1.41874158154729,"W/m2"
"SSP370_N2O",1986,"Ftot",1.52983200861402,"W/m2"
"SSP370_N2O",1987,"Ftot",1.59614506426546,"W/m2"
"SSP370_N2O",1988,"Ftot",1.69535088477522,"W/m2"
"SSP370_N2O",1989,"Ftot",1.76595120480514,"W/m2"
"SSP370_N2O",1990,"Ftot",1.80968508439499,"W/m2"
"SSP370_N2O",1991,"Ftot",0.889363622983309,"W/m2"
"SSP370_N2O",1992,"Ftot",0.376776815165877,"W/m2"
"SSP370_N2O",1993,"Ftot",1.16159365193067,"W/m2"
"SSP370_N2O",1994,"Ftot",1.73878229838906,"W/m2"
"SSP370_N2O",1995,"Ftot",2.00427737036517,"W/m2"
"SSP370_N2O",1996,"Ftot",2.11337946962453,"W/m2"
"SSP370_N2O",1997,"Ftot",2.12864300813258,"W/m2"
"SSP370_N2O",1998,"Ftot",2.22718920625007,"W/m2"
"SSP370_N2O",1999,"Ftot",2.3553485777129,"W/m2"
"SSP370_N2O",2000,"Ftot",2.40400500552819,"W/m2"
"SSP370_N2O",2001,"Ftot",2.43985617810097,"W/m2"
"SSP370_N2O",2002,"Ftot",2.44042515678109,"W/m2"
"SSP370_N2O",2003,"Ftot",2.45097409143855,"W/m2"
"SSP370_N2O",2004,"Ftot",2.50274306480776,"W/m2"
"SSP370_N2O",2005,"Ftot",2.47949382771368,"W/m2"
"SSP370_N2O",2006,"Ftot",2.38772016497496,"W/m2"
"SSP370_N2O",2007,"Ftot",2.40582698256266,"W/m2"
"SSP370_N2O",2008,"Ftot",2.46418360584133,"W/m2"
"SSP370_N2O",2009,"Ftot",2.5256998171999,"W/m2"
"SSP370_N2O",2010,"Ftot",2.57821287987825,"W/m2"
"SSP370_N2O",2011,"Ftot",2.62131261300979,"W/m2"
"SSP370_N2O",2012,"Ftot",2.64915562830746,"W/m2"
"SSP370_N2O",2013,"Ftot",2.71008787791873,"W/m2"
"SSP370_N2O",2014,"Ftot",2.73632180244292,"W/m2"
"SSP370_N2O",2015,"Ftot",2.88504057953014,"W/m2"
"SSP370_N2O",2016,"Ftot",2.93808424330626,"W/m2"
"SSP370_N2O",2017,"Ftot",2.9911533765349,"W/m2"
"SSP370_N2O",2018,"Ftot",3.04587154230256,"W/m2"
"SSP370_N2O",2019,"Ftot",3.10209876725884,"W/m2"
"SSP370_N2O",2020,"Ftot",3.15976111501657,"W/m2"
"SSP370_N2O",2021,"Ftot",3.20839083630008,"W/m2"
"SSP370_N2O",2022,"Ftot",3.25781869063049,"W/m2"
"SSP370_N2O",2023,"Ftot",3.30769715889011,"W/m2"
"SSP370_N2O",2024,"Ftot",3.35802113811026,"W/m2"
"SSP370_N2O",2025,"Ftot",3.40878036596994,"W/m2"
"SSP370_N2O",2026,"Ftot",3.45996309178959,"W/m2"
"SSP370_N2O",2027,"Ftot",3.51155745714236,"W/m2"
"SSP370_N2O",2028,"Ftot",3.56355205505182,"W/m2"
"SSP370_N2O",2029,"Ftot",3.6159361632367,"W/m2"
"SSP370_N2O",2030,"Ftot",3.66869971682614,"W/m2"
"SSP370_N2O",2031,"Ftot",3.72138723707376,"W/m2"
"SSP370_N2O",2032,"Ftot",3.77409182472352,"W/m2"
"SSP370_N2O",2033,"Ftot",3.82666128396487,"W/m2"
"SSP370_N2O",2034,"Ftot",3.87911464380456,"W/m2"
"SSP370_N2O",2035,"Ftot",3.93146745248534,"W/m2"
"SSP370_N2O",2036,"Ftot",3.98373271162892,"W/m2"
"SSP370_N2O",2037,"Ftot",4.03591960202816,"W/m2"
"SSP370_N2O",2038,"Ftot",4.08803721194819,"W/m2"
"SSP370_N2O",2039,"Ftot",4.14009736132324,"W/m2"
"SSP370_N2O",2040,"Ftot",4.19210986022076,"W/m2"
"SSP370_N2O",2041,"Ftot",4.24202948140712,"W/m2"
"SSP370_N2O",2042,"Ftot",4.29203080606225,"W/m2"
"SSP370_N2O",2043,"Ftot",4.34203320775724,"W/m2"
"SSP370_N2O",2044,"Ftot",4.39203617903395,"W/m2"
"SSP370_N2O",2045,"Ftot",4.44203919408531,"W/m2"
"SSP370_N2O",2046,"Ftot",4.49204184104969,"W/m2"
"SSP370_N2O",2047,"Ftot",4.54204402915953,"W/m2"
"SSP370_N2O",2048,"Ftot",4.59204588930316,"W/m2"
"SSP370_N2O",2049,"Ftot",4.64204752490094,"W/m2"
"SSP370_N2O",2050,"Ftot",4.69204898477085,"W/m2"
"SSP370_N2O",2051,"Ftot",4.74285715509127,"W/m2"
"SSP370_N2O",2052,"Ftot",4.79368014182644,"W/m2"
"SSP370_N2O",2053,"Ftot",4.84450341251755,"W/m2"
"SSP370_N2O",2054,"Ftot",4.8953251119769,"W/m2"
"SSP370_N2O",2055,"Ftot",4.9461432730564,"W/m2"
"SSP370_N2O",2056,"Ftot",4.99695607901376,"W/m2"
"SSP370_N2O",2057,"Ftot",5.04776192532374,"W/m2"
"SSP370_N2O",2058,"Ftot",5.09855945858,"W/m2"
"SSP370_N2O",2059,"Ftot",5.14934818259617,"W/m2"
"SSP370_N2O",2060,"Ftot",5.20012989315352,"W/m2"
"SSP370_N2O",2061,"Ftot",5.25117482716172,"W/m2"
"SSP370_N2O",2062,"Ftot",5.30221628541142,"W/m2"
"SSP370_N2O",2063,"Ftot",5.35322337349005,"W/m2"
"SSP370_N2O",2064,"Ftot",5.40419532277489,"W/m2"
"SSP370_N2O",2065,"Ftot",5.45513146689083,"W/m2"
"SSP370_N2O",2066,"Ftot",5.50603190727422,"W/m2"
"SSP370_N2O",2067,"Ftot",5.55689687283665,"W/m2"
"SSP370_N2O",2068,"Ftot",5.60772631195839,"W/m2"
"SSP370_N2O",2069,"Ftot",5.65852017522664,"W/m2"
"SSP370_N2O",2070,"Ftot",5.70927854960274,"W/m2"
"SSP370_N2O",2071,"Ftot",5.75986980540949,"W/m2"
"SSP370_N2O",2072,"Ftot",5.81044927948287,"W/m2"
"SSP370_N2O",2073,"Ftot",5.86100432019052,"W/m2"
"SSP370_N2O",2074,"Ftot",5.91153416181621,"W/m2"
"SSP370_N2O",2075,"Ftot",5.96203815638744,"W/m2"
"SSP370_N2O",2076,"Ftot",6.01251588515889,"W/m2"
"SSP370_N2O",2077,"Ftot",6.062967141468,"W/m2"
"SSP370_N2O",2078,"Ftot",6.11339176180719,"W/m2"
"SSP370_N2O",2079,"Ftot",6.16378969004297,"W/m2"
"SSP370_N2O",2080,"Ftot",6.21416113374847,"W/m2"
"SSP370_N2O",2081,"Ftot",6.26520985602104,"W/m2"
"SSP370_N2O",2082,"Ftot",6.31619638420201,"W/m2"
"SSP370_N2O",2083,"Ftot",6.36717082313187,"W/m2"
"SSP370_N2O",2084,"Ftot",6.4181365056103,"W/m2"
"SSP370_N2O",2085,"Ftot",6.46909659540247,"W/m2"
"SSP370_N2O",2086,"Ftot",6.52005442790426,"W/m2"
"SSP370_N2O",2087,"Ftot",6.57101670431873,"W/m2"
"SSP370_N2O",2088,"Ftot",6.62199181485378,"W/m2"
"SSP370_N2O",2089,"Ftot",6.67298354348864,"W/m2"
"SSP370_N2O",2090,"Ftot",6.7239924042646,"W/m2"
"SSP370_N2O",2091,"Ftot",6.77624669123974,"W/m2"
"SSP370_N2O",2092,"Ftot",6.82858350748174,"W/m2"
"SSP370_N2O",2093,"Ftot",6.88103819558732,"W/m2"
"SSP370_N2O",2094,"Ftot",6.9336062778945,"W/m2"
"SSP370_N2O",2095,"Ftot",6.98628346786331,"W/m2"
"SSP370_N2O",2096,"Ftot",7.03906509479574,"W/m2"
"SSP370_N2O",2097,"Ftot",7.09194626113668,"W/m2"
"SSP370_N2O",2098,"Ftot",7.14492212430657,"W/m2"
"SSP370_N2O",2099,"Ftot",7.19798835699502,"W/m2"
"SSP370_N2O",2100,"Ftot",7.25114157381648,"W/m2"
"SSP370_N2O",2101,"Ftot",7.30130913616486,"W/m2"
"SSP370_N2O",2102,"Ftot",7.35019284598812,"W/m2"
"SSP370_N2O",2103,"Ftot",7.39743580256903,"W/m2"
"SSP370_N2O",2104,"Ftot",7.44313288050241,"W/m2"
"SSP370_N2O",2105,"Ftot",7.48736865036303,"W/m2"
"SSP370_N2O",2106,"Ftot",7.5302213888798,"W/m2"
"SSP370_N2O",2107,"Ftot",7.57176436893931,"W/m2"
"SSP370_N2O",2108,"Ftot",7.61206350711374,"W/m2"
"SSP370_N2O",2109,"Ftot",7.65117811418251,"W/m2"
"SSP370_N2O",2110,"Ftot",7.68916293062745,"W/m2"
"SSP370_N2O",2111,"Ftot",7.72606919191074,"W/m2"
"SSP370_N2O",2112,"Ftot",7.7619445847492,"W/m2"
"SSP370_N2O",2113,"Ftot",7.79683336269762,"W/m2"
"SSP370_N2O",2114,"Ftot",7.83077677129364,"W/m2"
"SSP370_N2O",2115,"Ftot",7.86381335525201,"W/m2"
"SSP370_N2O",2116,"Ftot",7.89598010331394,"W/m2"
"SSP370_N2O",2117,"Ftot",7.92731195420203,"W/m2"
"SSP370_N2O",2118,"Ftot",7.95784054717055,"W/m2"
"SSP370_N2O",2119,"Ftot",7.98759507966257,"W/m2"
"SSP370_N2O",2120,"Ftot",8.01660304412528,"W/m2"
"SSP370_N2O",2121,"Ftot",8.04489036906585,"W/m2"
"SSP370_N2O",2122,"Ftot",8.07248145363463,"W/m2"
"SSP370_N2O",2123,"Ftot",8.09939916301209,"W/m2"
"SSP370_N2O",2124,"Ftot",8.12566544599457,"W/m2"
"SSP370_N2O",2125,"Ftot",8.15130085820569,"W/m2"
"SSP370_N2O",2126,"Ftot",8.17632448229504,"W/m2"
"SSP370_N2O",2127,"Ftot",8.20075441805138,"W/m2"
"SSP370_N2O",2128,"Ftot",8.22460783161701,"W/m2"
"SSP370_N2O",2129,"Ftot",8.24790094960233,"W/m2"
"SSP370_N2O",2130,"Ftot",8.27064909578688,"W/m2"
"SSP370_N2O",2131,"Ftot",8.2928668266819,"W/m2"
"SSP370_N2O",2132,"Ftot",8.31456808301369,"W/m2"
"SSP370_N2O",2133,"Ftot",8.33576626892412,"W/m2"
"SSP370_N2O",2134,"Ftot",8.35647383882032,"W/m2"
"SSP370_N2O",2135,"Ftot",8.3767023293162,"W/m2"
"SSP370_N2O",2136,"Ftot",8.39646268900747,"W/m2"
"SSP370_N2O",2137,"Ftot",8.41576538318052,"W/m2"
"SSP370_N2O",2138,"Ftot",8.43462033579003,"W/m2"
"SSP370_N2O",2139,"Ftot",8.4530370480494,"W/m2"
"SSP370_N2O",2140,"Ftot",8.47102459394117,"W/m2"
"SSP370_N2O",2141,"Ftot",8.4885916848063,"W/m2"
"SSP370_N2O",2142,"Ftot",8.50574655929648,"W/m2"
"SSP370_N2O",2143,"Ftot",8.52249711742695,"W/m2"
"SSP370_N2O",2144,"Ftot",8.53885090381211,"W/m2"
"SSP370_N2O",2145,"Ftot",8.55481509523487,"W/m2"
"SSP370_N2O",2146,"Ftot",8.57039662247865,"W/m2"
"SSP370_N2O",2147,"Ftot",8.58560208991566,"W/m2"
"SSP370_N2O",2148,"Ftot",8.60043765523864,"W/m2"
"SSP370_N2O",2149,"Ftot",8.6149089982229,"W/m2"
"SSP370_N2O",2150,"Ftot",8.62902153209049,"W/m2"
"SSP370_N2O",2151,"Ftot",8.64278064873483,"W/m2"
"SSP370_N2O",2152,"Ftot",8.65622526582767,"W/m2"
"SSP370_N2O",2153,"Ftot",8.66939185896444,"W/m2"
"SSP370_N2O",2154,"Ftot",8.68228358709336,"W/m2"
"SSP370_N2O",2155,"Ftot",8.69490323562194,"W/m2"
"SSP370_N2O",2156,"Ftot",8.70725352648709,"W/m2"
"SSP370_N2O",2157,"Ftot",8.71933705053613,"W/m2"
"SSP370_N2O",2158,"Ftot",8.73115620740982,"W/m2"
"SSP370_N2O",2159,"Ftot",8.74271328801205,"W/m2"
"SSP370_N2O",2160,"Ftot",8.7540104985203,"W/m2"
"SSP370_N2O",2161,"Ftot",8.76504992896387,"W/m2"
"SSP370_N2O",2162,"Ftot",8.775833495522,"W/m2"
"SSP370_N2O",2163,"Ftot",8.78636306889086,"W/m2"
"SSP370_N2O",2164,"Ftot",8.79664069472988,"W/m2"
"SSP370_N2O",2165,"Ftot",8.80666883680057,"W/m2"
"SSP370_N2O",2166,"Ftot",8.81644992049983,"W/m2"
"SSP370_N2O",2167,"Ftot",8.82598764865727,"W/m2"
"SSP370_N2O",2168,"Ftot",8.83528631059827,"W/m2"
"SSP370_N2O",2169,"Ftot",8.84434834170093,"W/m2"
"SSP370_N2O",2170,"Ftot",8.85317444449183,"W/m2"
"SSP370_N2O",2171,"Ftot",8.8617648870039,"W/m2"
"SSP370_N2O",2172,"Ftot",8.87012083026829,"W/m2"
"SSP370_N2O",2173,"Ftot",8.87824370461473,"W/m2"
"SSP370_N2O",2174,"Ftot",8.88613408025491,"W/m2"
"SSP370_N2O",2175,"Ftot",8.89379192464824,"W/m2"
"SSP370_N2O",2176,"Ftot",8.90121730755619,"W/m2"
"SSP370_N2O",2177,"Ftot",8.90841067167553,"W/m2"
"SSP370_N2O",2178,"Ftot",8.91537294063117,"W/m2"
"SSP370_N2O",2179,"Ftot",8.92210520877737,"W/m2"
"SSP370_N2O",2180,"Ftot",8.92860809680031,"W/m2"
"SSP370_N2O",2181,"Ftot",8.93488164447188,"W/m2"
"SSP370_N2O",2182,"Ftot",8.94092600865499,"W/m2"
"SSP370_N2O",2183,"Ftot",8.94674150817853,"W/m2"
"SSP370_N2O",2184,"Ftot",8.95232832952414,"W/m2"
"SSP370_N2O",2185,"Ftot",8.95768684271674,"W/m2"
"SSP370_N2O",2186,"Ftot",8.96281953416509,"W/m2"
"SSP370_N2O",2187,"Ftot",8.96772927562324,"W/m2"
"SSP370_N2O",2188,"Ftot",8.97241645259735,"W/m2"
"SSP370_N2O",2189,"Ftot",8.9768802818749,"W/m2"
"SSP370_N2O",2190,"Ftot",8.98112004489957,"W/m2"
"SSP370_N2O",2191,"Ftot",8.98513526805278,"W/m2"
"SSP370_N2O",2192,"Ftot",8.98892552314278,"W/m2"
"SSP370_N2O",2193,"Ftot",8.9924904709382,"W/m2"
"SSP370_N2O",2194,"Ftot",8.99582991991356,"W/m2"
"SSP370_N2O",2195,"Ftot",8.99894680124734,"W/m2"
"SSP370_N2O",2196,"Ftot",9.00184525498214,"W/m2"
"SSP370_N2O",2197,"Ftot",9.0045259888769,"W/m2"
"SSP370_N2O",2198,"Ftot",9.0069875672435,"W/m2"
"SSP370_N2O",2199,"Ftot",9.0092282231482,"W/m2"
"SSP370_N2O",2200,"Ftot",9.01148911303887,"W/m2"
"SSP370_N2O",2201,"Ftot",9.01293116784431,"W/m2"
"SSP370_N2O",2202,"Ftot",9.01467365279506,"W/m2"
"SSP370_N2O",2203,"Ftot",9.01599454840146,"W/m2"
"SSP370_N2O",2204,"Ftot",9.01711468544732,"W/m2"
"SSP370_N2O",2205,"Ftot",9.01801010562868,"W/m2"
"SSP370_N2O",2206,"Ftot",9.01867874615114,"W/m2"
"SSP370_N2O",2207,"Ftot",9.01912164496968,"W/m2"
"SSP370_N2O",2208,"Ftot",9.01933862139169,"W/m2"
"SSP370_N2O",2209,"Ftot",9.01932983801864,"W/m2"
"SSP370_N2O",2210,"Ftot",9.01909584740194,"W/m2"
"SSP370_N2O",2211,"Ftot",9.01863713854873,"W/m2"
"SSP370_N2O",2212,"Ftot",9.01795399277322,"W/m2"
"SSP370_N2O",2213,"Ftot",9.01704653084341,"W/m2"
"SSP370_N2O",2214,"Ftot",9.01591479250898,"W/m2"
"SSP370_N2O",2215,"Ftot",9.01455879159637,"W/m2"
"SSP370_N2O",2216,"Ftot",9.01297856960689,"W/m2"
"SSP370_N2O",2217,"Ftot",9.01117408383179,"W/m2"
"SSP370_N2O",2218,"Ftot",9.00914532366298,"W/m2"
"SSP370_N2O",2219,"Ftot",9.00689192937284,"W/m2"
"SSP370_N2O",2220,"Ftot",9.00441354777147,"W/m2"
"SSP370_N2O",2221,"Ftot",9.00170986651965,"W/m2"
"SSP370_N2O",2222,"Ftot",8.99878058526879,"W/m2"
"SSP370_N2O",2223,"Ftot",8.99586519359242,"W/m2"
"SSP370_N2O",2224,"Ftot",8.99213229877043,"W/m2"
"SSP370_N2O",2225,"Ftot",8.98869004103237,"W/m2"
"SSP370_N2O",2226,"Ftot",8.98483204006161,"W/m2"
"SSP370_N2O",2227,"Ftot",8.98076856402818,"W/m2"
"SSP370_N2O",2228,"Ftot",8.97647937183389,"W/m2"
"SSP370_N2O",2229,"Ftot",8.97196155870548,"W/m2"
"SSP370_N2O",2230,"Ftot",8.96721585674028,"W/m2"
"SSP370_N2O",2231,"Ftot",8.96224181508095,"W/m2"
"SSP370_N2O",2232,"Ftot",8.95703907498515,"W/m2"
"SSP370_N2O",2233,"Ftot",8.95160727843401,"W/m2"
"SSP370_N2O",2234,"Ftot",8.94594604584557,"W/m2"
"SSP370_N2O",2235,"Ftot",8.9400549834115,"W/m2"
"SSP370_N2O",2236,"Ftot",8.93393368289752,"W/m2"
"SSP370_N2O",2237,"Ftot",8.92758172213407,"W/m2"
"SSP370_N2O",2238,"Ftot",8.920998665384,"W/m2"
"SSP370_N2O",2239,"Ftot",8.91418406344713,"W/m2"
"SSP370_N2O",2240,"Ftot",8.90713745363279,"W/m2"
"SSP370_N2O",2241,"Ftot",8.89985835966436,"W/m2"
"SSP370_N2O",2242,"Ftot",8.89234629149004,"W/m2"
"SSP370_N2O",2243,"Ftot",8.88460074510239,"W/m2"
"SSP370_N2O",2244,"Ftot",8.87662120228662,"W/m2"
"SSP370_N2O",2245,"Ftot",8.86863907160704,"W/m2"
"SSP370_N2O",2246,"Ftot",8.85985153213478,"W/m2"
"SSP370_N2O",2247,"Ftot",8.85131928602582,"W/m2"
"SSP370_N2O",2248,"Ftot",8.84237607015478,"W/m2"
"SSP370_N2O",2249,"Ftot",8.83321711688413,"W/m2"
"SSP370_N2O",2250,"Ftot",8.82382211321212,"W/m2"
"SSP370_N2O",2251,"Ftot",8.81250588414008,"W/m2"
"SSP370_N2O",2252,"Ftot",8.80149344448873,"W/m2"
"SSP370_N2O",2253,"Ftot",8.79089623791132,"W/m2"
"SSP370_N2O",2254,"Ftot",8.78068349995728,"W/m2"
"SSP370_N2O",2255,"Ftot",8.7708267251767,"W/m2"
"SSP370_N2O",2256,"Ftot",8.7613003204959,"W/m2"
"SSP370_N2O",2257,"Ftot",8.75208085448509,"W/m2"
"SSP370_N2O",2258,"Ftot",8.74314672863668,"W/m2"
"SSP370_N2O",2259,"Ftot",8.73447798638527,"W/m2"
"SSP370_N2O",2260,"Ftot",8.72605616314078,"W/m2"
"SSP370_N2O",2261,"Ftot",8.71786416409528,"W/m2"
"SSP370_N2O",2262,"Ftot",8.70988615763159,"W/m2"
"SSP370_N2O",2263,"Ftot",8.70210747907214,"W/m2"
"SSP370_N2O",2264,"Ftot",8.6945145423717,"W/m2"
"SSP370_N2O",2265,"Ftot",8.68709475763334,"W/m2"
"SSP370_N2O",2266,"Ftot",8.67983645560575,"W/m2"
"SSP370_N2O",2267,"Ftot",8.67272881781955,"W/m2"
"SSP370_N2O",2268,"Ftot",8.66576181171757,"W/m2"
"SSP370_N2O",2269,"Ftot",8.65892613048428,"W/m2"
"SSP370_N2O",2270,"Ftot",8.6522131372989,"W/m2"
"SSP370_N2O",2271,"Ftot",8.64561481374195,"W/m2"
"SSP370_N2O",2272,"Ftot",8.63912371209133,"W/m2"
"SSP370_N2O",2273,"Ftot",8.6327329112529,"W/m2"
"SSP370_N2O",2274,"Ftot",8.62643597607729,"W/m2"
"SSP370_N2O",2275,"Ftot",8.62022692025051,"W/m2"
"SSP370_N2O",2276,"Ftot",8.6141001715302,"W/m2"
"SSP370_N2O",2277,"Ftot",8.60805053972076,"W/m2"
"SSP370_N2O",2278,"Ftot",8.60207318722236,"W/m2"
"SSP370_N2O",2279,"Ftot",8.59616360193086,"W/m2"
"SSP370_N2O",2280,"Ftot",8.59031757230317,"W/m2"
"SSP370_N2O",2281,"Ftot",8.58453116441523,"W/m2"
"SSP370_N2O",2282,"Ftot",8.57880070085638,"W/m2"
"SSP370_N2O",2283,"Ftot",8.5731227413145,"W/m2"
"SSP370_N2O",2284,"Ftot",8.56749406471699,"W/m2"
"SSP370_N2O",2285,"Ftot",8.56191165053355,"W/m2"
"SSP370_N2O",2286,"Ftot",8.55637266422887,"W/m2"
"SSP370_N2O",2287,"Ftot",8.55087444390392,"W/m2"
"SSP370_N2O",2288,"Ftot",8.54541448780295,"W/m2"
"SSP370_N2O",2289,"Ftot",8.53999044273341,"W/m2"
"SSP370_N2O",2290,"Ftot",8.53460009335929,"W/m2"
"SSP370_N2O",2291,"Ftot",8.52924135230485,"W/m2"
"SSP370_N2O",2292,"Ftot",8.52391225100803,"W/m2"
"SSP370_N2O",2293,"Ftot",8.51861093128645,"W/m2"
"SSP370_N2O",2294,"Ftot",8.51333563757247,"W/m2"
"SSP370_N2O",2295,"Ftot",8.50808470578428,"W/m2"
"SSP370_N2O",2296,"Ftot",8.5028565573141,"W/m2"
"SSP370_N2O",2297,"Ftot",8.49764969374083,"W/m2"
"SSP370_N2O",2298,"Ftot",8.4924626916922,"W/m2"
"SSP370_N2O",2299,"Ftot",8.48729419799565,"W/m2"
"SSP370_N2O",2300,"Ftot",8.48214292514677,"W/m2"
"SSP370_N2O",1850,"Tgav",0.11714020702554,"degC"
"SSP370_N2O",1851,"Tgav",0.122124591991989,"degC"
"SSP370_N2O",1852,"Tgav",0.128571608166981,"degC"
"SSP370_N2O",1853,"Tgav",0.135822647639025,"degC"
"SSP370_N2O",1854,"Tgav",0.142684329246122,"degC"
"SSP370_N2O",1855,"Tgav",0.137851332844833,"degC"
"SSP370_N2O",1856,"Tgav",0.0943666666554113,"degC"
"SSP370_N2O",1857,"Tgav",0.0377118072679191,"degC"
"SSP370_N2O",1858,"Tgav",0.02237900608797,"degC"
"SSP370_N2O",1859,"Tgav",0.0423519732660814,"degC"
"SSP370_N2O",1860,"Tgav",0.0689569846447355,"degC"
"SSP370_N2O",1861,"Tgav",0.087541782287272,"degC"
"SSP370_N2O",1862,"Tgav",0.0933487345894605,"degC"
"SSP370_N2O",1863,"Tgav",0.0983746276212696,"degC"
"SSP370_N2O",1864,"Tgav",0.110313073392515,"degC"
"SSP370_N2O",1865,"Tgav",0.124250005402407,"degC"
"SSP370_N2O",1866,"Tgav",0.137358996486239,"degC"
"SSP370_N2O",1867,"Tgav",0.148512745642835,"degC"
"SSP370_N2O",1868,"Tgav",0.157691887239198,"degC"
"SSP370_N2O",1869,"Tgav",0.164665220945669,"degC"
"SSP370_N2O",1870,"Tgav",0.170282744087937,"degC"
"SSP370_N2O",1871,"Tgav",0.175573356390908,"degC"
"SSP370_N2O",1872,"Tgav",0.179243893534166,"degC"
"SSP370_N2O",1873,"Tgav",0.181311346464658,"degC"
"SSP370_N2O",1874,"Tgav",0.184600173644304,"degC"
"SSP370_N2O",1875,"Tgav",0.187633750257234,"degC"
"SSP370_N2O",1876,"Tgav",0.186948249780991,"degC"
"SSP370_N2O",1877,"Tgav",0.18675495272082,"degC"
"SSP370_N2O",1878,"Tgav",0.190445548830516,"degC"
"SSP370_N2O",1879,"Tgav",0.19570843987078,"degC"
"SSP370_N2O",1880,"Tgav",0.20105931922921,"degC"
"SSP370_N2O",1881,"Tgav",0.206631970142871,"degC"
"SSP370_N2O",1882,"Tgav",0.201718544316888,"degC"
"SSP370_N2O",1883,"Tgav",0.118752424310098,"degC"
"SSP370_N2O",1884,"Tgav",-0.0129312040525703,"degC"
"SSP370_N2O",1885,"Tgav",-0.0630875812986548,"degC"
"SSP370_N2O",1886,"Tgav",-0.0510714836184401,"degC"
"SSP370_N2O",1887,"Tgav",-0.0305454922791917,"degC"
"SSP370_N2O",1888,"Tgav",-0.00929031401531195,"degC"
"SSP370_N2O",1889,"Tgav",-0.000421327201755684,"degC"
"SSP370_N2O",1890,"Tgav",-0.00106123718697597,"degC"
"SSP370_N2O",1891,"Tgav",0.00353749049250792,"degC"
"SSP370_N2O",1892,"Tgav",0.0225353435522128,"degC"
"SSP370_N2O",1893,"Tgav",0.0507149532977525,"degC"
"SSP370_N2O",1894,"Tgav",0.081534063854569,"degC"
"SSP370_N2O",1895,"Tgav",0.104354494714902,"degC"
"SSP370_N2O",1896,"Tgav",0.108730970707631,"degC"
"SSP370_N2O",1897,"Tgav",0.104542548266725,"degC"
"SSP370_N2O",1898,"Tgav",0.110740614156632,"degC"
"SSP370_N2O",1899,"Tgav",0.125978146795023,"degC"
"SSP370_N2O",1900,"Tgav",0.142726593501734,"degC"
"SSP370_N2O",1901,"Tgav",0.155203351559551,"degC"
"SSP370_N2O",1902,"Tgav",0.126188721769284,"degC"
"SSP370_N2O",1903,"Tgav",0.0669092682069369,"degC"
"SSP370_N2O",1904,"Tgav",0.0469595540147849,"degC"
"SSP370_N2O",1905,"Tgav",0.0665053849013008,"degC"
"SSP370_N2O",1906,"Tgav",0.091223688393483,"degC"
"SSP370_N2O",1907,"Tgav",0.105395394222376,"degC"
"SSP370_N2O",1908,"Tgav",0.117671435531606,"degC"
"SSP370_N2O",1909,"Tgav",0.132813674127005,"degC"
"SSP370_N2O",1910,"Tgav",0.147589362337198,"degC"
"SSP370_N2O",1911,"Tgav",0.160599339695503,"degC"
"SSP370_N2O",1912,"Tgav",0.149591399975894,"degC"
"SSP370_N2O",1913,"Tgav",0.129943767917993,"degC"
"SSP370_N2O",1914,"Tgav",0.136325578546449,"degC"
"SSP370_N2O",1915,"Tgav",0.153734460891851,"degC"
"SSP370_N2O",1916,"Tgav",0.168242196976542,"degC"
"SSP370_N2O",1917,"Tgav",0.179467693932731,"degC"
"SSP370_N2O",1918,"Tgav",0.1894919085741,"degC"
"SSP370_N2O",1919,"Tgav",0.201241323139732,"degC"
"SSP370_N2O",1920,"Tgav",0.202130562263361,"degC"
"SSP370_N2O",1921,"Tgav",0.205766032901413,"degC"
"SSP370_N2O",1922,"Tgav",0.216653793199167,"degC"
"SSP370_N2O",1923,"Tgav",0.224960557809713,"degC"
"SSP370_N2O",1924,"Tgav",0.231107080289305,"degC"
"SSP370_N2O",1925,"Tgav",0.236885549355951,"degC"
"SSP370_N2O",1926,"Tgav",0.242978427909548,"degC"
"SSP370_N2O",1927,"Tgav",0.247464845704717,"degC"
"SSP370_N2O",1928,"Tgav",0.247786759862206,"degC"
"SSP370_N2O",1929,"Tgav",0.242999988552329,"degC"
"SSP370_N2O",1930,"Tgav",0.244608660370308,"degC"
"SSP370_N2O",1931,"Tgav",0.253304209959151,"degC"
"SSP370_N2O",1932,"Tgav",0.261977502953581,"degC"
"SSP370_N2O",1933,"Tgav",0.268821047500803,"degC"
"SSP370_N2O",1934,"Tgav",0.276112653115062,"degC"
"SSP370_N2O",1935,"Tgav",0.281646504579319,"degC"
"SSP370_N2O",1936,"Tgav",0.286207567899421,"degC"
"SSP370_N2O",1937,"Tgav",0.288799560705514,"degC"
"SSP370_N2O",1938,"Tgav",0.292858970364679,"degC"
"SSP370_N2O",1939,"Tgav",0.295609016052349,"degC"
"SSP370_N2O",1940,"Tgav",0.297994430718301,"degC"
"SSP370_N2O",1941,"Tgav",0.300878735860811,"degC"
"SSP370_N2O",1942,"Tgav",0.301609338431612,"degC"
"SSP370_N2O",1943,"Tgav",0.302666336513157,"degC"
"SSP370_N2O",1944,"Tgav",0.30769087247283,"degC"
"SSP370_N2O",1945,"Tgav",0.318111955661879,"degC"
"SSP370_N2O",1946,"Tgav",0.328972752484812,"degC"
"SSP370_N2O",1947,"Tgav",0.334137897141224,"degC"
"SSP370_N2O",1948,"Tgav",0.337985586895313,"degC"
"SSP370_N2O",1949,"Tgav",0.342713167132939,"degC"
"SSP370_N2O",1950,"Tgav",0.344827195432693,"degC"
"SSP370_N2O",1951,"Tgav",0.347627647819339,"degC"
"SSP370_N2O",1952,"Tgav",0.351048666485208,"degC"
"SSP370_N2O",1953,"Tgav",0.354894657867092,"degC"
"SSP370_N2O",1954,"Tgav",0.361041422157275,"degC"
"SSP370_N2O",1955,"Tgav",0.367509715579614,"degC"
"SSP370_N2O",1956,"Tgav",0.373781916046655,"degC"
"SSP370_N2O",1957,"Tgav",0.38081436461706,"degC"
"SSP370_N2O",1958,"Tgav",0.390306664453017,"degC"
"SSP370_N2O",1959,"Tgav",0.399022696688795,"degC"
"SSP370_N2O",1960,"Tgav",0.401086123354408,"degC"
"SSP370_N2O",1961,"Tgav",0.389756555292747,"degC"
"SSP370_N2O",1962,"Tgav",0.376891236204645,"degC"
"SSP370_N2O",1963,"Tgav",0.327068737716739,"degC"
"SSP370_N2O",1964,"Tgav",0.257506832436133,"degC"
"SSP370_N2O",1965,"Tgav",0.233704103450774,"degC"
"SSP370_N2O",1966,"Tgav",0.254564213366453,"degC"
"SSP370_N2O",1967,"Tgav",0.286696611458364,"degC"
"SSP370_N2O",1968,"Tgav",0.294409596612496,"degC"
"SSP370_N2O",1969,"Tgav",0.293595640143591,"degC"
"SSP370_N2O",1970,"Tgav",0.314738336973717,"degC"
"SSP370_N2O",1971,"Tgav",0.35182392896324,"degC"
"SSP370_N2O",1972,"Tgav",0.386252081632022,"degC"
"SSP370_N2O",1973,"Tgav",0.410477532453223,"degC"
"SSP370_N2O",1974,"Tgav",0.421138790462671,"degC"
"SSP370_N2O",1975,"Tgav",0.426202486132393,"degC"
"SSP370_N2O",1976,"Tgav",0.443136916163962,"degC"
"SSP370_N2O",1977,"Tgav",0.47541319290107,"degC"
"SSP370_N2O",1978,"Tgav",0.504516520021214,"degC"
"SSP370_N2O",1979,"Tgav",0.529043313134517,"degC"
"SSP370_N2O",1980,"Tgav",0.556889665370549,"degC"
"SSP370_N2O",1981,"Tgav",0.5795293739467,"degC"
"SSP370_N2O",1982,"Tgav",0.543632011182236,"degC"
"SSP370_N2O",1983,"Tgav",0.494516172173302,"degC"
"SSP370_N2O",1984,"Tgav",0.510910819768454,"degC"
"SSP370_N2O",1985,"Tgav",0.559238014204943,"degC"
"SSP370_N2O",1986,"Tgav",0.606632325915374,"degC"
"SSP370_N2O",1987,"Tgav",0.647966574380365,"degC"
"SSP370_N2O",1988,"Tgav",0.688464127949688,"degC"
"SSP370_N2O",1989,"Tgav",0.726874087026284,"degC"
"SSP370_N2O",1990,"Tgav",0.761473113810311,"degC"
"SSP370_N2O",1991,"Tgav",0.70986366460367,"degC"
"SSP370_N2O",1992,"Tgav",0.621683527877757,"degC"
"SSP370_N2O",1993,"Tgav",0.624217097066584,"degC"
"SSP370_N2O",1994,"Tgav",0.685445827634919,"degC"
"SSP370_N2O",1995,"Tgav",0.757287796980018,"degC"
"SSP370_N2O",1996,"Tgav",0.820859268399942,"degC"
"SSP370_N2O",1997,"Tgav",0.870437882786596,"degC"
"SSP370_N2O",1998,"Tgav",0.917432294940021,"degC"
"SSP370_N2O",1999,"Tgav",0.966674218118192,"degC"
"SSP370_N2O",2000,"Tgav",1.01111536648202,"degC"
"SSP370_N2O",2001,"Tgav",1.05031602918777,"degC"
"SSP370_N2O",2002,"Tgav",1.08280244505693,"degC"
"SSP370_N2O",2003,"Tgav",1.11102583173426,"degC"
"SSP370_N2O",2004,"Tgav",1.13983917491282,"degC"
"SSP370_N2O",2005,"Tgav",1.16286952944692,"degC"
"SSP370_N2O",2006,"Tgav",1.17485181890079,"degC"
"SSP370_N2O",2007,"Tgav",1.18764179517173,"degC"
"SSP370_N2O",2008,"Tgav",1.20548550007239,"degC"
"SSP370_N2O",2009,"Tgav",1.22724725855964,"degC"
"SSP370_N2O",2010,"Tgav",1.25085596026664,"degC"
"SSP370_N2O",2011,"Tgav",1.2748399889174,"degC"
"SSP370_N2O",2012,"Tgav",1.29771502349794,"degC"
"SSP370_N2O",2013,"Tgav",1.32255190173927,"degC"
"SSP370_N2O",2014,"Tgav",1.34618179498788,"degC"
"SSP370_N2O",2015,"Tgav",1.37916874584737,"degC"
"SSP370_N2O",2016,"Tgav",1.41193961009445,"degC"
"SSP370_N2O",2017,"Tgav",1.44351030698114,"degC"
"SSP370_N2O",2018,"Tgav",1.47462257563562,"degC"
"SSP370_N2O",2019,"Tgav",1.50567846332362,"degC"
"SSP370_N2O",2020,"Tgav",1.53690434372943,"degC"
"SSP370_N2O",2021,"Tgav",1.56753587779095,"degC"
"SSP370_N2O",2022,"Tgav",1.59775874623316,"degC"
"SSP370_N2O",2023,"Tgav",1.62778200732657,"degC"
"SSP370_N2O",2024,"Tgav",1.65772828458008,"degC"
"SSP370_N2O",2025,"Tgav",1.68767729389676,"degC"
"SSP370_N2O",2026,"Tgav",1.71768313992476,"degC"
"SSP370_N2O",2027,"Tgav",1.74778372790742,"degC"
"SSP370_N2O",2028,"Tgav",1.77800625565909,"degC"
"SSP370_N2O",2029,"Tgav",1.80837059940195,"degC"
"SSP370_N2O",2030,"Tgav",1.83889148322197,"degC"
"SSP370_N2O",2031,"Tgav",1.86954130550753,"degC"
"SSP370_N2O",2032,"Tgav",1.90030475723046,"degC"
"SSP370_N2O",2033,"Tgav",1.93115989887634,"degC"
"SSP370_N2O",2034,"Tgav",1.96209104010103,"degC"
"SSP370_N2O",2035,"Tgav",1.99308827527742,"degC"
"SSP370_N2O",2036,"Tgav",2.02414511727029,"degC"
"SSP370_N2O",2037,"Tgav",2.05525704860895,"degC"
"SSP370_N2O",2038,"Tgav",2.08642092203363,"degC"
"SSP370_N2O",2039,"Tgav",2.11763486222314,"degC"
"SSP370_N2O",2040,"Tgav",2.14889782379879,"degC"
"SSP370_N2O",2041,"Tgav",2.18003149899686,"degC"
"SSP370_N2O",2042,"Tgav",2.21107405655115,"degC"
"SSP370_N2O",2043,"Tgav",2.24206897761618,"degC"
"SSP370_N2O",2044,"Tgav",2.27304122344547,"degC"
"SSP370_N2O",2045,"Tgav",2.30400686606601,"degC"
"SSP370_N2O",2046,"Tgav",2.33497678163824,"degC"
"SSP370_N2O",2047,"Tgav",2.36595862413901,"degC"
"SSP370_N2O",2048,"Tgav",2.39695794936206,"degC"
"SSP370_N2O",2049,"Tgav",2.42797887586565,"degC"
"SSP370_N2O",2050,"Tgav",2.45902450058296,"degC"
"SSP370_N2O",2051,"Tgav",2.49016702463338,"degC"
"SSP370_N2O",2052,"Tgav",2.5213983328209,"degC"
"SSP370_N2O",2053,"Tgav",2.55270284008755,"degC"
"SSP370_N2O",2054,"Tgav",2.58407103395516,"degC"
"SSP370_N2O",2055,"Tgav",2.61549664162255,"degC"
"SSP370_N2O",2056,"Tgav",2.64697519805681,"degC"
"SSP370_N2O",2057,"Tgav",2.67850332953827,"degC"
"SSP370_N2O",2058,"Tgav",2.71007836746707,"degC"
"SSP370_N2O",2059,"Tgav",2.74169817867944,"degC"
"SSP370_N2O",2060,"Tgav",2.77336119987964,"degC"
"SSP370_N2O",2061,"Tgav",2.80508953004015,"degC"
"SSP370_N2O",2062,"Tgav",2.83687859819543,"degC"
"SSP370_N2O",2063,"Tgav",2.86871937061291,"degC"
"SSP370_N2O",2064,"Tgav",2.90060543607327,"degC"
"SSP370_N2O",2065,"Tgav",2.93253219338857,"degC"
"SSP370_N2O",2066,"Tgav",2.96449617972446,"degC"
"SSP370_N2O",2067,"Tgav",2.99649468176692,"degC"
"SSP370_N2O",2068,"Tgav",3.0285254711677,"degC"
"SSP370_N2O",2069,"Tgav",3.06058666041456,"degC"
"SSP370_N2O",2070,"Tgav",3.09267662510487,"degC"
"SSP370_N2O",2071,"Tgav",3.12478253906818,"degC"
"SSP370_N2O",2072,"Tgav",3.1569070012588,"degC"
"SSP370_N2O",2073,"Tgav",3.18905221619658,"degC"
"SSP370_N2O",2074,"Tgav",3.22121901393821,"degC"
"SSP370_N2O",2075,"Tgav",3.25340765049251,"degC"
"SSP370_N2O",2076,"Tgav",3.28561807005061,"degC"
"SSP370_N2O",2077,"Tgav",3.31785004806228,"degC"
"SSP370_N2O",2078,"Tgav",3.35010326048478,"degC"
"SSP370_N2O",2079,"Tgav",3.38237732949798,"degC"
"SSP370_N2O",2080,"Tgav",3.41467186740556,"degC"
"SSP370_N2O",2081,"Tgav",3.44704739081511,"degC"
"SSP370_N2O",2082,"Tgav",3.47949061151638,"degC"
"SSP370_N2O",2083,"Tgav",3.5119881974315,"degC"
"SSP370_N2O",2084,"Tgav",3.54453296351471,"degC"
"SSP370_N2O",2085,"Tgav",3.57712042955714,"degC"
"SSP370_N2O",2086,"Tgav",3.60974773438073,"degC"
"SSP370_N2O",2087,"Tgav",3.64241334230925,"degC"
"SSP370_N2O",2088,"Tgav",3.6751168051028,"degC"
"SSP370_N2O",2089,"Tgav",3.70785806395334,"degC"
"SSP370_N2O",2090,"Tgav",3.74063702122816,"degC"
"SSP370_N2O",2091,"Tgav",3.77355983151012,"degC"
"SSP370_N2O",2092,"Tgav",3.80661487656223,"degC"
"SSP370_N2O",2093,"Tgav",3.83978417154986,"degC"
"SSP370_N2O",2094,"Tgav",3.87305763269652,"degC"
"SSP370_N2O",2095,"Tgav",3.90642867033419,"degC"
"SSP370_N2O",2096,"Tgav",3.93989256802794,"degC"
"SSP370_N2O",2097,"Tgav",3.97344566462786,"degC"
"SSP370_N2O",2098,"Tgav",4.00708493300735,"degC"
"SSP370_N2O",2099,"Tgav",4.04080778102963,"degC"
"SSP370_N2O",2100,"Tgav",4.07461197811726,"degC"
"SSP370_N2O",2101,"Tgav",4.10822984022161,"degC"
"SSP370_N2O",2102,"Tgav",4.14158409769227,"degC"
"SSP370_N2O",2103,"Tgav",4.17460717724614,"degC"
"SSP370_N2O",2104,"Tgav",4.20724803076973,"degC"
"SSP370_N2O",2105,"Tgav",4.23947299315356,"degC"
"SSP370_N2O",2106,"Tgav",4.27126008825165,"degC"
"SSP370_N2O",2107,"Tgav",4.30259560453619,"degC"
"SSP370_N2O",2108,"Tgav",4.33347160240128,"degC"
"SSP370_N2O",2109,"Tgav",4.36388419091012,"degC"
"SSP370_N2O",2110,"Tgav",4.39383245154975,"degC"
"SSP370_N2O",2111,"Tgav",4.42331773019556,"degC"
"SSP370_N2O",2112,"Tgav",4.45234307985394,"degC"
"SSP370_N2O",2113,"Tgav",4.48091281792352,"degC"
"SSP370_N2O",2114,"Tgav",4.50903220083575,"degC"
"SSP370_N2O",2115,"Tgav",4.53670718078638,"degC"
"SSP370_N2O",2116,"Tgav",4.56394429687564,"degC"
"SSP370_N2O",2117,"Tgav",4.59075053425901,"degC"
"SSP370_N2O",2118,"Tgav",4.6171330815878,"degC"
"SSP370_N2O",2119,"Tgav",4.64309919591096,"degC"
"SSP370_N2O",2120,"Tgav",4.66865615911042,"degC"
"SSP370_N2O",2121,"Tgav",4.6938112458969,"degC"
"SSP370_N2O",2122,"Tgav",4.71857168707515,"degC"
"SSP370_N2O",2123,"Tgav",4.74294462849457,"degC"
"SSP370_N2O",2124,"Tgav",4.76693714276532,"degC"
"SSP370_N2O",2125,"Tgav",4.79055619226731,"degC"
"SSP370_N2O",2126,"Tgav",4.8138085809418,"degC"
"SSP370_N2O",2127,"Tgav",4.83670095401718,"degC"
"SSP370_N2O",2128,"Tgav",4.85923980006857,"degC"
"SSP370_N2O",2129,"Tgav",4.88143144533192,"degC"
"SSP370_N2O",2130,"Tgav",4.90328204705208,"degC"
"SSP370_N2O",2131,"Tgav",4.92479759604533,"degC"
"SSP370_N2O",2132,"Tgav",4.94598392879309,"degC"
"SSP370_N2O",2133,"Tgav",4.96684674068114,"degC"
"SSP370_N2O",2134,"Tgav",4.98739155725145,"degC"
"SSP370_N2O",2135,"Tgav",5.00762370933492,"degC"
"SSP370_N2O",2136,"Tgav",5.02754834210139,"degC"
"SSP370_N2O",2137,"Tgav",5.04717043137431,"degC"
"SSP370_N2O",2138,"Tgav",5.06649478848277,"degC"
"SSP370_N2O",2139,"Tgav",5.08552607124648,"degC"
"SSP370_N2O",2140,"Tgav",5.10426879119643,"degC"
"SSP370_N2O",2141,"Tgav",5.12272732286854,"degC"
"SSP370_N2O",2142,"Tgav",5.14090590055895,"degC"
"SSP370_N2O",2143,"Tgav",5.1588086254929,"degC"
"SSP370_N2O",2144,"Tgav",5.17643947023693,"degC"
"SSP370_N2O",2145,"Tgav",5.19380227970077,"degC"
"SSP370_N2O",2146,"Tgav",5.21090078162739,"degC"
"SSP370_N2O",2147,"Tgav",5.22773858786295,"degC"
"SSP370_N2O",2148,"Tgav",5.2443191833828,"degC"
"SSP370_N2O",2149,"Tgav",5.26064591412964,"degC"
"SSP370_N2O",2150,"Tgav",5.27672199588404,"degC"
"SSP370_N2O",2151,"Tgav",5.29255054340498,"degC"
"SSP370_N2O",2152,"Tgav",5.30813749709732,"degC"
"SSP370_N2O",2153,"Tgav",5.32349096302812,"degC"
"SSP370_N2O",2154,"Tgav",5.33861767740624,"degC"
"SSP370_N2O",2155,"Tgav",5.3535230765305,"degC"
"SSP370_N2O",2156,"Tgav",5.3682117533969,"degC"
"SSP370_N2O",2157,"Tgav",5.38268770921774,"degC"
"SSP370_N2O",2158,"Tgav",5.39695449880691,"degC"
"SSP370_N2O",2159,"Tgav",5.41101533014423,"degC"
"SSP370_N2O",2160,"Tgav",5.42487313470743,"degC"
"SSP370_N2O",2161,"Tgav",5.43853061432438,"degC"
"SSP370_N2O",2162,"Tgav",5.45199026978772,"degC"
"SSP370_N2O",2163,"Tgav",5.46525443288274,"degC"
"SSP370_N2O",2164,"Tgav",5.47832531096912,"degC"
"SSP370_N2O",2165,"Tgav",5.49120504333796,"degC"
"SSP370_N2O",2166,"Tgav",5.50389570582526,"degC"
"SSP370_N2O",2167,"Tgav",5.51639942478654,"degC"
"SSP370_N2O",2168,"Tgav",5.52871841535589,"degC"
"SSP370_N2O",2169,"Tgav",5.54085479142176,"degC"
"SSP370_N2O",2170,"Tgav",5.55281041797669,"degC"
"SSP370_N2O",2171,"Tgav",5.56458692273465,"degC"
"SSP370_N2O",2172,"Tgav",5.57618583071069,"degC"
"SSP370_N2O",2173,"Tgav",5.58760861606386,"degC"
"SSP370_N2O",2174,"Tgav",5.59885663226306,"degC"
"SSP370_N2O",2175,"Tgav",5.60993107397675,"degC"
"SSP370_N2O",2176,"Tgav",5.62083301547646,"degC"
"SSP370_N2O",2177,"Tgav",5.63156346827359,"degC"
"SSP370_N2O",2178,"Tgav",5.64212343330644,"degC"
"SSP370_N2O",2179,"Tgav",5.6525139127762,"degC"
"SSP370_N2O",2180,"Tgav",5.6627358608623,"degC"
"SSP370_N2O",2181,"Tgav",5.67279013430717,"degC"
"SSP370_N2O",2182,"Tgav",5.68267751791373,"degC"
"SSP370_N2O",2183,"Tgav",5.69239875398695,"degC"
"SSP370_N2O",2184,"Tgav",5.70195453720628,"degC"
"SSP370_N2O",2185,"Tgav",5.71134553525131,"degC"
"SSP370_N2O",2186,"Tgav",5.72057257500059,"degC"
"SSP370_N2O",2187,"Tgav",5.72963664684556,"degC"
"SSP370_N2O",2188,"Tgav",5.73853864107523,"degC"
"SSP370_N2O",2189,"Tgav",5.74727924788702,"degC"
"SSP370_N2O",2190,"Tgav",5.75585901006934,"degC"
"SSP370_N2O",2191,"Tgav",5.76427838493536,"degC"
"SSP370_N2O",2192,"Tgav",5.7725377688584,"degC"
"SSP370_N2O",2193,"Tgav",5.78063751510882,"degC"
"SSP370_N2O",2194,"Tgav",5.78857795248919,"degC"
"SSP370_N2O",2195,"Tgav",5.79635965731214,"degC"
"SSP370_N2O",2196,"Tgav",5.80398351489116,"degC"
"SSP370_N2O",2197,"Tgav",5.81145034161297,"degC"
"SSP370_N2O",2198,"Tgav",5.81876068392952,"degC"
"SSP370_N2O",2199,"Tgav",5.82591485140679,"degC"
"SSP370_N2O",2200,"Tgav",5.83293401201916,"degC"
"SSP370_N2O",2201,"Tgav",5.83976334784454,"degC"
"SSP370_N2O",2202,"Tgav",5.84645156253724,"degC"
"SSP370_N2O",2203,"Tgav",5.85298373189822,"degC"
"SSP370_N2O",2204,"Tgav",5.85935932842056,"degC"
"SSP370_N2O",2205,"Tgav",5.86557915301251,"degC"
"SSP370_N2O",2206,"Tgav",5.87164321411951,"degC"
"SSP370_N2O",2207,"Tgav",5.87755162362579,"degC"
"SSP370_N2O",2208,"Tgav",5.88330449618509,"degC"
"SSP370_N2O",2209,"Tgav",5.88890195937743,"degC"
"SSP370_N2O",2210,"Tgav",5.89434418698443,"degC"
"SSP370_N2O",2211,"Tgav",5.89963138298721,"degC"
"SSP370_N2O",2212,"Tgav",5.90476375319447,"degC"
"SSP370_N2O",2213,"Tgav",5.90974148858763,"degC"
"SSP370_N2O",2214,"Tgav",5.91456476106239,"degC"
"SSP370_N2O",2215,"Tgav",5.91923372559967,"degC"
"SSP370_N2O",2216,"Tgav",5.92374852650618,"degC"
"SSP370_N2O",2217,"Tgav",5.92810929237205,"degC"
"SSP370_N2O",2218,"Tgav",5.93231614112821,"degC"
"SSP370_N2O",2219,"Tgav",5.93636915193725,"degC"
"SSP370_N2O",2220,"Tgav",5.94026837160754,"degC"
"SSP370_N2O",2221,"Tgav",5.94401382606936,"degC"
"SSP370_N2O",2222,"Tgav",5.94760552569312,"degC"
"SSP370_N2O",2223,"Tgav",5.95106422565158,"degC"
"SSP370_N2O",2224,"Tgav",5.95433539213412,"degC"
"SSP370_N2O",2225,"Tgav",5.95746699123329,"degC"
"SSP370_N2O",2226,"Tgav",5.96044474473651,"degC"
"SSP370_N2O",2227,"Tgav",5.96326780177424,"degC"
"SSP370_N2O",2228,"Tgav",5.96593688170373,"degC"
"SSP370_N2O",2229,"Tgav",5.96845187646356,"degC"
"SSP370_N2O",2230,"Tgav",5.97081274114616,"degC"
"SSP370_N2O",2231,"Tgav",5.9730194190289,"degC"
"SSP370_N2O",2232,"Tgav",5.97507183533306,"degC"
"SSP370_N2O",2233,"Tgav",5.97696990332336,"degC"
"SSP370_N2O",2234,"Tgav",5.97871352465265,"degC"
"SSP370_N2O",2235,"Tgav",5.9803025898565,"degC"
"SSP370_N2O",2236,"Tgav",5.98173697875249,"degC"
"SSP370_N2O",2237,"Tgav",5.98301656074735,"degC"
"SSP370_N2O",2238,"Tgav",5.98414119509352,"degC"
"SSP370_N2O",2239,"Tgav",5.9851107310925,"degC"
"SSP370_N2O",2240,"Tgav",5.98592500824963,"degC"
"SSP370_N2O",2241,"Tgav",5.98658385638909,"degC"
"SSP370_N2O",2242,"Tgav",5.98708709573233,"degC"
"SSP370_N2O",2243,"Tgav",5.98743453694972,"degC"
"SSP370_N2O",2244,"Tgav",5.98762598118627,"degC"
"SSP370_N2O",2245,"Tgav",5.98768129873793,"degC"
"SSP370_N2O",2246,"Tgav",5.98754767695767,"degC"
"SSP370_N2O",2247,"Tgav",5.98727048310299,"degC"
"SSP370_N2O",2248,"Tgav",5.98683649096945,"degC"
"SSP370_N2O",2249,"Tgav",5.9862447476713,"degC"
"SSP370_N2O",2250,"Tgav",5.98549565400462,"degC"
"SSP370_N2O",2251,"Tgav",5.98444323016818,"degC"
"SSP370_N2O",2252,"Tgav",5.98315752669925,"degC"
"SSP370_N2O",2253,"Tgav",5.9817224109964,"degC"
"SSP370_N2O",2254,"Tgav",5.98019238793212,"degC"
"SSP370_N2O",2255,"Tgav",5.97860347699075,"degC"
"SSP370_N2O",2256,"Tgav",5.97698044665434,"degC"
"SSP370_N2O",2257,"Tgav",5.97534076310183,"degC"
"SSP370_N2O",2258,"Tgav",5.97369691944083,"degC"
"SSP370_N2O",2259,"Tgav",5.97205790264816,"degC"
"SSP370_N2O",2260,"Tgav",5.97043016321103,"degC"
"SSP370_N2O",2261,"Tgav",5.96881828069768,"degC"
"SSP370_N2O",2262,"Tgav",5.96722543447923,"degC"
"SSP370_N2O",2263,"Tgav",5.96565374474639,"degC"
"SSP370_N2O",2264,"Tgav",5.96410452446644,"degC"
"SSP370_N2O",2265,"Tgav",5.96257846851032,"degC"
"SSP370_N2O",2266,"Tgav",5.96107579760138,"degC"
"SSP370_N2O",2267,"Tgav",5.95959636912436,"degC"
"SSP370_N2O",2268,"Tgav",5.95813976319402,"degC"
"SSP370_N2O",2269,"Tgav",5.95670534998896,"degC"
"SSP370_N2O",2270,"Tgav",5.95529234272334,"degC"
"SSP370_N2O",2271,"Tgav",5.95389983949143,"degC"
"SSP370_N2O",2272,"Tgav",5.95252685641149,"degC"
"SSP370_N2O",2273,"Tgav",5.95117235391246,"degC"
"SSP370_N2O",2274,"Tgav",5.94983525758015,"degC"
"SSP370_N2O",2275,"Tgav",5.94851447469879,"degC"
"SSP370_N2O",2276,"Tgav",5.94720890729348,"degC"
"SSP370_N2O",2277,"Tgav",5.9459174623547,"degC"
"SSP370_N2O",2278,"Tgav",5.94463905979775,"degC"
"SSP370_N2O",2279,"Tgav",5.94337263859434,"degC"
"SSP370_N2O",2280,"Tgav",5.94211716142667,"degC"
"SSP370_N2O",2281,"Tgav",5.94087161814584,"degC"
"SSP370_N2O",2282,"Tgav",5.93963502826336,"degC"
"SSP370_N2O",2283,"Tgav",5.93840644266184,"degC"
"SSP370_N2O",2284,"Tgav",5.93718494467629,"degC"
"SSP370_N2O",2285,"Tgav",5.93596965047388,"degC"
"SSP370_N2O",2286,"Tgav",5.93475970911058,"degC"
"SSP370_N2O",2287,"Tgav",5.93355430235389,"degC"
"SSP370_N2O",2288,"Tgav",5.93235264428889,"degC"
"SSP370_N2O",2289,"Tgav",5.93115398074086,"degC"
"SSP370_N2O",2290,"Tgav",5.92995758855173,"degC"
"SSP370_N2O",2291,"Tgav",5.92876277474307,"degC"
"SSP370_N2O",2292,"Tgav",5.92756887559396,"degC"
"SSP370_N2O",2293,"Tgav",5.92637525565913,"degC"
"SSP370_N2O",2294,"Tgav",5.92518130674935,"degC"
"SSP370_N2O",2295,"Tgav",5.92398644654754,"degC"
"SSP370_N2O",2296,"Tgav",5.92279011732379,"degC"
"SSP370_N2O",2297,"Tgav",5.92159178479786,"degC"
"SSP370_N2O",2298,"Tgav",5.92039093708176,"degC"
"SSP370_N2O",2299,"Tgav",5.91918708367215,"degC"
"SSP370_N2O",2300,"Tgav",5.91797975448185,"degC"
"SSP245",1850,"Ca",284.20440303028,"ppmv CO2"
"SSP245",1851,"Ca",284.416504591648,"ppmv CO2"
"SSP245",1852,"Ca",284.619478993891,"ppmv CO2"
"SSP245",1853,"Ca",284.837667042056,"ppmv CO2"
"SSP245",1854,"Ca",285.074361949939,"ppmv CO2"
"SSP245",1855,"Ca",285.305200218061,"ppmv CO2"
"SSP245",1856,"Ca",285.529611922044,"ppmv CO2"
"SSP245",1857,"Ca",285.736094537586,"ppmv CO2"
"SSP245",1858,"Ca",285.889064315823,"ppmv CO2"
"SSP245",1859,"Ca",285.993078552476,"ppmv CO2"
"SSP245",1860,"Ca",286.115248927756,"ppmv CO2"
"SSP245",1861,"Ca",286.28540665864,"ppmv CO2"
"SSP245",1862,"Ca",286.490415163717,"ppmv CO2"
"SSP245",1863,"Ca",286.677045501227,"ppmv CO2"
"SSP245",1864,"Ca",286.827311587307,"ppmv CO2"
"SSP245",1865,"Ca",286.975567627318,"ppmv CO2"
"SSP245",1866,"Ca",287.131791514372,"ppmv CO2"
"SSP245",1867,"Ca",287.294613946709,"ppmv CO2"
"SSP245",1868,"Ca",287.46034671412,"ppmv CO2"
"SSP245",1869,"Ca",287.625328482448,"ppmv CO2"
"SSP245",1870,"Ca",287.787904889752,"ppmv CO2"
"SSP245",1871,"Ca",287.946911078138,"ppmv CO2"
"SSP245",1872,"Ca",288.112541860088,"ppmv CO2"
"SSP245",1873,"Ca",288.326873178438,"ppmv CO2"
"SSP245",1874,"Ca",288.579586210155,"ppmv CO2"
"SSP245",1875,"Ca",288.827415572036,"ppmv CO2"
"SSP245",1876,"Ca",289.074107570734,"ppmv CO2"
"SSP245",1877,"Ca",289.32480658231,"ppmv CO2"
"SSP245",1878,"Ca",289.571034445316,"ppmv CO2"
"SSP245",1879,"Ca",289.815444523586,"ppmv CO2"
"SSP245",1880,"Ca",290.06676799777,"ppmv CO2"
"SSP245",1881,"Ca",290.33025585456,"ppmv CO2"
"SSP245",1882,"Ca",290.615271348405,"ppmv CO2"
"SSP245",1883,"Ca",290.890814838459,"ppmv CO2"
"SSP245",1884,"Ca",291.134510043545,"ppmv CO2"
"SSP245",1885,"Ca",291.278636964401,"ppmv CO2"
"SSP245",1886,"Ca",291.313940902287,"ppmv CO2"
"SSP245",1887,"Ca",291.364746364424,"ppmv CO2"
"SSP245",1888,"Ca",291.476400482251,"ppmv CO2"
"SSP245",1889,"Ca",291.634434039163,"ppmv CO2"
"SSP245",1890,"Ca",291.819023557131,"ppmv CO2"
"SSP245",1891,"Ca",292.005545934232,"ppmv CO2"
"SSP245",1892,"Ca",292.185948124578,"ppmv CO2"
"SSP245",1893,"Ca",292.373128645724,"ppmv CO2"
"SSP245",1894,"Ca",292.579960127067,"ppmv CO2"
"SSP245",1895,"Ca",292.813999902627,"ppmv CO2"
"SSP245",1896,"Ca",293.078776333385,"ppmv CO2"
"SSP245",1897,"Ca",293.353441576916,"ppmv CO2"
"SSP245",1898,"Ca",293.615957694967,"ppmv CO2"
"SSP245",1899,"Ca",293.867242210264,"ppmv CO2"
"SSP245",1900,"Ca",294.130338755346,"ppmv CO2"
"SSP245",1901,"Ca",294.414702354655,"ppmv CO2"
"SSP245",1902,"Ca",294.742472598366,"ppmv CO2"
"SSP245",1903,"Ca",295.101298268545,"ppmv CO2"
"SSP245",1904,"Ca",295.433286428209,"ppmv CO2"
"SSP245",1905,"Ca",295.729744820152,"ppmv CO2"
"SSP245",1906,"Ca",296.046973428993,"ppmv CO2"
"SSP245",1907,"Ca",296.443119650441,"ppmv CO2"
"SSP245",1908,"Ca",296.90009479923,"ppmv CO2"
"SSP245",1909,"Ca",297.367750738463,"ppmv CO2"
"SSP245",1910,"Ca",297.831926604939,"ppmv CO2"
"SSP245",1911,"Ca",298.309909092564,"ppmv CO2"
"SSP245",1912,"Ca",298.766861911661,"ppmv CO2"
"SSP245",1913,"Ca",299.184984120532,"ppmv CO2"
"SSP245",1914,"Ca",299.563076875505,"ppmv CO2"
"SSP245",1915,"Ca",299.88808720157,"ppmv CO2"
"SSP245",1916,"Ca",300.194952299948,"ppmv CO2"
"SSP245",1917,"Ca",300.527028278894,"ppmv CO2"
"SSP245",1918,"Ca",300.885022320298,"ppmv CO2"
"SSP245",1919,"Ca",301.245565298453,"ppmv CO2"
"SSP245",1920,"Ca",301.577777329223,"ppmv CO2"
"SSP245",1921,"Ca",301.91713340862,"ppmv CO2"
"SSP245",1922,"Ca",302.265863368545,"ppmv CO2"
"SSP245",1923,"Ca",302.610841456092,"ppmv CO2"
"SSP245",1924,"Ca",302.995475732206,"ppmv CO2"
"SSP245",1925,"Ca",303.40737803599,"ppmv CO2"
"SSP245",1926,"Ca",303.820734800293,"ppmv CO2"
"SSP245",1927,"Ca",304.226903884597,"ppmv CO2"
"SSP245",1928,"Ca",304.665897867,"ppmv CO2"
"SSP245",1929,"Ca",305.137250985192,"ppmv CO2"
"SSP245",1930,"Ca",305.625700797644,"ppmv CO2"
"SSP245",1931,"Ca",306.138270323112,"ppmv CO2"
"SSP245",1932,"Ca",306.634639390171,"ppmv CO2"
"SSP245",1933,"Ca",307.044401818339,"ppmv CO2"
"SSP245",1934,"Ca",307.400159555696,"ppmv CO2"
"SSP245",1935,"Ca",307.775276109788,"ppmv CO2"
"SSP245",1936,"Ca",308.168095043673,"ppmv CO2"
"SSP245",1937,"Ca",308.589140093111,"ppmv CO2"
"SSP245",1938,"Ca",309.034133995231,"ppmv CO2"
"SSP245",1939,"Ca",309.460377651818,"ppmv CO2"
"SSP245",1940,"Ca",309.881573350607,"ppmv CO2"
"SSP245",1941,"Ca",310.326627468876,"ppmv CO2"
"SSP245",1942,"Ca",310.775451730717,"ppmv CO2"
"SSP245",1943,"Ca",311.223523773223,"ppmv CO2"
"SSP245",1944,"Ca",311.678562172872,"ppmv CO2"
"SSP245",1945,"Ca",312.130803220603,"ppmv CO2"
"SSP245",1946,"Ca",312.531126573738,"ppmv CO2"
"SSP245",1947,"Ca",312.955116197593,"ppmv CO2"
"SSP245",1948,"Ca",313.490227179736,"ppmv CO2"
"SSP245",1949,"Ca",314.079178936873,"ppmv CO2"
"SSP245",1950,"Ca",314.671586199507,"ppmv CO2"
"SSP245",1951,"Ca",315.296985633641,"ppmv CO2"
"SSP245",1952,"Ca",316.078596525428,"ppmv CO2"
"SSP245",1953,"Ca",316.977150591428,"ppmv CO2"
"SSP245",1954,"Ca",317.874986531393,"ppmv CO2"
"SSP245",1955,"Ca",318.794863542862,"ppmv CO2"
"SSP245",1956,"Ca",319.791026558625,"ppmv CO2"
"SSP245",1957,"Ca",320.881500697616,"ppmv CO2"
"SSP245",1958,"Ca",322.032991119449,"ppmv CO2"
"SSP245",1959,"Ca",323.227642868668,"ppmv CO2"
"SSP245",1960,"Ca",324.43941058565,"ppmv CO2"
"SSP245",1961,"Ca",325.648780431975,"ppmv CO2"
"SSP245",1962,"Ca",326.87863457511,"ppmv CO2"
"SSP245",1963,"Ca",328.11164827813,"ppmv CO2"
"SSP245",1964,"Ca",329.360187856277,"ppmv CO2"
"SSP245",1965,"Ca",330.58901208203,"ppmv CO2"
"SSP245",1966,"Ca",331.797725340491,"ppmv CO2"
"SSP245",1967,"Ca",333.07676265242,"ppmv CO2"
"SSP245",1968,"Ca",334.456637456462,"ppmv CO2"
"SSP245",1969,"Ca",335.913936469195,"ppmv CO2"
"SSP245",1970,"Ca",337.394894539344,"ppmv CO2"
"SSP245",1971,"Ca",338.925277776297,"ppmv CO2"
"SSP245",1972,"Ca",340.472573768898,"ppmv CO2"
"SSP245",1973,"Ca",342.0089933154,"ppmv CO2"
"SSP245",1974,"Ca",343.59745366126,"ppmv CO2"
"SSP245",1975,"Ca",345.190426013606,"ppmv CO2"
"SSP245",1976,"Ca",346.720836588882,"ppmv CO2"
"SSP245",1977,"Ca",348.281093168449,"ppmv CO2"
"SSP245",1978,"Ca",349.939705524442,"ppmv CO2"
"SSP245",1979,"Ca",351.665058747072,"ppmv CO2"
"SSP245",1980,"Ca",353.403712676654,"ppmv CO2"
"SSP245",1981,"Ca",355.102843237125,"ppmv CO2"
"SSP245",1982,"Ca",356.739036320091,"ppmv CO2"
"SSP245",1983,"Ca",358.319041885225,"ppmv CO2"
"SSP245",1984,"Ca",359.874355264835,"ppmv CO2"
"SSP245",1985,"Ca",361.468092976394,"ppmv CO2"
"SSP245",1986,"Ca",363.150341921892,"ppmv CO2"
"SSP245",1987,"Ca",364.929738481343,"ppmv CO2"
"SSP245",1988,"Ca",366.775550985454,"ppmv CO2"
"SSP245",1989,"Ca",368.668743221443,"ppmv CO2"
"SSP245",1990,"Ca",370.618904218665,"ppmv CO2"
"SSP245",1991,"Ca",372.522228458176,"ppmv CO2"
"SSP245",1992,"Ca",374.444451506676,"ppmv CO2"
"SSP245",1993,"Ca",376.324712046731,"ppmv CO2"
"SSP245",1994,"Ca",378.022822000699,"ppmv CO2"
"SSP245",1995,"Ca",379.689056722275,"ppmv CO2"
"SSP245",1996,"Ca",381.445488489325,"ppmv CO2"
"SSP245",1997,"Ca",383.290935197485,"ppmv CO2"
"SSP245",1998,"Ca",385.50616449908,"ppmv CO2"
"SSP245",1999,"Ca",387.720321993656,"ppmv CO2"
"SSP245",2000,"Ca",389.529572158523,"ppmv CO2"
"SSP245",2001,"Ca",391.262208148953,"ppmv CO2"
"SSP245",2002,"Ca",392.906303782467,"ppmv CO2"
"SSP245",2003,"Ca",394.539204997618,"ppmv CO2"
"SSP245",2004,"Ca",396.24019891506,"ppmv CO2"
"SSP245",2005,"Ca",398.075931087561,"ppmv CO2"
"SSP245",2006,"Ca",400.101198750333,"ppmv CO2"
"SSP245",2007,"Ca",402.243521853701,"ppmv CO2"
"SSP245",2008,"Ca",404.44598132028,"ppmv CO2"
"SSP245",2009,"Ca",406.505422495001,"ppmv CO2"
"SSP245",2010,"Ca",408.438607453054,"ppmv CO2"
"SSP245",2011,"Ca",410.525611455569,"ppmv CO2"
"SSP245",2012,"Ca",412.821842303928,"ppmv CO2"
"SSP245",2013,"Ca",415.225487390004,"ppmv CO2"
"SSP245",2014,"Ca",417.683244379482,"ppmv CO2"
"SSP245",2015,"Ca",420.271847018678,"ppmv CO2"
"SSP245",2016,"Ca",422.858490180882,"ppmv CO2"
"SSP245",2017,"Ca",425.387094553709,"ppmv CO2"
"SSP245",2018,"Ca",427.934140135833,"ppmv CO2"
"SSP245",2019,"Ca",430.496983985212,"ppmv CO2"
"SSP245",2020,"Ca",433.0760870044,"ppmv CO2"
"SSP245",2021,"Ca",435.671803577317,"ppmv CO2"
"SSP245",2022,"Ca",438.283901555938,"ppmv CO2"
"SSP245",2023,"Ca",440.909158650737,"ppmv CO2"
"SSP245",2024,"Ca",443.546419417041,"ppmv CO2"
"SSP245",2025,"Ca",446.195553733762,"ppmv CO2"
"SSP245",2026,"Ca",448.856707791013,"ppmv CO2"
"SSP245",2027,"Ca",451.530096886504,"ppmv CO2"
"SSP245",2028,"Ca",454.215949836318,"ppmv CO2"
"SSP245",2029,"Ca",456.91450202494,"ppmv CO2"
"SSP245",2030,"Ca",459.625990970897,"ppmv CO2"
"SSP245",2031,"Ca",462.350658515545,"ppmv CO2"
"SSP245",2032,"Ca",465.073793946833,"ppmv CO2"
"SSP245",2033,"Ca",467.782980615774,"ppmv CO2"
"SSP245",2034,"Ca",470.480097738835,"ppmv CO2"
"SSP245",2035,"Ca",473.154833118564,"ppmv CO2"
"SSP245",2036,"Ca",475.839996348558,"ppmv CO2"
"SSP245",2037,"Ca",478.512234842725,"ppmv CO2"
"SSP245",2038,"Ca",481.172832008114,"ppmv CO2"
"SSP245",2039,"Ca",483.82522759051,"ppmv CO2"
"SSP245",2040,"Ca",486.471007851996,"ppmv CO2"
"SSP245",2041,"Ca",489.110894766783,"ppmv CO2"
"SSP245",2042,"Ca",491.729537972431,"ppmv CO2"
"SSP245",2043,"Ca",494.312980922244,"ppmv CO2"
"SSP245",2044,"Ca",496.862921479807,"ppmv CO2"
"SSP245",2045,"Ca",499.380613869726,"ppmv CO2"
"SSP245",2046,"Ca",501.867167102019,"ppmv CO2"
"SSP245",2047,"Ca",504.32364372284,"ppmv CO2"
"SSP245",2048,"Ca",506.751074925465,"ppmv CO2"
"SSP245",2049,"Ca",509.150443725463,"ppmv CO2"
"SSP245",2050,"Ca",511.522685375343,"ppmv CO2"
"SSP245",2051,"Ca",513.86870448743,"ppmv CO2"
"SSP245",2052,"Ca",516.171529332908,"ppmv CO2"
"SSP245",2053,"Ca",518.41501116978,"ppmv CO2"
"SSP245",2054,"Ca",520.601066601932,"ppmv CO2"
"SSP245",2055,"Ca",522.731252102102,"ppmv CO2"
"SSP245",2056,"Ca",524.803272004931,"ppmv CO2"
"SSP245",2057,"Ca",526.827721888241,"ppmv CO2"
"SSP245",2058,"Ca",528.801426655973,"ppmv CO2"
"SSP245",2059,"Ca",530.721944980633,"ppmv CO2"
"SSP245",2060,"Ca",532.592764432183,"ppmv CO2"
"SSP245",2061,"Ca",534.415645141596,"ppmv CO2"
"SSP245",2062,"Ca",536.189760142092,"ppmv CO2"
"SSP245",2063,"Ca",537.913437921859,"ppmv CO2"
"SSP245",2064,"Ca",539.587215814904,"ppmv CO2"
"SSP245",2065,"Ca",541.21173359679,"ppmv CO2"
"SSP245",2066,"Ca",542.787686064435,"ppmv CO2"
"SSP245",2067,"Ca",544.315734762577,"ppmv CO2"
"SSP245",2068,"Ca",545.796463475165,"ppmv CO2"
"SSP245",2069,"Ca",547.230416399946,"ppmv CO2"
"SSP245",2070,"Ca",548.618118757298,"ppmv CO2"
"SSP245",2071,"Ca",549.960085169801,"ppmv CO2"
"SSP245",2072,"Ca",551.23209250103,"ppmv CO2"
"SSP245",2073,"Ca",552.411773121999,"ppmv CO2"
"SSP245",2074,"Ca",553.501174792239,"ppmv CO2"
"SSP245",2075,"Ca",554.501737559334,"ppmv CO2"
"SSP245",2076,"Ca",555.414728996682,"ppmv CO2"
"SSP245",2077,"Ca",556.249476038494,"ppmv CO2"
"SSP245",2078,"Ca",556.987448312207,"ppmv CO2"
"SSP245",2079,"Ca",557.64867485584,"ppmv CO2"
"SSP245",2080,"Ca",558.224374773159,"ppmv CO2"
"SSP245",2081,"Ca",558.717988842792,"ppmv CO2"
"SSP245",2082,"Ca",559.119359279007,"ppmv CO2"
"SSP245",2083,"Ca",559.418221264469,"ppmv CO2"
"SSP245",2084,"Ca",559.616579427747,"ppmv CO2"
"SSP245",2085,"Ca",559.715445664304,"ppmv CO2"
"SSP245",2086,"Ca",559.716094515281,"ppmv CO2"
"SSP245",2087,"Ca",559.620238916906,"ppmv CO2"
"SSP245",2088,"Ca",559.429812316842,"ppmv CO2"
"SSP245",2089,"Ca",559.146173909898,"ppmv CO2"
"SSP245",2090,"Ca",558.770233084759,"ppmv CO2"
"SSP245",2091,"Ca",558.302833378265,"ppmv CO2"
"SSP245",2092,"Ca",557.771763469598,"ppmv CO2"
"SSP245",2093,"Ca",557.202380370786,"ppmv CO2"
"SSP245",2094,"Ca",556.594210855198,"ppmv CO2"
"SSP245",2095,"Ca",555.947184908305,"ppmv CO2"
"SSP245",2096,"Ca",555.261100361891,"ppmv CO2"
"SSP245",2097,"Ca",554.566439649656,"ppmv CO2"
"SSP245",2098,"Ca",553.797268133879,"ppmv CO2"
"SSP245",2099,"Ca",552.985582493427,"ppmv CO2"
"SSP245",2100,"Ca",552.14101914182,"ppmv CO2"
"SSP245",2101,"Ca",551.254245546134,"ppmv CO2"
"SSP245",2102,"Ca",550.375304179678,"ppmv CO2"
"SSP245",2103,"Ca",549.556402443316,"ppmv CO2"
"SSP245",2104,"Ca",548.793411206501,"ppmv CO2"
"SSP245",2105,"Ca",548.081267132091,"ppmv CO2"
"SSP245",2106,"Ca",547.41990056687,"ppmv CO2"
"SSP245",2107,"Ca",546.810077598192,"ppmv CO2"
"SSP245",2108,"Ca",546.248843446374,"ppmv CO2"
"SSP245",2109,"Ca",545.733118527513,"ppmv CO2"
"SSP245",2110,"Ca",545.262300490027,"ppmv CO2"
"SSP245",2111,"Ca",544.83548017639,"ppmv CO2"
"SSP245",2112,"Ca",544.450159764085,"ppmv CO2"
"SSP245",2113,"Ca",544.104435713553,"ppmv CO2"
"SSP245",2114,"Ca",543.797537059824,"ppmv CO2"
"SSP245",2115,"Ca",543.528194482883,"ppmv CO2"
"SSP245",2116,"Ca",543.294675839309,"ppmv CO2"
"SSP245",2117,"Ca",543.095838650884,"ppmv CO2"
"SSP245",2118,"Ca",542.930797738897,"ppmv CO2"
"SSP245",2119,"Ca",542.798232500411,"ppmv CO2"
"SSP245",2120,"Ca",542.6966657039,"ppmv CO2"
"SSP245",2121,"Ca",542.625002291921,"ppmv CO2"
"SSP245",2122,"Ca",542.582302218641,"ppmv CO2"
"SSP245",2123,"Ca",542.567409062661,"ppmv CO2"
"SSP245",2124,"Ca",542.579238294585,"ppmv CO2"
"SSP245",2125,"Ca",542.61689320733,"ppmv CO2"
"SSP245",2126,"Ca",542.679462508765,"ppmv CO2"
"SSP245",2127,"Ca",542.765963356264,"ppmv CO2"
"SSP245",2128,"Ca",542.875475418786,"ppmv CO2"
"SSP245",2129,"Ca",543.007195556196,"ppmv CO2"
"SSP245",2130,"Ca",543.160322774956,"ppmv CO2"
"SSP245",2131,"Ca",543.334038994898,"ppmv CO2"
"SSP245",2132,"Ca",543.527607437109,"ppmv CO2"
"SSP245",2133,"Ca",543.740386526749,"ppmv CO2"
"SSP245",2134,"Ca",543.971687990622,"ppmv CO2"
"SSP245",2135,"Ca",544.220778484411,"ppmv CO2"
"SSP245",2136,"Ca",544.486971753499,"ppmv CO2"
"SSP245",2137,"Ca",544.769629288415,"ppmv CO2"
"SSP245",2138,"Ca",545.068114855717,"ppmv CO2"
"SSP245",2139,"Ca",545.381821289224,"ppmv CO2"
"SSP245",2140,"Ca",545.710181358581,"ppmv CO2"
"SSP245",2141,"Ca",546.052662932947,"ppmv CO2"
"SSP245",2142,"Ca",546.40873275119,"ppmv CO2"
"SSP245",2143,"Ca",546.77788600561,"ppmv CO2"
"SSP245",2144,"Ca",547.159644172597,"ppmv CO2"
"SSP245",2145,"Ca",547.553540610806,"ppmv CO2"
"SSP245",2146,"Ca",547.959135971354,"ppmv CO2"
"SSP245",2147,"Ca",548.376005146808,"ppmv CO2"
"SSP245",2148,"Ca",548.803713228358,"ppmv CO2"
"SSP245",2149,"Ca",549.241802704665,"ppmv CO2"
"SSP245",2150,"Ca",549.6898288892,"ppmv CO2"
"SSP245",2151,"Ca",550.147403640572,"ppmv CO2"
"SSP245",2152,"Ca",550.602139781656,"ppmv CO2"
"SSP245",2153,"Ca",551.042827010115,"ppmv CO2"
"SSP245",2154,"Ca",551.469988681712,"ppmv CO2"
"SSP245",2155,"Ca",551.883643097085,"ppmv CO2"
"SSP245",2156,"Ca",552.284040330995,"ppmv CO2"
"SSP245",2157,"Ca",552.671553638945,"ppmv CO2"
"SSP245",2158,"Ca",553.046366359051,"ppmv CO2"
"SSP245",2159,"Ca",553.408604117705,"ppmv CO2"
"SSP245",2160,"Ca",553.75851232013,"ppmv CO2"
"SSP245",2161,"Ca",554.096332576491,"ppmv CO2"
"SSP245",2162,"Ca",554.422191988747,"ppmv CO2"
"SSP245",2163,"Ca",554.736229634072,"ppmv CO2"
"SSP245",2164,"Ca",555.038687183055,"ppmv CO2"
"SSP245",2165,"Ca",555.32987003373,"ppmv CO2"
"SSP245",2166,"Ca",555.61004073615,"ppmv CO2"
"SSP245",2167,"Ca",555.879732150183,"ppmv CO2"
"SSP245",2168,"Ca",556.13960972634,"ppmv CO2"
"SSP245",2169,"Ca",556.389971268196,"ppmv CO2"
"SSP245",2170,"Ca",556.630795107904,"ppmv CO2"
"SSP245",2171,"Ca",556.862009338751,"ppmv CO2"
"SSP245",2172,"Ca",557.08371668116,"ppmv CO2"
"SSP245",2173,"Ca",557.296054505003,"ppmv CO2"
"SSP245",2174,"Ca",557.499004047649,"ppmv CO2"
"SSP245",2175,"Ca",557.692454489422,"ppmv CO2"
"SSP245",2176,"Ca",557.876317555279,"ppmv CO2"
"SSP245",2177,"Ca",558.050569975286,"ppmv CO2"
"SSP245",2178,"Ca",558.215286270167,"ppmv CO2"
"SSP245",2179,"Ca",558.370580542952,"ppmv CO2"
"SSP245",2180,"Ca",558.516476178364,"ppmv CO2"
"SSP245",2181,"Ca",558.652890378448,"ppmv CO2"
"SSP245",2182,"Ca",558.779773056362,"ppmv CO2"
"SSP245",2183,"Ca",558.897107292318,"ppmv CO2"
"SSP245",2184,"Ca",559.004850255568,"ppmv CO2"
"SSP245",2185,"Ca",559.102999967558,"ppmv CO2"
"SSP245",2186,"Ca",559.191963933225,"ppmv CO2"
"SSP245",2187,"Ca",559.272210295825,"ppmv CO2"
"SSP245",2188,"Ca",559.343731850737,"ppmv CO2"
"SSP245",2189,"Ca",559.406322603584,"ppmv CO2"
"SSP245",2190,"Ca",559.459795742482,"ppmv CO2"
"SSP245",2191,"Ca",559.504004675999,"ppmv CO2"
"SSP245",2192,"Ca",559.538815182064,"ppmv CO2"
"SSP245",2193,"Ca",559.564119295415,"ppmv CO2"
"SSP245",2194,"Ca",559.579838012894,"ppmv CO2"
"SSP245",2195,"Ca",559.586492596872,"ppmv CO2"
"SSP245",2196,"Ca",559.584819885563,"ppmv CO2"
"SSP245",2197,"Ca",559.574893496325,"ppmv CO2"
"SSP245",2198,"Ca",559.556404909577,"ppmv CO2"
"SSP245",2199,"Ca",559.528993272434,"ppmv CO2"
"SSP245",2200,"Ca",559.492360822817,"ppmv CO2"
"SSP245",2201,"Ca",559.446318160968,"ppmv CO2"
"SSP245",2202,"Ca",559.390704900816,"ppmv CO2"
"SSP245",2203,"Ca",559.325350615601,"ppmv CO2"
"SSP245",2204,"Ca",559.250123817356,"ppmv CO2"
"SSP245",2205,"Ca",559.164936190104,"ppmv CO2"
"SSP245",2206,"Ca",559.069751033745,"ppmv CO2"
"SSP245",2207,"Ca",558.964561015423,"ppmv CO2"
"SSP245",2208,"Ca",558.849354666864,"ppmv CO2"
"SSP245",2209,"Ca",558.724163970389,"ppmv CO2"
"SSP245",2210,"Ca",558.589096174268,"ppmv CO2"
"SSP245",2211,"Ca",558.44424586836,"ppmv CO2"
"SSP245",2212,"Ca",558.289670956568,"ppmv CO2"
"SSP245",2213,"Ca",558.12540331281,"ppmv CO2"
"SSP245",2214,"Ca",557.951461416512,"ppmv CO2"
"SSP245",2215,"Ca",557.76786058524,"ppmv CO2"
"SSP245",2216,"Ca",557.574624856185,"ppmv CO2"
"SSP245",2217,"Ca",557.371764760003,"ppmv CO2"
"SSP245",2218,"Ca",557.159299681422,"ppmv CO2"
"SSP245",2219,"Ca",556.9371837066,"ppmv CO2"
"SSP245",2220,"Ca",556.705375623108,"ppmv CO2"
"SSP245",2221,"Ca",556.463843572674,"ppmv CO2"
"SSP245",2222,"Ca",556.212560089143,"ppmv CO2"
"SSP245",2223,"Ca",555.951501520393,"ppmv CO2"
"SSP245",2224,"Ca",555.680647186085,"ppmv CO2"
"SSP245",2225,"Ca",555.399991575764,"ppmv CO2"
"SSP245",2226,"Ca",555.109541034478,"ppmv CO2"
"SSP245",2227,"Ca",554.809310869051,"ppmv CO2"
"SSP245",2228,"Ca",554.499323135718,"ppmv CO2"
"SSP245",2229,"Ca",554.179604643804,"ppmv CO2"
"SSP245",2230,"Ca",553.850186045483,"ppmv CO2"
"SSP245",2231,"Ca",553.511101397303,"ppmv CO2"
"SSP245",2232,"Ca",553.162387398217,"ppmv CO2"
"SSP245",2233,"Ca",552.804082729351,"ppmv CO2"
"SSP245",2234,"Ca",552.436227846298,"ppmv CO2"
"SSP245",2235,"Ca",552.058860174215,"ppmv CO2"
"SSP245",2236,"Ca",551.672015113167,"ppmv CO2"
"SSP245",2237,"Ca",551.275727265357,"ppmv CO2"
"SSP245",2238,"Ca",550.87003120553,"ppmv CO2"
"SSP245",2239,"Ca",550.454962013255,"ppmv CO2"
"SSP245",2240,"Ca",550.030555307769,"ppmv CO2"
"SSP245",2241,"Ca",549.596847400495,"ppmv CO2"
"SSP245",2242,"Ca",549.153875433759,"ppmv CO2"
"SSP245",2243,"Ca",548.701677403153,"ppmv CO2"
"SSP245",2244,"Ca",548.240292112998,"ppmv CO2"
"SSP245",2245,"Ca",547.769758875629,"ppmv CO2"
"SSP245",2246,"Ca",547.290117699639,"ppmv CO2"
"SSP245",2247,"Ca",546.801409501662,"ppmv CO2"
"SSP245",2248,"Ca",546.30367620489,"ppmv CO2"
"SSP245",2249,"Ca",545.796960791393,"ppmv CO2"
"SSP245",2250,"Ca",545.281307310491,"ppmv CO2"
"SSP245",2251,"Ca",544.756760842456,"ppmv CO2"
"SSP245",2252,"Ca",544.229412581171,"ppmv CO2"
"SSP245",2253,"Ca",543.704708655907,"ppmv CO2"
"SSP245",2254,"Ca",543.182433903782,"ppmv CO2"
"SSP245",2255,"Ca",542.66263708448,"ppmv CO2"
"SSP245",2256,"Ca",542.145227450752,"ppmv CO2"
"SSP245",2257,"Ca",541.630058719875,"ppmv CO2"
"SSP245",2258,"Ca",541.117075457893,"ppmv CO2"
"SSP245",2259,"Ca",540.606241112468,"ppmv CO2"
"SSP245",2260,"Ca",540.097460776954,"ppmv CO2"
"SSP245",2261,"Ca",539.590647004195,"ppmv CO2"
"SSP245",2262,"Ca",539.085759978025,"ppmv CO2"
"SSP245",2263,"Ca",538.582752815727,"ppmv CO2"
"SSP245",2264,"Ca",538.081553508831,"ppmv CO2"
"SSP245",2265,"Ca",537.582108207201,"ppmv CO2"
"SSP245",2266,"Ca",537.084385047261,"ppmv CO2"
"SSP245",2267,"Ca",536.588343221889,"ppmv CO2"
"SSP245",2268,"Ca",536.093935053504,"ppmv CO2"
"SSP245",2269,"Ca",535.601126452818,"ppmv CO2"
"SSP245",2270,"Ca",535.109891008433,"ppmv CO2"
"SSP245",2271,"Ca",534.620196221647,"ppmv CO2"
"SSP245",2272,"Ca",534.132009834634,"ppmv CO2"
"SSP245",2273,"Ca",533.645308051406,"ppmv CO2"
"SSP245",2274,"Ca",533.16006933864,"ppmv CO2"
"SSP245",2275,"Ca",532.676269575919,"ppmv CO2"
"SSP245",2276,"Ca",532.193887300464,"ppmv CO2"
"SSP245",2277,"Ca",531.712906329856,"ppmv CO2"
"SSP245",2278,"Ca",531.233311814057,"ppmv CO2"
"SSP245",2279,"Ca",530.755089280129,"ppmv CO2"
"SSP245",2280,"Ca",530.278227656993,"ppmv CO2"
"SSP245",2281,"Ca",529.802719374739,"ppmv CO2"
"SSP245",2282,"Ca",529.328558243287,"ppmv CO2"
"SSP245",2283,"Ca",528.855739608377,"ppmv CO2"
"SSP245",2284,"Ca",528.384261779069,"ppmv CO2"
"SSP245",2285,"Ca",527.914136821536,"ppmv CO2"
"SSP245",2286,"Ca",527.445432644439,"ppmv CO2"
"SSP245",2287,"Ca",526.978211195201,"ppmv CO2"
"SSP245",2288,"Ca",526.512531893551,"ppmv CO2"
"SSP245",2289,"Ca",526.048451437561,"ppmv CO2"
"SSP245",2290,"Ca",525.586022719708,"ppmv CO2"
"SSP245",2291,"Ca",525.125295380288,"ppmv CO2"
"SSP245",2292,"Ca",524.666316657545,"ppmv CO2"
"SSP245",2293,"Ca",524.209131098017,"ppmv CO2"
"SSP245",2294,"Ca",523.753780246764,"ppmv CO2"
"SSP245",2295,"Ca",523.300303128002,"ppmv CO2"
"SSP245",2296,"Ca",522.848736601639,"ppmv CO2"
"SSP245",2297,"Ca",522.399115174068,"ppmv CO2"
"SSP245",2298,"Ca",521.951470973259,"ppmv CO2"
"SSP245",2299,"Ca",521.505834073008,"ppmv CO2"
"SSP245",2300,"Ca",521.062232639037,"ppmv CO2"
"SSP245",1850,"Ftot",0.342759026289703,"W/m2"
"SSP245",1851,"Ftot",0.350098111398179,"W/m2"
"SSP245",1852,"Ftot",0.370119862020411,"W/m2"
"SSP245",1853,"Ftot",0.387205169816727,"W/m2"
"SSP245",1854,"Ftot",0.394292107486678,"W/m2"
"SSP245",1855,"Ftot",0.27088782859962,"W/m2"
"SSP245",1856,"Ftot",-0.186213405186818,"W/m2"
"SSP245",1857,"Ftot",-0.434669038624125,"W/m2"
"SSP245",1858,"Ftot",-0.119823041836269,"W/m2"
"SSP245",1859,"Ftot",0.205005061125198,"W/m2"
"SSP245",1860,"Ftot",0.325534106751617,"W/m2"
"SSP245",1861,"Ftot",0.319635570906573,"W/m2"
"SSP245",1862,"Ftot",0.237183749482628,"W/m2"
"SSP245",1863,"Ftot",0.253154614899428,"W/m2"
"SSP245",1864,"Ftot",0.340387616611361,"W/m2"
"SSP245",1865,"Ftot",0.386107532841228,"W/m2"
"SSP245",1866,"Ftot",0.411249364167669,"W/m2"
"SSP245",1867,"Ftot",0.421179434143404,"W/m2"
"SSP245",1868,"Ftot",0.4246314396114,"W/m2"
"SSP245",1869,"Ftot",0.418723097232148,"W/m2"
"SSP245",1870,"Ftot",0.416255661163285,"W/m2"
"SSP245",1871,"Ftot",0.420948374844812,"W/m2"
"SSP245",1872,"Ftot",0.409326508256772,"W/m2"
"SSP245",1873,"Ftot",0.395241309817448,"W/m2"
"SSP245",1874,"Ftot",0.409232960189019,"W/m2"
"SSP245",1875,"Ftot",0.4074508823765,"W/m2"
"SSP245",1876,"Ftot",0.367728725498206,"W/m2"
"SSP245",1877,"Ftot",0.36932873411027,"W/m2"
"SSP245",1878,"Ftot",0.406870113707705,"W/m2"
"SSP245",1879,"Ftot",0.42740518638919,"W/m2"
"SSP245",1880,"Ftot",0.438741774048239,"W/m2"
"SSP245",1881,"Ftot",0.452416055315728,"W/m2"
"SSP245",1882,"Ftot",0.342180312383244,"W/m2"
"SSP245",1883,"Ftot",-0.56804474188635,"W/m2"
"SSP245",1884,"Ftot",-1.29724235813446,"W/m2"
"SSP245",1885,"Ftot",-0.702892650522859,"W/m2"
"SSP245",1886,"Ftot",-0.203705325844111,"W/m2"
"SSP245",1887,"Ftot",-0.0788163097058818,"W/m2"
"SSP245",1888,"Ftot",0.0242379108435307,"W/m2"
"SSP245",1889,"Ftot",-0.0365810972905962,"W/m2"
"SSP245",1890,"Ftot",-0.0954724863704808,"W/m2"
"SSP245",1891,"Ftot",-0.0233092780329875,"W/m2"
"SSP245",1892,"Ftot",0.15386033237404,"W/m2"
"SSP245",1893,"Ftot",0.305842575091718,"W/m2"
"SSP245",1894,"Ftot",0.413899452068002,"W/m2"
"SSP245",1895,"Ftot",0.407807047617517,"W/m2"
"SSP245",1896,"Ftot",0.262976711518751,"W/m2"
"SSP245",1897,"Ftot",0.183939453284003,"W/m2"
"SSP245",1898,"Ftot",0.286096546381122,"W/m2"
"SSP245",1899,"Ftot",0.388246223257274,"W/m2"
"SSP245",1900,"Ftot",0.437370304038184,"W/m2"
"SSP245",1901,"Ftot",0.430476505700385,"W/m2"
"SSP245",1902,"Ftot",-0.0161488570369028,"W/m2"
"SSP245",1903,"Ftot",-0.416897987177693,"W/m2"
"SSP245",1904,"Ftot",-0.119699736024835,"W/m2"
"SSP245",1905,"Ftot",0.233927163686233,"W/m2"
"SSP245",1906,"Ftot",0.329824679827328,"W/m2"
"SSP245",1907,"Ftot",0.29092628344462,"W/m2"
"SSP245",1908,"Ftot",0.323175673682412,"W/m2"
"SSP245",1909,"Ftot",0.388469703239732,"W/m2"
"SSP245",1910,"Ftot",0.420321960556772,"W/m2"
"SSP245",1911,"Ftot",0.437760682088197,"W/m2"
"SSP245",1912,"Ftot",0.192159838851125,"W/m2"
"SSP245",1913,"Ftot",0.0766181623841571,"W/m2"
"SSP245",1914,"Ftot",0.316059284934933,"W/m2"
"SSP245",1915,"Ftot",0.430348330526722,"W/m2"
"SSP245",1916,"Ftot",0.441717949135907,"W/m2"
"SSP245",1917,"Ftot",0.447793143964085,"W/m2"
"SSP245",1918,"Ftot",0.463215934548267,"W/m2"
"SSP245",1919,"Ftot",0.505542871008609,"W/m2"
"SSP245",1920,"Ftot",0.404275744266661,"W/m2"
"SSP245",1921,"Ftot",0.442046689386546,"W/m2"
"SSP245",1922,"Ftot",0.52255915976048,"W/m2"
"SSP245",1923,"Ftot",0.510831921773167,"W/m2"
"SSP245",1924,"Ftot",0.507329485596213,"W/m2"
"SSP245",1925,"Ftot",0.51459171801052,"W/m2"
"SSP245",1926,"Ftot",0.527148201417729,"W/m2"
"SSP245",1927,"Ftot",0.518284413256955,"W/m2"
"SSP245",1928,"Ftot",0.477504686125302,"W/m2"
"SSP245",1929,"Ftot",0.41610693689888,"W/m2"
"SSP245",1930,"Ftot",0.47383055816771,"W/m2"
"SSP245",1931,"Ftot",0.547239437283919,"W/m2"
"SSP245",1932,"Ftot",0.56239710530075,"W/m2"
"SSP245",1933,"Ftot",0.563402649289561,"W/m2"
"SSP245",1934,"Ftot",0.584426661251928,"W/m2"
"SSP245",1935,"Ftot",0.577959761905581,"W/m2"
"SSP245",1936,"Ftot",0.578027272615211,"W/m2"
"SSP245",1937,"Ftot",0.562141517222283,"W/m2"
"SSP245",1938,"Ftot",0.581713353035952,"W/m2"
"SSP245",1939,"Ftot",0.569931912627852,"W/m2"
"SSP245",1940,"Ftot",0.569452105826811,"W/m2"
"SSP245",1941,"Ftot",0.576282494519458,"W/m2"
"SSP245",1942,"Ftot",0.553699157912077,"W/m2"
"SSP245",1943,"Ftot",0.556714470706686,"W/m2"
"SSP245",1944,"Ftot",0.59976278213411,"W/m2"
"SSP245",1945,"Ftot",0.668198402735908,"W/m2"
"SSP245",1946,"Ftot",0.694365984681144,"W/m2"
"SSP245",1947,"Ftot",0.655526050087008,"W/m2"
"SSP245",1948,"Ftot",0.654586375256033,"W/m2"
"SSP245",1949,"Ftot",0.668662266120375,"W/m2"
"SSP245",1950,"Ftot",0.644226581513713,"W/m2"
"SSP245",1951,"Ftot",0.6546719746064,"W/m2"
"SSP245",1952,"Ftot",0.662288929154624,"W/m2"
"SSP245",1953,"Ftot",0.670942273690159,"W/m2"
"SSP245",1954,"Ftot",0.702771573898207,"W/m2"
"SSP245",1955,"Ftot",0.716486792289239,"W/m2"
"SSP245",1956,"Ftot",0.727522413912722,"W/m2"
"SSP245",1957,"Ftot",0.748594356283327,"W/m2"
"SSP245",1958,"Ftot",0.790113335855632,"W/m2"
"SSP245",1959,"Ftot",0.799557468432975,"W/m2"
"SSP245",1960,"Ftot",0.742147326598062,"W/m2"
"SSP245",1961,"Ftot",0.592245881321991,"W/m2"
"SSP245",1962,"Ftot",0.546284573806163,"W/m2"
"SSP245",1963,"Ftot",0.0746486109083491,"W/m2"
"SSP245",1964,"Ftot",-0.261939208446628,"W/m2"
"SSP245",1965,"Ftot",0.0788408040651447,"W/m2"
"SSP245",1966,"Ftot",0.486661171669124,"W/m2"
"SSP245",1967,"Ftot",0.661498240586653,"W/m2"
"SSP245",1968,"Ftot",0.485543113434835,"W/m2"
"SSP245",1969,"Ftot",0.442929861706831,"W/m2"
"SSP245",1970,"Ftot",0.697260512629851,"W/m2"
"SSP245",1971,"Ftot",0.91811623586687,"W/m2"
"SSP245",1972,"Ftot",0.982354349148324,"W/m2"
"SSP245",1973,"Ftot",0.964010010532254,"W/m2"
"SSP245",1974,"Ftot",0.875452213594351,"W/m2"
"SSP245",1975,"Ftot",0.838678873365108,"W/m2"
"SSP245",1976,"Ftot",0.97821914905685,"W/m2"
"SSP245",1977,"Ftot",1.17781282325946,"W/m2"
"SSP245",1978,"Ftot",1.20939064335645,"W/m2"
"SSP245",1979,"Ftot",1.23323088842139,"W/m2"
"SSP245",1980,"Ftot",1.32860793354185,"W/m2"
"SSP245",1981,"Ftot",1.32535317643933,"W/m2"
"SSP245",1982,"Ftot",0.700643476427408,"W/m2"
"SSP245",1983,"Ftot",0.482129601465371,"W/m2"
"SSP245",1984,"Ftot",1.07850185040709,"W/m2"
"SSP245",1985,"Ftot",1.41874158154729,"W/m2"
"SSP245",1986,"Ftot",1.52983200861402,"W/m2"
"SSP245",1987,"Ftot",1.59614506426546,"W/m2"
"SSP245",1988,"Ftot",1.69535088477522,"W/m2"
"SSP245",1989,"Ftot",1.76595120480514,"W/m2"
"SSP245",1990,"Ftot",1.80968508439499,"W/m2"
"SSP245",1991,"Ftot",0.889363622983309,"W/m2"
"SSP245",1992,"Ftot",0.376776815165877,"W/m2"
"SSP245",1993,"Ftot",1.16159365193067,"W/m2"
"SSP245",1994,"Ftot",1.73878229838906,"W/m2"
"SSP245",1995,"Ftot",2.00427737036517,"W/m2"
"SSP245",1996,"Ftot",2.11337946962453,"W/m2"
"SSP245",1997,"Ftot",2.12864300813258,"W/m2"
"SSP245",1998,"Ftot",2.22718920625007,"W/m2"
"SSP245",1999,"Ftot",2.3553485777129,"W/m2"
"SSP245",2000,"Ftot",2.40400500552819,"W/m2"
"SSP245",2001,"Ftot",2.43985617810097,"W/m2"
"SSP245",2002,"Ftot",2.44042515678109,"W/m2"
"SSP245",2003,"Ftot",2.45097409143855,"W/m2"
"SSP245",2004,"Ftot",2.50274306480776,"W/m2"
"SSP245",2005,"Ftot",2.47949382771368,"W/m2"
"SSP245",2006,"Ftot",2.38772016497496,"W/m2"
"SSP245",2007,"Ftot",2.40582698256266,"W/m2"
"SSP245",2008,"Ftot",2.46418360584133,"W/m2"
"SSP245",2009,"Ftot",2.5256998171999,"W/m2"
"SSP245",2010,"Ftot",2.57821287987825,"W/m2"
"SSP245",2011,"Ftot",2.62131261300979,"W/m2"
"SSP245",2012,"Ftot",2.64915562830746,"W/m2"
"SSP245",2013,"Ftot",2.71008787791873,"W/m2"
"SSP245",2014,"Ftot",2.73632180244292,"W/m2"
"SSP245",2015,"Ftot",2.88504057953014,"W/m2"
"SSP245",2016,"Ftot",2.94203397264834,"W/m2"
"SSP245",2017,"Ftot",2.99794631193364,"W/m2"
"SSP245",2018,"Ftot",3.05384867673925,"W/m2"
"SSP245",2019,"Ftot",3.10979187181588,"W/m2"
"SSP245",2020,"Ftot",3.1658565821002,"W/m2"
"SSP245",2021,"Ftot",3.19903243617832,"W/m2"
"SSP245",2022,"Ftot",3.23177279648414,"W/m2"
"SSP245",2023,"Ftot",3.26407325114403,"W/m2"
"SSP245",2024,"Ftot",3.2959524970192,"W/m2"
"SSP245",2025,"Ftot",3.32743927963549,"W/m2"
"SSP245",2026,"Ftot",3.35856327509276,"W/m2"
"SSP245",2027,"Ftot",3.38935270946585,"W/m2"
"SSP245",2028,"Ftot",3.41983384459095,"W/m2"
"SSP245",2029,"Ftot",3.45003104787043,"W/m2"
"SSP245",2030,"Ftot",3.47996688493257,"W/m2"
"SSP245",2031,"Ftot",3.51735128622902,"W/m2"
"SSP245",2032,"Ftot",3.55401267991105,"W/m2"
"SSP245",2033,"Ftot",3.58986228754023,"W/m2"
"SSP245",2034,"Ftot",3.62497180892414,"W/m2"
"SSP245",2035,"Ftot",3.65927001277967,"W/m2"
"SSP245",2036,"Ftot",3.69316913132365,"W/m2"
"SSP245",2037,"Ftot",3.7264416519411,"W/m2"
"SSP245",2038,"Ftot",3.75913673378878,"W/m2"
"SSP245",2039,"Ftot",3.79132423794609,"W/m2"
"SSP245",2040,"Ftot",3.82305027592134,"W/m2"
"SSP245",2041,"Ftot",3.8548006225831,"W/m2"
"SSP245",2042,"Ftot",3.88589705589389,"W/m2"
"SSP245",2043,"Ftot",3.91622193156758,"W/m2"
"SSP245",2044,"Ftot",3.94582640272301,"W/m2"
"SSP245",2045,"Ftot",3.97475388993174,"W/m2"
"SSP245",2046,"Ftot",4.00304369517659,"W/m2"
"SSP245",2047,"Ftot",4.03073234853902,"W/m2"
"SSP245",2048,"Ftot",4.05785400389262,"W/m2"
"SSP245",2049,"Ftot",4.08444046597778,"W/m2"
"SSP245",2050,"Ftot",4.11052137942581,"W/m2"
"SSP245",2051,"Ftot",4.13213115789088,"W/m2"
"SSP245",2052,"Ftot",4.15307114697024,"W/m2"
"SSP245",2053,"Ftot",4.17319570472471,"W/m2"
"SSP245",2054,"Ftot",4.19254499071611,"W/m2"
"SSP245",2055,"Ftot",4.21115318491944,"W/m2"
"SSP245",2056,"Ftot",4.22901342547537,"W/m2"
"SSP245",2057,"Ftot",4.24624886649779,"W/m2"
"SSP245",2058,"Ftot",4.26284062437066,"W/m2"
"SSP245",2059,"Ftot",4.27877676163956,"W/m2"
"SSP245",2060,"Ftot",4.2941043918188,"W/m2"
"SSP245",2061,"Ftot",4.30593966393526,"W/m2"
"SSP245",2062,"Ftot",4.31743686725624,"W/m2"
"SSP245",2063,"Ftot",4.32856520327005,"W/m2"
"SSP245",2064,"Ftot",4.33931793041148,"W/m2"
"SSP245",2065,"Ftot",4.34969074933217,"W/m2"
"SSP245",2066,"Ftot",4.3596810673493,"W/m2"
"SSP245",2067,"Ftot",4.3692869598364,"W/m2"
"SSP245",2068,"Ftot",4.37850662021427,"W/m2"
"SSP245",2069,"Ftot",4.38733864870814,"W/m2"
"SSP245",2070,"Ftot",4.3957821773821,"W/m2"
"SSP245",2071,"Ftot",4.4038044485598,"W/m2"
"SSP245",2072,"Ftot",4.41110657074851,"W/m2"
"SSP245",2073,"Ftot",4.41747801476504,"W/m2"
"SSP245",2074,"Ftot",4.4229445869116,"W/m2"
"SSP245",2075,"Ftot",4.42752513256484,"W/m2"
"SSP245",2076,"Ftot",4.43123610172054,"W/m2"
"SSP245",2077,"Ftot",4.43417089407931,"W/m2"
"SSP245",2078,"Ftot",4.43615443767667,"W/m2"
"SSP245",2079,"Ftot",4.43738213104843,"W/m2"
"SSP245",2080,"Ftot",4.43777201284838,"W/m2"
"SSP245",2081,"Ftot",4.43936975779216,"W/m2"
"SSP245",2082,"Ftot",4.44028753962688,"W/m2"
"SSP245",2083,"Ftot",4.44040772643411,"W/m2"
"SSP245",2084,"Ftot",4.43973331551886,"W/m2"
"SSP245",2085,"Ftot",4.43825963734447,"W/m2"
"SSP245",2086,"Ftot",4.43598575595736,"W/m2"
"SSP245",2087,"Ftot",4.43291582219519,"W/m2"
"SSP245",2088,"Ftot",4.42905680800891,"W/m2"
"SSP245",2089,"Ftot",4.42441079116974,"W/m2"
"SSP245",2090,"Ftot",4.41897604898688,"W/m2"
"SSP245",2091,"Ftot",4.41169252124312,"W/m2"
"SSP245",2092,"Ftot",4.40386184569289,"W/m2"
"SSP245",2093,"Ftot",4.3957169792056,"W/m2"
"SSP245",2094,"Ftot",4.38724453549868,"W/m2"
"SSP245",2095,"Ftot",4.37843576117672,"W/m2"
"SSP245",2096,"Ftot",4.36928126803842,"W/m2"
"SSP245",2097,"Ftot",4.36006823621227,"W/m2"
"SSP245",2098,"Ftot",4.35015448786105,"W/m2"
"SSP245",2099,"Ftot",4.33984215869757,"W/m2"
"SSP245",2100,"Ftot",4.32921882927954,"W/m2"
"SSP245",2101,"Ftot",4.31897492496903,"W/m2"
"SSP245",2102,"Ftot",4.30869151407159,"W/m2"
"SSP245",2103,"Ftot",4.29889058684504,"W/m2"
"SSP245",2104,"Ftot",4.28954417463407,"W/m2"
"SSP245",2105,"Ftot",4.28061278381119,"W/m2"
"SSP245",2106,"Ftot",4.2721041082144,"W/m2"
"SSP245",2107,"Ftot",4.26403305876409,"W/m2"
"SSP245",2108,"Ftot",4.25637738453247,"W/m2"
"SSP245",2109,"Ftot",4.24911286534102,"W/m2"
"SSP245",2110,"Ftot",4.24223893524533,"W/m2"
"SSP245",2111,"Ftot",4.23575151613045,"W/m2"
"SSP245",2112,"Ftot",4.22963045576279,"W/m2"
"SSP245",2113,"Ftot",4.22386098248407,"W/m2"
"SSP245",2114,"Ftot",4.21843906390075,"W/m2"
"SSP245",2115,"Ftot",4.21335541932139,"W/m2"
"SSP245",2116,"Ftot",4.20859588676404,"W/m2"
"SSP245",2117,"Ftot",4.20415181110192,"W/m2"
"SSP245",2118,"Ftot",4.20001680687656,"W/m2"
"SSP245",2119,"Ftot",4.19617995712967,"W/m2"
"SSP245",2120,"Ftot",4.19262857804591,"W/m2"
"SSP245",2121,"Ftot",4.18935355136056,"W/m2"
"SSP245",2122,"Ftot",4.18634710634795,"W/m2"
"SSP245",2123,"Ftot",4.18359917493552,"W/m2"
"SSP245",2124,"Ftot",4.18110024933111,"W/m2"
"SSP245",2125,"Ftot",4.17884253972956,"W/m2"
"SSP245",2126,"Ftot",4.17681799134229,"W/m2"
"SSP245",2127,"Ftot",4.17501773475163,"W/m2"
"SSP245",2128,"Ftot",4.17343341876582,"W/m2"
"SSP245",2129,"Ftot",4.17205775888394,"W/m2"
"SSP245",2130,"Ftot",4.17088341200846,"W/m2"
"SSP245",2131,"Ftot",4.16990279541954,"W/m2"
"SSP245",2132,"Ftot",4.16910906332796,"W/m2"
"SSP245",2133,"Ftot",4.16849624940695,"W/m2"
"SSP245",2134,"Ftot",4.16805787571985,"W/m2"
"SSP245",2135,"Ftot",4.16778697554888,"W/m2"
"SSP245",2136,"Ftot",4.16767700555604,"W/m2"
"SSP245",2137,"Ftot",4.16772185629894,"W/m2"
"SSP245",2138,"Ftot",4.16791540943671,"W/m2"
"SSP245",2139,"Ftot",4.16825180480311,"W/m2"
"SSP245",2140,"Ftot",4.16872555012415,"W/m2"
"SSP245",2141,"Ftot",4.16933147610477,"W/m2"
"SSP245",2142,"Ftot",4.1700643838378,"W/m2"
"SSP245",2143,"Ftot",4.17091933739524,"W/m2"
"SSP245",2144,"Ftot",4.17189164444729,"W/m2"
"SSP245",2145,"Ftot",4.17297671719347,"W/m2"
"SSP245",2146,"Ftot",4.17417022473681,"W/m2"
"SSP245",2147,"Ftot",4.17546796691016,"W/m2"
"SSP245",2148,"Ftot",4.17686564132478,"W/m2"
"SSP245",2149,"Ftot",4.17835872087359,"W/m2"
"SSP245",2150,"Ftot",4.17994280114356,"W/m2"
"SSP245",2151,"Ftot",4.18161402667105,"W/m2"
"SSP245",2152,"Ftot",4.18325195177148,"W/m2"
"SSP245",2153,"Ftot",4.18474794408841,"W/m2"
"SSP245",2154,"Ftot",4.18610753698667,"W/m2"
"SSP245",2155,"Ftot",4.18733133340235,"W/m2"
"SSP245",2156,"Ftot",4.18842216319786,"W/m2"
"SSP245",2157,"Ftot",4.18938402469828,"W/m2"
"SSP245",2158,"Ftot",4.19021905295852,"W/m2"
"SSP245",2159,"Ftot",4.19092880520421,"W/m2"
"SSP245",2160,"Ftot",4.19151597823818,"W/m2"
"SSP245",2161,"Ftot",4.19198321245065,"W/m2"
"SSP245",2162,"Ftot",4.19233202452091,"W/m2"
"SSP245",2163,"Ftot",4.19256403122859,"W/m2"
"SSP245",2164,"Ftot",4.19268182320732,"W/m2"
"SSP245",2165,"Ftot",4.19268858851456,"W/m2"
"SSP245",2166,"Ftot",4.19258708563511,"W/m2"
"SSP245",2167,"Ftot",4.19238265929412,"W/m2"
"SSP245",2168,"Ftot",4.19208191029043,"W/m2"
"SSP245",2169,"Ftot",4.19168788374698,"W/m2"
"SSP245",2170,"Ftot",4.19120054113293,"W/m2"
"SSP245",2171,"Ftot",4.19061935396774,"W/m2"
"SSP245",2172,"Ftot",4.18994546440284,"W/m2"
"SSP245",2173,"Ftot",4.18918033832812,"W/m2"
"SSP245",2174,"Ftot",4.18832393425327,"W/m2"
"SSP245",2175,"Ftot",4.18737532095751,"W/m2"
"SSP245",2176,"Ftot",4.18633377807045,"W/m2"
"SSP245",2177,"Ftot",4.18519920274118,"W/m2"
"SSP245",2178,"Ftot",4.18397242290947,"W/m2"
"SSP245",2179,"Ftot",4.18265463835439,"W/m2"
"SSP245",2180,"Ftot",4.18124617228195,"W/m2"
"SSP245",2181,"Ftot",4.17974632457362,"W/m2"
"SSP245",2182,"Ftot",4.17815470289459,"W/m2"
"SSP245",2183,"Ftot",4.17647122668654,"W/m2"
"SSP245",2184,"Ftot",4.17469556144507,"W/m2"
"SSP245",2185,"Ftot",4.17282775783481,"W/m2"
"SSP245",2186,"Ftot",4.17087177821565,"W/m2"
"SSP245",2187,"Ftot",4.16883215685886,"W/m2"
"SSP245",2188,"Ftot",4.16670887367619,"W/m2"
"SSP245",2189,"Ftot",4.1645000024518,"W/m2"
"SSP245",2190,"Ftot",4.16220379622203,"W/m2"
"SSP245",2191,"Ftot",4.15981888808776,"W/m2"
"SSP245",2192,"Ftot",4.15734402459262,"W/m2"
"SSP245",2193,"Ftot",4.15477819824525,"W/m2"
"SSP245",2194,"Ftot",4.1521206731875,"W/m2"
"SSP245",2195,"Ftot",4.14937644706695,"W/m2"
"SSP245",2196,"Ftot",4.14655257318583,"W/m2"
"SSP245",2197,"Ftot",4.14364975947565,"W/m2"
"SSP245",2198,"Ftot",4.1406650560279,"W/m2"
"SSP245",2199,"Ftot",4.13759500780267,"W/m2"
"SSP245",2200,"Ftot",4.13443675774636,"W/m2"
"SSP245",2201,"Ftot",4.13118847945558,"W/m2"
"SSP245",2202,"Ftot",4.12784861830101,"W/m2"
"SSP245",2203,"Ftot",4.12441551779258,"W/m2"
"SSP245",2204,"Ftot",4.12088788781076,"W/m2"
"SSP245",2205,"Ftot",4.11726484512364,"W/m2"
"SSP245",2206,"Ftot",4.11354599433374,"W/m2"
"SSP245",2207,"Ftot",4.10973121525722,"W/m2"
"SSP245",2208,"Ftot",4.10582034243285,"W/m2"
"SSP245",2209,"Ftot",4.10181362072918,"W/m2"
"SSP245",2210,"Ftot",4.09771201055397,"W/m2"
"SSP245",2211,"Ftot",4.0935163465128,"W/m2"
"SSP245",2212,"Ftot",4.08922710719214,"W/m2"
"SSP245",2213,"Ftot",4.08484451693519,"W/m2"
"SSP245",2214,"Ftot",4.08036866671346,"W/m2"
"SSP245",2215,"Ftot",4.07579961211874,"W/m2"
"SSP245",2216,"Ftot",4.07113748734506,"W/m2"
"SSP245",2217,"Ftot",4.06638229202381,"W/m2"
"SSP245",2218,"Ftot",4.06153410572606,"W/m2"
"SSP245",2219,"Ftot",4.05659237582617,"W/m2"
"SSP245",2220,"Ftot",4.05155658892994,"W/m2"
"SSP245",2221,"Ftot",4.04642631560686,"W/m2"
"SSP245",2222,"Ftot",4.04120116282246,"W/m2"
"SSP245",2223,"Ftot",4.03588076837133,"W/m2"
"SSP245",2224,"Ftot",4.03046479280975,"W/m2"
"SSP245",2225,"Ftot",4.02495303697339,"W/m2"
"SSP245",2226,"Ftot",4.01934541036469,"W/m2"
"SSP245",2227,"Ftot",4.01364190353135,"W/m2"
"SSP245",2228,"Ftot",4.00784256695499,"W/m2"
"SSP245",2229,"Ftot",4.00194749197393,"W/m2"
"SSP245",2230,"Ftot",3.995956802145,"W/m2"
"SSP245",2231,"Ftot",3.98987064916236,"W/m2"
"SSP245",2232,"Ftot",3.9836892055702,"W/m2"
"SSP245",2233,"Ftot",3.9774126585414,"W/m2"
"SSP245",2234,"Ftot",3.97104120795331,"W/m2"
"SSP245",2235,"Ftot",3.96457501992386,"W/m2"
"SSP245",2236,"Ftot",3.95801423650187,"W/m2"
"SSP245",2237,"Ftot",3.95135898754387,"W/m2"
"SSP245",2238,"Ftot",3.94460939820045,"W/m2"
"SSP245",2239,"Ftot",3.93776559411918,"W/m2"
"SSP245",2240,"Ftot",3.93082770183185,"W/m2"
"SSP245",2241,"Ftot",3.9237958502845,"W/m2"
"SSP245",2242,"Ftot",3.91667017225759,"W/m2"
"SSP245",2243,"Ftot",3.90945080463748,"W/m2"
"SSP245",2244,"Ftot",3.90213788804943,"W/m2"
"SSP245",2245,"Ftot",3.89473156398554,"W/m2"
"SSP245",2246,"Ftot",3.88723197669813,"W/m2"
"SSP245",2247,"Ftot",3.87963927533409,"W/m2"
"SSP245",2248,"Ftot",3.87195361497207,"W/m2"
"SSP245",2249,"Ftot",3.86417515721405,"W/m2"
"SSP245",2250,"Ftot",3.85630407035047,"W/m2"
"SSP245",2251,"Ftot",3.84762173335326,"W/m2"
"SSP245",2252,"Ftot",3.8391896167432,"W/m2"
"SSP245",2253,"Ftot",3.8310296210654,"W/m2"
"SSP245",2254,"Ftot",3.82311372088736,"W/m2"
"SSP245",2255,"Ftot",3.81542018093614,"W/m2"
"SSP245",2256,"Ftot",3.80792859783867,"W/m2"
"SSP245",2257,"Ftot",3.80062017319679,"W/m2"
"SSP245",2258,"Ftot",3.79347881876526,"W/m2"
"SSP245",2259,"Ftot",3.78649021329045,"W/m2"
"SSP245",2260,"Ftot",3.77964085809853,"W/m2"
"SSP245",2261,"Ftot",3.77291857845811,"W/m2"
"SSP245",2262,"Ftot",3.76631279472473,"W/m2"
"SSP245",2263,"Ftot",3.75981386830503,"W/m2"
"SSP245",2264,"Ftot",3.75341282080516,"W/m2"
"SSP245",2265,"Ftot",3.74710167281073,"W/m2"
"SSP245",2266,"Ftot",3.74087340096173,"W/m2"
"SSP245",2267,"Ftot",3.73472155667137,"W/m2"
"SSP245",2268,"Ftot",3.72864021971012,"W/m2"
"SSP245",2269,"Ftot",3.72262414209707,"W/m2"
"SSP245",2270,"Ftot",3.71666863541339,"W/m2"
"SSP245",2271,"Ftot",3.71076938456285,"W/m2"
"SSP245",2272,"Ftot",3.70492246690755,"W/m2"
"SSP245",2273,"Ftot",3.69912439513459,"W/m2"
"SSP245",2274,"Ftot",3.69337201985731,"W/m2"
"SSP245",2275,"Ftot",3.68766244902523,"W/m2"
"SSP245",2276,"Ftot",3.68199307178949,"W/m2"
"SSP245",2277,"Ftot",3.67636155919554,"W/m2"
"SSP245",2278,"Ftot",3.67076580147774,"W/m2"
"SSP245",2279,"Ftot",3.66520387767267,"W/m2"
"SSP245",2280,"Ftot",3.65967406746539,"W/m2"
"SSP245",2281,"Ftot",3.65417483557284,"W/m2"
"SSP245",2282,"Ftot",3.64870479540774,"W/m2"
"SSP245",2283,"Ftot",3.64326269720959,"W/m2"
"SSP245",2284,"Ftot",3.6378474304449,"W/m2"
"SSP245",2285,"Ftot",3.63245812244897,"W/m2"
"SSP245",2286,"Ftot",3.6270945561651,"W/m2"
"SSP245",2287,"Ftot",3.6217565364487,"W/m2"
"SSP245",2288,"Ftot",3.6164439168181,"W/m2"
"SSP245",2289,"Ftot",3.61115659030363,"W/m2"
"SSP245",2290,"Ftot",3.60589447194894,"W/m2"
"SSP245",2291,"Ftot",3.60065749858331,"W/m2"
"SSP245",2292,"Ftot",3.59544563222985,"W/m2"
"SSP245",2293,"Ftot",3.59025885244727,"W/m2"
"SSP245",2294,"Ftot",3.58509714891733,"W/m2"
"SSP245",2295,"Ftot",3.57996052251514,"W/m2"
"SSP245",2296,"Ftot",3.57484898551023,"W/m2"
"SSP245",2297,"Ftot",3.56976255653403,"W/m2"
"SSP245",2298,"Ftot",3.56470125752293,"W/m2"
"SSP245",2299,"Ftot",3.55966511451253,"W/m2"
"SSP245",2300,"Ftot",3.55465415686234,"W/m2"
"SSP245",1850,"Tgav",0.11714020702554,"degC"
"SSP245",1851,"Tgav",0.122124591991989,"degC"
"SSP245",1852,"Tgav",0.128571608166981,"degC"
"SSP245",1853,"Tgav",0.135822647639025,"degC"
"SSP245",1854,"Tgav",0.142684329246122,"degC"
"SSP245",1855,"Tgav",0.137851332844833,"degC"
"SSP245",1856,"Tgav",0.0943666666554113,"degC"
"SSP245",1857,"Tgav",0.0377118072679191,"degC"
"SSP245",1858,"Tgav",0.02237900608797,"degC"
"SSP245",1859,"Tgav",0.0423519732660814,"degC"
"SSP245",1860,"Tgav",0.0689569846447355,"degC"
"SSP245",1861,"Tgav",0.087541782287272,"degC"
"SSP245",1862,"Tgav",0.0933487345894605,"degC"
"SSP245",1863,"Tgav",0.0983746276212696,"degC"
"SSP245",1864,"Tgav",0.110313073392515,"degC"
"SSP245",1865,"Tgav",0.124250005402407,"degC"
"SSP245",1866,"Tgav",0.137358996486239,"degC"
"SSP245",1867,"Tgav",0.148512745642835,"degC"
"SSP245",1868,"Tgav",0.157691887239198,"degC"
"SSP245",1869,"Tgav",0.164665220945669,"degC"
"SSP245",1870,"Tgav",0.170282744087937,"degC"
"SSP245",1871,"Tgav",0.175573356390908,"degC"
"SSP245",1872,"Tgav",0.179243893534166,"degC"
"SSP245",1873,"Tgav",0.181311346464658,"degC"
"SSP245",1874,"Tgav",0.184600173644304,"degC"
"SSP245",1875,"Tgav",0.187633750257234,"degC"
"SSP245",1876,"Tgav",0.186948249780991,"degC"
"SSP245",1877,"Tgav",0.18675495272082,"degC"
"SSP245",1878,"Tgav",0.190445548830516,"degC"
"SSP245",1879,"Tgav",0.19570843987078,"degC"
"SSP245",1880,"Tgav",0.20105931922921,"degC"
"SSP245",1881,"Tgav",0.206631970142871,"degC"
"SSP245",1882,"Tgav",0.201718544316888,"degC"
"SSP245",1883,"Tgav",0.118752424310098,"degC"
"SSP245",1884,"Tgav",-0.0129312040525703,"degC"
"SSP245",1885,"Tgav",-0.0630875812986548,"degC"
"SSP245",1886,"Tgav",-0.0510714836184401,"degC"
"SSP245",1887,"Tgav",-0.0305454922791917,"degC"
"SSP245",1888,"Tgav",-0.00929031401531195,"degC"
"SSP245",1889,"Tgav",-0.000421327201755684,"degC"
"SSP245",1890,"Tgav",-0.00106123718697597,"degC"
"SSP245",1891,"Tgav",0.00353749049250792,"degC"
"SSP245",1892,"Tgav",0.0225353435522128,"degC"
"SSP245",1893,"Tgav",0.0507149532977525,"degC"
"SSP245",1894,"Tgav",0.081534063854569,"degC"
"SSP245",1895,"Tgav",0.104354494714902,"degC"
"SSP245",1896,"Tgav",0.108730970707631,"degC"
"SSP245",1897,"Tgav",0.104542548266725,"degC"
"SSP245",1898,"Tgav",0.110740614156632,"degC"
"SSP245",1899,"Tgav",0.125978146795023,"degC"
"SSP245",1900,"Tgav",0.142726593501734,"degC"
"SSP245",1901,"Tgav",0.155203351559551,"degC"
"SSP245",1902,"Tgav",0.126188721769284,"degC"
"SSP245",1903,"Tgav",0.0669092682069369,"degC"
"SSP245",1904,"Tgav",0.0469595540147849,"degC"
"SSP245",1905,"Tgav",0.0665053849013008,"degC"
"SSP245",1906,"Tgav",0.091223688393483,"degC"
"SSP245",1907,"Tgav",0.105395394222376,"degC"
"SSP245",1908,"Tgav",0.117671435531606,"degC"
"SSP245",1909,"Tgav",0.132813674127005,"degC"
"SSP245",1910,"Tgav",0.147589362337198,"degC"
"SSP245",1911,"Tgav",0.160599339695503,"degC"
"SSP245",1912,"Tgav",0.149591399975894,"degC"
"SSP245",1913,"Tgav",0.129943767917993,"degC"
"SSP245",1914,"Tgav",0.136325578546449,"degC"
"SSP245",1915,"Tgav",0.153734460891851,"degC"
"SSP245",1916,"Tgav",0.168242196976542,"degC"
"SSP245",1917,"Tgav",0.179467693932731,"degC"
"SSP245",1918,"Tgav",0.1894919085741,"degC"
"SSP245",1919,"Tgav",0.201241323139732,"degC"
"SSP245",1920,"Tgav",0.202130562263361,"degC"
"SSP245",1921,"Tgav",0.205766032901413,"degC"
"SSP245",1922,"Tgav",0.216653793199167,"degC"
"SSP245",1923,"Tgav",0.224960557809713,"degC"
"SSP245",1924,"Tgav",0.231107080289305,"degC"
"SSP245",1925,"Tgav",0.236885549355951,"degC"
"SSP245",1926,"Tgav",0.242978427909548,"degC"
"SSP245",1927,"Tgav",0.247464845704717,"degC"
"SSP245",1928,"Tgav",0.247786759862206,"degC"
"SSP245",1929,"Tgav",0.242999988552329,"degC"
"SSP245",1930,"Tgav",0.244608660370308,"degC"
"SSP245",1931,"Tgav",0.253304209959151,"degC"
"SSP245",1932,"Tgav",0.261977502953581,"degC"
"SSP245",1933,"Tgav",0.268821047500803,"degC"
"SSP245",1934,"Tgav",0.276112653115062,"degC"
"SSP245",1935,"Tgav",0.281646504579319,"degC"
"SSP245",1936,"Tgav",0.286207567899421,"degC"
"SSP245",1937,"Tgav",0.288799560705514,"degC"
"SSP245",1938,"Tgav",0.292858970364679,"degC"
"SSP245",1939,"Tgav",0.295609016052349,"degC"
"SSP245",1940,"Tgav",0.297994430718301,"degC"
"SSP245",1941,"Tgav",0.300878735860811,"degC"
"SSP245",1942,"Tgav",0.301609338431612,"degC"
"SSP245",1943,"Tgav",0.302666336513157,"degC"
"SSP245",1944,"Tgav",0.30769087247283,"degC"
"SSP245",1945,"Tgav",0.318111955661879,"degC"
"SSP245",1946,"Tgav",0.328972752484812,"degC"
"SSP245",1947,"Tgav",0.334137897141224,"degC"
"SSP245",1948,"Tgav",0.337985586895313,"degC"
"SSP245",1949,"Tgav",0.342713167132939,"degC"
"SSP245",1950,"Tgav",0.344827195432693,"degC"
"SSP245",1951,"Tgav",0.347627647819339,"degC"
"SSP245",1952,"Tgav",0.351048666485208,"degC"
"SSP245",1953,"Tgav",0.354894657867092,"degC"
"SSP245",1954,"Tgav",0.361041422157275,"degC"
"SSP245",1955,"Tgav",0.367509715579614,"degC"
"SSP245",1956,"Tgav",0.373781916046655,"degC"
"SSP245",1957,"Tgav",0.38081436461706,"degC"
"SSP245",1958,"Tgav",0.390306664453017,"degC"
"SSP245",1959,"Tgav",0.399022696688795,"degC"
"SSP245",1960,"Tgav",0.401086123354408,"degC"
"SSP245",1961,"Tgav",0.389756555292747,"degC"
"SSP245",1962,"Tgav",0.376891236204645,"degC"
"SSP245",1963,"Tgav",0.327068737716739,"degC"
"SSP245",1964,"Tgav",0.257506832436133,"degC"
"SSP245",1965,"Tgav",0.233704103450774,"degC"
"SSP245",1966,"Tgav",0.254564213366453,"degC"
"SSP245",1967,"Tgav",0.286696611458364,"degC"
"SSP245",1968,"Tgav",0.294409596612496,"degC"
"SSP245",1969,"Tgav",0.293595640143591,"degC"
"SSP245",1970,"Tgav",0.314738336973717,"degC"
"SSP245",1971,"Tgav",0.35182392896324,"degC"
"SSP245",1972,"Tgav",0.386252081632022,"degC"
"SSP245",1973,"Tgav",0.410477532453223,"degC"
"SSP245",1974,"Tgav",0.421138790462671,"degC"
"SSP245",1975,"Tgav",0.426202486132393,"degC"
"SSP245",1976,"Tgav",0.443136916163962,"degC"
"SSP245",1977,"Tgav",0.47541319290107,"degC"
"SSP245",1978,"Tgav",0.504516520021214,"degC"
"SSP245",1979,"Tgav",0.529043313134517,"degC"
"SSP245",1980,"Tgav",0.556889665370549,"degC"
"SSP245",1981,"Tgav",0.5795293739467,"degC"
"SSP245",1982,"Tgav",0.543632011182236,"degC"
"SSP245",1983,"Tgav",0.494516172173302,"degC"
"SSP245",1984,"Tgav",0.510910819768454,"degC"
"SSP245",1985,"Tgav",0.559238014204943,"degC"
"SSP245",1986,"Tgav",0.606632325915374,"degC"
"SSP245",1987,"Tgav",0.647966574380365,"degC"
"SSP245",1988,"Tgav",0.688464127949688,"degC"
"SSP245",1989,"Tgav",0.726874087026284,"degC"
"SSP245",1990,"Tgav",0.761473113810311,"degC"
"SSP245",1991,"Tgav",0.70986366460367,"degC"
"SSP245",1992,"Tgav",0.621683527877757,"degC"
"SSP245",1993,"Tgav",0.624217097066584,"degC"
"SSP245",1994,"Tgav",0.685445827634919,"degC"
"SSP245",1995,"Tgav",0.757287796980018,"degC"
"SSP245",1996,"Tgav",0.820859268399942,"degC"
"SSP245",1997,"Tgav",0.870437882786596,"degC"
"SSP245",1998,"Tgav",0.917432294940021,"degC"
"SSP245",1999,"Tgav",0.966674218118192,"degC"
"SSP245",2000,"Tgav",1.01111536648202,"degC"
"SSP245",2001,"Tgav",1.05031602918777,"degC"
"SSP245",2002,"Tgav",1.08280244505693,"degC"
"SSP245",2003,"Tgav",1.11102583173426,"degC"
"SSP245",2004,"Tgav",1.13983917491282,"degC"
"SSP245",2005,"Tgav",1.16286952944692,"degC"
"SSP245",2006,"Tgav",1.17485181890079,"degC"
"SSP245",2007,"Tgav",1.18764179517173,"degC"
"SSP245",2008,"Tgav",1.20548550007239,"degC"
"SSP245",2009,"Tgav",1.22724725855964,"degC"
"SSP245",2010,"Tgav",1.25085596026664,"degC"
"SSP245",2011,"Tgav",1.2748399889174,"degC"
"SSP245",2012,"Tgav",1.29771502349794,"degC"
"SSP245",2013,"Tgav",1.32255190173927,"degC"
"SSP245",2014,"Tgav",1.34618179498788,"degC"
"SSP245",2015,"Tgav",1.37916874584737,"degC"
"SSP245",2016,"Tgav",1.41228152995606,"degC"
"SSP245",2017,"Tgav",1.44438540527643,"degC"
"SSP245",2018,"Tgav",1.47601165666157,"degC"
"SSP245",2019,"Tgav",1.50743172479095,"degC"
"SSP245",2020,"Tgav",1.53879473648252,"degC"
"SSP245",2021,"Tgav",1.56819317044645,"degC"
"SSP245",2022,"Tgav",1.59594785829209,"degC"
"SSP245",2023,"Tgav",1.62252663144968,"degC"
"SSP245",2024,"Tgav",1.64820899903457,"degC"
"SSP245",2025,"Tgav",1.67317635730074,"degC"
"SSP245",2026,"Tgav",1.69755399542555,"degC"
"SSP245",2027,"Tgav",1.72143270855434,"degC"
"SSP245",2028,"Tgav",1.74488088244963,"degC"
"SSP245",2029,"Tgav",1.76795170807588,"degC"
"SSP245",2030,"Tgav",1.79068770420743,"degC"
"SSP245",2031,"Tgav",1.8137892896038,"degC"
"SSP245",2032,"Tgav",1.83713525213492,"degC"
"SSP245",2033,"Tgav",1.86054452850261,"degC"
"SSP245",2034,"Tgav",1.88391287165146,"degC"
"SSP245",2035,"Tgav",1.90716715057206,"degC"
"SSP245",2036,"Tgav",1.93029143501221,"degC"
"SSP245",2037,"Tgav",1.95325852271277,"degC"
"SSP245",2038,"Tgav",1.97604917560334,"degC"
"SSP245",2039,"Tgav",1.99865524240342,"degC"
"SSP245",2040,"Tgav",2.02107436350134,"degC"
"SSP245",2041,"Tgav",2.04334616180963,"degC"
"SSP245",2042,"Tgav",2.06544446725137,"degC"
"SSP245",2043,"Tgav",2.08733222437777,"degC"
"SSP245",2044,"Tgav",2.10898656218299,"degC"
"SSP245",2045,"Tgav",2.13039478181602,"degC"
"SSP245",2046,"Tgav",2.15155034237993,"degC"
"SSP245",2047,"Tgav",2.17245072414825,"degC"
"SSP245",2048,"Tgav",2.19309615162689,"degC"
"SSP245",2049,"Tgav",2.21348875333499,"degC"
"SSP245",2050,"Tgav",2.23363199177701,"degC"
"SSP245",2051,"Tgav",2.25318457928688,"degC"
"SSP245",2052,"Tgav",2.27218819613569,"degC"
"SSP245",2053,"Tgav",2.29070093500784,"degC"
"SSP245",2054,"Tgav",2.30875660879302,"degC"
"SSP245",2055,"Tgav",2.32637893688929,"degC"
"SSP245",2056,"Tgav",2.34358270700754,"degC"
"SSP245",2057,"Tgav",2.36038803136693,"degC"
"SSP245",2058,"Tgav",2.37680840407674,"degC"
"SSP245",2059,"Tgav",2.39285182557613,"degC"
"SSP245",2060,"Tgav",2.40852791643029,"degC"
"SSP245",2061,"Tgav",2.42359444227603,"degC"
"SSP245",2062,"Tgav",2.43812018574924,"degC"
"SSP245",2063,"Tgav",2.45218604336902,"degC"
"SSP245",2064,"Tgav",2.46584229546604,"degC"
"SSP245",2065,"Tgav",2.47912286410556,"degC"
"SSP245",2066,"Tgav",2.49205197669943,"degC"
"SSP245",2067,"Tgav",2.5046476734172,"degC"
"SSP245",2068,"Tgav",2.51692379526811,"degC"
"SSP245",2069,"Tgav",2.52889123641363,"degC"
"SSP245",2070,"Tgav",2.5405587766841,"degC"
"SSP245",2071,"Tgav",2.55193084218461,"degC"
"SSP245",2072,"Tgav",2.5629852694854,"degC"
"SSP245",2073,"Tgav",2.5736855764393,"degC"
"SSP245",2074,"Tgav",2.58400632584425,"degC"
"SSP245",2075,"Tgav",2.59393114761229,"degC"
"SSP245",2076,"Tgav",2.6034490713788,"degC"
"SSP245",2077,"Tgav",2.6125594004894,"degC"
"SSP245",2078,"Tgav",2.62124635993491,"degC"
"SSP245",2079,"Tgav",2.62951262907083,"degC"
"SSP245",2080,"Tgav",2.63735436006743,"degC"
"SSP245",2081,"Tgav",2.64494393497431,"degC"
"SSP245",2082,"Tgav",2.65226255494903,"degC"
"SSP245",2083,"Tgav",2.65926533329418,"degC"
"SSP245",2084,"Tgav",2.66592322092906,"degC"
"SSP245",2085,"Tgav",2.67221637645059,"degC"
"SSP245",2086,"Tgav",2.67813044204545,"degC"
"SSP245",2087,"Tgav",2.6836549453651,"degC"
"SSP245",2088,"Tgav",2.68878228596277,"degC"
"SSP245",2089,"Tgav",2.6935064584635,"degC"
"SSP245",2090,"Tgav",2.69782222343329,"degC"
"SSP245",2091,"Tgav",2.70163327433091,"degC"
"SSP245",2092,"Tgav",2.70497127753686,"degC"
"SSP245",2093,"Tgav",2.70789248886669,"degC"
"SSP245",2094,"Tgav",2.71043533621212,"degC"
"SSP245",2095,"Tgav",2.71262545389576,"degC"
"SSP245",2096,"Tgav",2.71448071871698,"degC"
"SSP245",2097,"Tgav",2.71603960678375,"degC"
"SSP245",2098,"Tgav",2.71727819500461,"degC"
"SSP245",2099,"Tgav",2.71819962623414,"degC"
"SSP245",2100,"Tgav",2.7188186785733,"degC"
"SSP245",2101,"Tgav",2.71920695310318,"degC"
"SSP245",2102,"Tgav",2.71938731470693,"degC"
"SSP245",2103,"Tgav",2.7194174419481,"degC"
"SSP245",2104,"Tgav",2.71934413952005,"degC"
"SSP245",2105,"Tgav",2.71919900852614,"degC"
"SSP245",2106,"Tgav",2.71900771975586,"degC"
"SSP245",2107,"Tgav",2.7187930249968,"degC"
"SSP245",2108,"Tgav",2.71857230811599,"degC"
"SSP245",2109,"Tgav",2.71835839216765,"degC"
"SSP245",2110,"Tgav",2.71816273519957,"degC"
"SSP245",2111,"Tgav",2.71799556616735,"degC"
"SSP245",2112,"Tgav",2.71786457719096,"degC"
"SSP245",2113,"Tgav",2.71777576802603,"degC"
"SSP245",2114,"Tgav",2.71773476848652,"degC"
"SSP245",2115,"Tgav",2.71774643600883,"degC"
"SSP245",2116,"Tgav",2.71781443932524,"degC"
"SSP245",2117,"Tgav",2.71794190188144,"degC"
"SSP245",2118,"Tgav",2.71813170179051,"degC"
"SSP245",2119,"Tgav",2.71838605913677,"degC"
"SSP245",2120,"Tgav",2.71870642367763,"degC"
"SSP245",2121,"Tgav",2.71909390242437,"degC"
"SSP245",2122,"Tgav",2.71954943013553,"degC"
"SSP245",2123,"Tgav",2.72007355055414,"degC"
"SSP245",2124,"Tgav",2.72066647931044,"degC"
"SSP245",2125,"Tgav",2.72132829039637,"degC"
"SSP245",2126,"Tgav",2.72205889119711,"degC"
"SSP245",2127,"Tgav",2.72285793951711,"degC"
"SSP245",2128,"Tgav",2.72372490132748,"degC"
"SSP245",2129,"Tgav",2.72465915797201,"degC"
"SSP245",2130,"Tgav",2.72565999245518,"degC"
"SSP245",2131,"Tgav",2.72672655487834,"degC"
"SSP245",2132,"Tgav",2.72785792531484,"degC"
"SSP245",2133,"Tgav",2.72905318452398,"degC"
"SSP245",2134,"Tgav",2.73031134709039,"degC"
"SSP245",2135,"Tgav",2.73163130374542,"degC"
"SSP245",2136,"Tgav",2.7330118634505,"degC"
"SSP245",2137,"Tgav",2.7344517952622,"degC"
"SSP245",2138,"Tgav",2.73594981985258,"degC"
"SSP245",2139,"Tgav",2.73750462328228,"degC"
"SSP245",2140,"Tgav",2.73911488134926,"degC"
"SSP245",2141,"Tgav",2.7407792755127,"degC"
"SSP245",2142,"Tgav",2.74249647473665,"degC"
"SSP245",2143,"Tgav",2.74426514580223,"degC"
"SSP245",2144,"Tgav",2.74608396390289,"degC"
"SSP245",2145,"Tgav",2.74795160878815,"degC"
"SSP245",2146,"Tgav",2.74986677483343,"degC"
"SSP245",2147,"Tgav",2.75182817013986,"degC"
"SSP245",2148,"Tgav",2.75383449517956,"degC"
"SSP245",2149,"Tgav",2.75588441543886,"degC"
"SSP245",2150,"Tgav",2.75797657141092,"degC"
"SSP245",2151,"Tgav",2.76010962653784,"degC"
"SSP245",2152,"Tgav",2.76227216517618,"degC"
"SSP245",2153,"Tgav",2.76444532276561,"degC"
"SSP245",2154,"Tgav",2.76661492422994,"degC"
"SSP245",2155,"Tgav",2.76877068425433,"degC"
"SSP245",2156,"Tgav",2.77090489588463,"degC"
"SSP245",2157,"Tgav",2.77301173185981,"degC"
"SSP245",2158,"Tgav",2.77508655702079,"degC"
"SSP245",2159,"Tgav",2.77712555418391,"degC"
"SSP245",2160,"Tgav",2.77912563604507,"degC"
"SSP245",2161,"Tgav",2.78108429715566,"degC"
"SSP245",2162,"Tgav",2.78299939888968,"degC"
"SSP245",2163,"Tgav",2.78486910884534,"degC"
"SSP245",2164,"Tgav",2.78669194330985,"degC"
"SSP245",2165,"Tgav",2.78846676827865,"degC"
"SSP245",2166,"Tgav",2.79019270297122,"degC"
"SSP245",2167,"Tgav",2.79186929964017,"degC"
"SSP245",2168,"Tgav",2.79349658877271,"degC"
"SSP245",2169,"Tgav",2.79507467737597,"degC"
"SSP245",2170,"Tgav",2.79660345413233,"degC"
"SSP245",2171,"Tgav",2.79808261129682,"degC"
"SSP245",2172,"Tgav",2.79951186687598,"degC"
"SSP245",2173,"Tgav",2.80089101859284,"degC"
"SSP245",2174,"Tgav",2.802219803007,"degC"
"SSP245",2175,"Tgav",2.80349782951138,"degC"
"SSP245",2176,"Tgav",2.8047246358795,"degC"
"SSP245",2177,"Tgav",2.80589977144852,"degC"
"SSP245",2178,"Tgav",2.80702288436111,"degC"
"SSP245",2179,"Tgav",2.80809373783601,"degC"
"SSP245",2180,"Tgav",2.80911210857004,"degC"
"SSP245",2181,"Tgav",2.81007769032172,"degC"
"SSP245",2182,"Tgav",2.81099014031232,"degC"
"SSP245",2183,"Tgav",2.81184912553624,"degC"
"SSP245",2184,"Tgav",2.81265430373681,"degC"
"SSP245",2185,"Tgav",2.81340535845479,"degC"
"SSP245",2186,"Tgav",2.81410233674225,"degC"
"SSP245",2187,"Tgav",2.81474563899539,"degC"
"SSP245",2188,"Tgav",2.8153355321904,"degC"
"SSP245",2189,"Tgav",2.81587198507421,"degC"
"SSP245",2190,"Tgav",2.81635476426379,"degC"
"SSP245",2191,"Tgav",2.81678353353008,"degC"
"SSP245",2192,"Tgav",2.81715789565646,"degC"
"SSP245",2193,"Tgav",2.81747742828686,"degC"
"SSP245",2194,"Tgav",2.81774171320269,"degC"
"SSP245",2195,"Tgav",2.81795083075324,"degC"
"SSP245",2196,"Tgav",2.81810545474087,"degC"
"SSP245",2197,"Tgav",2.81820615389763,"degC"
"SSP245",2198,"Tgav",2.81825304820637,"degC"
"SSP245",2199,"Tgav",2.81824587528103,"degC"
"SSP245",2200,"Tgav",2.81818415578479,"degC"
"SSP245",2201,"Tgav",2.81806734783487,"degC"
"SSP245",2202,"Tgav",2.81789489022705,"degC"
"SSP245",2203,"Tgav",2.81766619208955,"degC"
"SSP245",2204,"Tgav",2.81738066447658,"degC"
"SSP245",2205,"Tgav",2.81703775340641,"degC"
"SSP245",2206,"Tgav",2.81663697163124,"degC"
"SSP245",2207,"Tgav",2.81617790514992,"degC"
"SSP245",2208,"Tgav",2.81566018941491,"degC"
"SSP245",2209,"Tgav",2.8150835301329,"degC"
"SSP245",2210,"Tgav",2.81444775083827,"degC"
"SSP245",2211,"Tgav",2.813752757699,"degC"
"SSP245",2212,"Tgav",2.81299848632384,"degC"
"SSP245",2213,"Tgav",2.81218487202292,"degC"
"SSP245",2214,"Tgav",2.8113118404014,"degC"
"SSP245",2215,"Tgav",2.81037930953044,"degC"
"SSP245",2216,"Tgav",2.80938720134226,"degC"
"SSP245",2217,"Tgav",2.80833543171023,"degC"
"SSP245",2218,"Tgav",2.80722391912616,"degC"
"SSP245",2219,"Tgav",2.80605253151133,"degC"
"SSP245",2220,"Tgav",2.80482109822644,"degC"
"SSP245",2221,"Tgav",2.80352942983151,"degC"
"SSP245",2222,"Tgav",2.8021773270655,"degC"
"SSP245",2223,"Tgav",2.80076458581312,"degC"
"SSP245",2224,"Tgav",2.79929099995433,"degC"
"SSP245",2225,"Tgav",2.7977563736299,"degC"
"SSP245",2226,"Tgav",2.79616052870221,"degC"
"SSP245",2227,"Tgav",2.79450330748984,"degC"
"SSP245",2228,"Tgav",2.79278457299368,"degC"
"SSP245",2229,"Tgav",2.79100420758608,"degC"
"SSP245",2230,"Tgav",2.78916211145176,"degC"
"SSP245",2231,"Tgav",2.78725820126797,"degC"
"SSP245",2232,"Tgav",2.78529240873826,"degC"
"SSP245",2233,"Tgav",2.78326467901806,"degC"
"SSP245",2234,"Tgav",2.78117496940969,"degC"
"SSP245",2235,"Tgav",2.77902324440729,"degC"
"SSP245",2236,"Tgav",2.77680947248489,"degC"
"SSP245",2237,"Tgav",2.77453362491544,"degC"
"SSP245",2238,"Tgav",2.77219567557193,"degC"
"SSP245",2239,"Tgav",2.76979560117039,"degC"
"SSP245",2240,"Tgav",2.76733338141455,"degC"
"SSP245",2241,"Tgav",2.76480899914981,"degC"
"SSP245",2242,"Tgav",2.76222244055517,"degC"
"SSP245",2243,"Tgav",2.75957369527645,"degC"
"SSP245",2244,"Tgav",2.75686275646123,"degC"
"SSP245",2245,"Tgav",2.75408962050902,"degC"
"SSP245",2246,"Tgav",2.7512542870089,"degC"
"SSP245",2247,"Tgav",2.7483567588855,"degC"
"SSP245",2248,"Tgav",2.74539704259638,"degC"
"SSP245",2249,"Tgav",2.74237514831862,"degC"
"SSP245",2250,"Tgav",2.73929109009265,"degC"
"SSP245",2251,"Tgav",2.73608266124537,"degC"
"SSP245",2252,"Tgav",2.73278951862696,"degC"
"SSP245",2253,"Tgav",2.72945341979485,"degC"
"SSP245",2254,"Tgav",2.72610031569564,"degC"
"SSP245",2255,"Tgav",2.7227467665144,"degC"
"SSP245",2256,"Tgav",2.71940355163433,"degC"
"SSP245",2257,"Tgav",2.71607766108747,"degC"
"SSP245",2258,"Tgav",2.71277361209431,"degC"
"SSP245",2259,"Tgav",2.7094942416622,"degC"
"SSP245",2260,"Tgav",2.70624115601347,"degC"
"SSP245",2261,"Tgav",2.70301508559069,"degC"
"SSP245",2262,"Tgav",2.69981617689768,"degC"
"SSP245",2263,"Tgav",2.69664415780041,"degC"
"SSP245",2264,"Tgav",2.6934984360699,"degC"
"SSP245",2265,"Tgav",2.69037820859733,"degC"
"SSP245",2266,"Tgav",2.68728255004462,"degC"
"SSP245",2267,"Tgav",2.68421045145285,"degC"
"SSP245",2268,"Tgav",2.68116084800205,"degC"
"SSP245",2269,"Tgav",2.67813265841673,"degC"
"SSP245",2270,"Tgav",2.67512481097429,"degC"
"SSP245",2271,"Tgav",2.67213624975759,"degC"
"SSP245",2272,"Tgav",2.66916594344743,"degC"
"SSP245",2273,"Tgav",2.66621289958053,"degC"
"SSP245",2274,"Tgav",2.66327616994612,"degC"
"SSP245",2275,"Tgav",2.6603548491358,"degC"
"SSP245",2276,"Tgav",2.65744807722346,"degC"
"SSP245",2277,"Tgav",2.65455504410049,"degC"
"SSP245",2278,"Tgav",2.65167498881003,"degC"
"SSP245",2279,"Tgav",2.64880719723304,"degC"
"SSP245",2280,"Tgav",2.64595100247296,"degC"
"SSP245",2281,"Tgav",2.64310578499954,"degC"
"SSP245",2282,"Tgav",2.64027097032158,"degC"
"SSP245",2283,"Tgav",2.63744602670496,"degC"
"SSP245",2284,"Tgav",2.63463046432903,"degC"
"SSP245",2285,"Tgav",2.63182384381294,"degC"
"SSP245",2286,"Tgav",2.62902582000335,"degC"
"SSP245",2287,"Tgav",2.62623612333796,"degC"
"SSP245",2288,"Tgav",2.62345454257463,"degC"
"SSP245",2289,"Tgav",2.62068091360256,"degC"
"SSP245",2290,"Tgav",2.61791511034511,"degC"
"SSP245",2291,"Tgav",2.61515703818964,"degC"
"SSP245",2292,"Tgav",2.61240662955922,"degC"
"SSP245",2293,"Tgav",2.60966383999592,"degC"
"SSP245",2294,"Tgav",2.60692864448237,"degC"
"SSP245",2295,"Tgav",2.60420103467942,"degC"
"SSP245",2296,"Tgav",2.60148101683309,"degC"
"SSP245",2297,"Tgav",2.59876860969087,"degC"
"SSP245",2298,"Tgav",2.59606384255147,"degC"
"SSP245",2299,"Tgav",2.59336675378065,"degC"
"SSP245",2300,"Tgav",2.59067738957047,"degC"
"SSP370",1850,"Ca",284.20440303028,"ppmv CO2"
"SSP370",1851,"Ca",284.416504591648,"ppmv CO2"
"SSP370",1852,"Ca",284.619478993891,"ppmv CO2"
"SSP370",1853,"Ca",284.837667042056,"ppmv CO2"
"SSP370",1854,"Ca",285.074361949939,"ppmv CO2"
"SSP370",1855,"Ca",285.305200218061,"ppmv CO2"
"SSP370",1856,"Ca",285.529611922044,"ppmv CO2"
"SSP370",1857,"Ca",285.736094537586,"ppmv CO2"
"SSP370",1858,"Ca",285.889064315823,"ppmv CO2"
"SSP370",1859,"Ca",285.993078552476,"ppmv CO2"
"SSP370",1860,"Ca",286.115248927756,"ppmv CO2"
"SSP370",1861,"Ca",286.28540665864,"ppmv CO2"
"SSP370",1862,"Ca",286.490415163717,"ppmv CO2"
"SSP370",1863,"Ca",286.677045501227,"ppmv CO2"
"SSP370",1864,"Ca",286.827311587307,"ppmv CO2"
"SSP370",1865,"Ca",286.975567627318,"ppmv CO2"
"SSP370",1866,"Ca",287.131791514372,"ppmv CO2"
"SSP370",1867,"Ca",287.294613946709,"ppmv CO2"
"SSP370",1868,"Ca",287.46034671412,"ppmv CO2"
"SSP370",1869,"Ca",287.625328482448,"ppmv CO2"
"SSP370",1870,"Ca",287.787904889752,"ppmv CO2"
"SSP370",1871,"Ca",287.946911078138,"ppmv CO2"
"SSP370",1872,"Ca",288.112541860088,"ppmv CO2"
"SSP370",1873,"Ca",288.326873178438,"ppmv CO2"
"SSP370",1874,"Ca",288.579586210155,"ppmv CO2"
"SSP370",1875,"Ca",288.827415572036,"ppmv CO2"
"SSP370",1876,"Ca",289.074107570734,"ppmv CO2"
"SSP370",1877,"Ca",289.32480658231,"ppmv CO2"
"SSP370",1878,"Ca",289.571034445316,"ppmv CO2"
"SSP370",1879,"Ca",289.815444523586,"ppmv CO2"
"SSP370",1880,"Ca",290.06676799777,"ppmv CO2"
"SSP370",1881,"Ca",290.33025585456,"ppmv CO2"
"SSP370",1882,"Ca",290.615271348405,"ppmv CO2"
"SSP370",1883,"Ca",290.890814838459,"ppmv CO2"
"SSP370",1884,"Ca",291.134510043545,"ppmv CO2"
"SSP370",1885,"Ca",291.278636964401,"ppmv CO2"
"SSP370",1886,"Ca",291.313940902287,"ppmv CO2"
"SSP370",1887,"Ca",291.364746364424,"ppmv CO2"
"SSP370",1888,"Ca",291.476400482251,"ppmv CO2"
"SSP370",1889,"Ca",291.634434039163,"ppmv CO2"
"SSP370",1890,"Ca",291.819023557131,"ppmv CO2"
"SSP370",1891,"Ca",292.005545934232,"ppmv CO2"
"SSP370",1892,"Ca",292.185948124578,"ppmv CO2"
"SSP370",1893,"Ca",292.373128645724,"ppmv CO2"
"SSP370",1894,"Ca",292.579960127067,"ppmv CO2"
"SSP370",1895,"Ca",292.813999902627,"ppmv CO2"
"SSP370",1896,"Ca",293.078776333385,"ppmv CO2"
"SSP370",1897,"Ca",293.353441576916,"ppmv CO2"
"SSP370",1898,"Ca",293.615957694967,"ppmv CO2"
"SSP370",1899,"Ca",293.867242210264,"ppmv CO2"
"SSP370",1900,"Ca",294.130338755346,"ppmv CO2"
"SSP370",1901,"Ca",294.414702354655,"ppmv CO2"
"SSP370",1902,"Ca",294.742472598366,"ppmv CO2"
"SSP370",1903,"Ca",295.101298268545,"ppmv CO2"
"SSP370",1904,"Ca",295.433286428209,"ppmv CO2"
"SSP370",1905,"Ca",295.729744820152,"ppmv CO2"
"SSP370",1906,"Ca",296.046973428993,"ppmv CO2"
"SSP370",1907,"Ca",296.443119650441,"ppmv CO2"
"SSP370",1908,"Ca",296.90009479923,"ppmv CO2"
"SSP370",1909,"Ca",297.367750738463,"ppmv CO2"
"SSP370",1910,"Ca",297.831926604939,"ppmv CO2"
"SSP370",1911,"Ca",298.309909092564,"ppmv CO2"
"SSP370",1912,"Ca",298.766861911661,"ppmv CO2"
"SSP370",1913,"Ca",299.184984120532,"ppmv CO2"
"SSP370",1914,"Ca",299.563076875505,"ppmv CO2"
"SSP370",1915,"Ca",299.88808720157,"ppmv CO2"
"SSP370",1916,"Ca",300.194952299948,"ppmv CO2"
"SSP370",1917,"Ca",300.527028278894,"ppmv CO2"
"SSP370",1918,"Ca",300.885022320298,"ppmv CO2"
"SSP370",1919,"Ca",301.245565298453,"ppmv CO2"
"SSP370",1920,"Ca",301.577777329223,"ppmv CO2"
"SSP370",1921,"Ca",301.91713340862,"ppmv CO2"
"SSP370",1922,"Ca",302.265863368545,"ppmv CO2"
"SSP370",1923,"Ca",302.610841456092,"ppmv CO2"
"SSP370",1924,"Ca",302.995475732206,"ppmv CO2"
"SSP370",1925,"Ca",303.40737803599,"ppmv CO2"
"SSP370",1926,"Ca",303.820734800293,"ppmv CO2"
"SSP370",1927,"Ca",304.226903884597,"ppmv CO2"
"SSP370",1928,"Ca",304.665897867,"ppmv CO2"
"SSP370",1929,"Ca",305.137250985192,"ppmv CO2"
"SSP370",1930,"Ca",305.625700797644,"ppmv CO2"
"SSP370",1931,"Ca",306.138270323112,"ppmv CO2"
"SSP370",1932,"Ca",306.634639390171,"ppmv CO2"
"SSP370",1933,"Ca",307.044401818339,"ppmv CO2"
"SSP370",1934,"Ca",307.400159555696,"ppmv CO2"
"SSP370",1935,"Ca",307.775276109788,"ppmv CO2"
"SSP370",1936,"Ca",308.168095043673,"ppmv CO2"
"SSP370",1937,"Ca",308.589140093111,"ppmv CO2"
"SSP370",1938,"Ca",309.034133995231,"ppmv CO2"
"SSP370",1939,"Ca",309.460377651818,"ppmv CO2"
"SSP370",1940,"Ca",309.881573350607,"ppmv CO2"
"SSP370",1941,"Ca",310.326627468876,"ppmv CO2"
"SSP370",1942,"Ca",310.775451730717,"ppmv CO2"
"SSP370",1943,"Ca",311.223523773223,"ppmv CO2"
"SSP370",1944,"Ca",311.678562172872,"ppmv CO2"
"SSP370",1945,"Ca",312.130803220603,"ppmv CO2"
"SSP370",1946,"Ca",312.531126573738,"ppmv CO2"
"SSP370",1947,"Ca",312.955116197593,"ppmv CO2"
"SSP370",1948,"Ca",313.490227179736,"ppmv CO2"
"SSP370",1949,"Ca",314.079178936873,"ppmv CO2"
"SSP370",1950,"Ca",314.671586199507,"ppmv CO2"
"SSP370",1951,"Ca",315.296985633641,"ppmv CO2"
"SSP370",1952,"Ca",316.078596525428,"ppmv CO2"
"SSP370",1953,"Ca",316.977150591428,"ppmv CO2"
"SSP370",1954,"Ca",317.874986531393,"ppmv CO2"
"SSP370",1955,"Ca",318.794863542862,"ppmv CO2"
"SSP370",1956,"Ca",319.791026558625,"ppmv CO2"
"SSP370",1957,"Ca",320.881500697616,"ppmv CO2"
"SSP370",1958,"Ca",322.032991119449,"ppmv CO2"
"SSP370",1959,"Ca",323.227642868668,"ppmv CO2"
"SSP370",1960,"Ca",324.43941058565,"ppmv CO2"
"SSP370",1961,"Ca",325.648780431975,"ppmv CO2"
"SSP370",1962,"Ca",326.87863457511,"ppmv CO2"
"SSP370",1963,"Ca",328.11164827813,"ppmv CO2"
"SSP370",1964,"Ca",329.360187856277,"ppmv CO2"
"SSP370",1965,"Ca",330.58901208203,"ppmv CO2"
"SSP370",1966,"Ca",331.797725340491,"ppmv CO2"
"SSP370",1967,"Ca",333.07676265242,"ppmv CO2"
"SSP370",1968,"Ca",334.456637456462,"ppmv CO2"
"SSP370",1969,"Ca",335.913936469195,"ppmv CO2"
"SSP370",1970,"Ca",337.394894539344,"ppmv CO2"
"SSP370",1971,"Ca",338.925277776297,"ppmv CO2"
"SSP370",1972,"Ca",340.472573768898,"ppmv CO2"
"SSP370",1973,"Ca",342.0089933154,"ppmv CO2"
"SSP370",1974,"Ca",343.59745366126,"ppmv CO2"
"SSP370",1975,"Ca",345.190426013606,"ppmv CO2"
"SSP370",1976,"Ca",346.720836588882,"ppmv CO2"
"SSP370",1977,"Ca",348.281093168449,"ppmv CO2"
"SSP370",1978,"Ca",349.939705524442,"ppmv CO2"
"SSP370",1979,"Ca",351.665058747072,"ppmv CO2"
"SSP370",1980,"Ca",353.403712676654,"ppmv CO2"
"SSP370",1981,"Ca",355.102843237125,"ppmv CO2"
"SSP370",1982,"Ca",356.739036320091,"ppmv CO2"
"SSP370",1983,"Ca",358.319041885225,"ppmv CO2"
"SSP370",1984,"Ca",359.874355264835,"ppmv CO2"
"SSP370",1985,"Ca",361.468092976394,"ppmv CO2"
"SSP370",1986,"Ca",363.150341921892,"ppmv CO2"
"SSP370",1987,"Ca",364.929738481343,"ppmv CO2"
"SSP370",1988,"Ca",366.775550985454,"ppmv CO2"
"SSP370",1989,"Ca",368.668743221443,"ppmv CO2"
"SSP370",1990,"Ca",370.618904218665,"ppmv CO2"
"SSP370",1991,"Ca",372.522228458176,"ppmv CO2"
"SSP370",1992,"Ca",374.444451506676,"ppmv CO2"
"SSP370",1993,"Ca",376.324712046731,"ppmv CO2"
"SSP370",1994,"Ca",378.022822000699,"ppmv CO2"
"SSP370",1995,"Ca",379.689056722275,"ppmv CO2"
"SSP370",1996,"Ca",381.445488489325,"ppmv CO2"
"SSP370",1997,"Ca",383.290935197485,"ppmv CO2"
"SSP370",1998,"Ca",385.50616449908,"ppmv CO2"
"SSP370",1999,"Ca",387.720321993656,"ppmv CO2"
"SSP370",2000,"Ca",389.529572158523,"ppmv CO2"
"SSP370",2001,"Ca",391.262208148953,"ppmv CO2"
"SSP370",2002,"Ca",392.906303782467,"ppmv CO2"
"SSP370",2003,"Ca",394.539204997618,"ppmv CO2"
"SSP370",2004,"Ca",396.24019891506,"ppmv CO2"
"SSP370",2005,"Ca",398.075931087561,"ppmv CO2"
"SSP370",2006,"Ca",400.101198750333,"ppmv CO2"
"SSP370",2007,"Ca",402.243521853701,"ppmv CO2"
"SSP370",2008,"Ca",404.44598132028,"ppmv CO2"
"SSP370",2009,"Ca",406.505422495001,"ppmv CO2"
"SSP370",2010,"Ca",408.438607453054,"ppmv CO2"
"SSP370",2011,"Ca",410.525611455569,"ppmv CO2"
"SSP370",2012,"Ca",412.821842303928,"ppmv CO2"
"SSP370",2013,"Ca",415.225487390004,"ppmv CO2"
"SSP370",2014,"Ca",417.683244379482,"ppmv CO2"
"SSP370",2015,"Ca",420.271847018678,"ppmv CO2"
"SSP370",2016,"Ca",422.858490180882,"ppmv CO2"
"SSP370",2017,"Ca",425.446868595103,"ppmv CO2"
"SSP370",2018,"Ca",428.167525035932,"ppmv CO2"
"SSP370",2019,"Ca",431.012455129224,"ppmv CO2"
"SSP370",2020,"Ca",433.978901650301,"ppmv CO2"
"SSP370",2021,"Ca",437.064790594966,"ppmv CO2"
"SSP370",2022,"Ca",440.2407886038,"ppmv CO2"
"SSP370",2023,"Ca",443.478795053315,"ppmv CO2"
"SSP370",2024,"Ca",446.778949988815,"ppmv CO2"
"SSP370",2025,"Ca",450.141154310866,"ppmv CO2"
"SSP370",2026,"Ca",453.565244373784,"ppmv CO2"
"SSP370",2027,"Ca",457.05105295623,"ppmv CO2"
"SSP370",2028,"Ca",460.598435856446,"ppmv CO2"
"SSP370",2029,"Ca",464.207286333312,"ppmv CO2"
"SSP370",2030,"Ca",467.877533765002,"ppmv CO2"
"SSP370",2031,"Ca",471.609144178445,"ppmv CO2"
"SSP370",2032,"Ca",475.387169869211,"ppmv CO2"
"SSP370",2033,"Ca",479.197850888443,"ppmv CO2"
"SSP370",2034,"Ca",483.042430836117,"ppmv CO2"
"SSP370",2035,"Ca",486.921901266722,"ppmv CO2"
"SSP370",2036,"Ca",490.83709139339,"ppmv CO2"
"SSP370",2037,"Ca",494.788547862426,"ppmv CO2"
"SSP370",2038,"Ca",498.776870377362,"ppmv CO2"
"SSP370",2039,"Ca",502.802976658421,"ppmv CO2"
"SSP370",2040,"Ca",506.867662531342,"ppmv CO2"
"SSP370",2041,"Ca",510.971303745266,"ppmv CO2"
"SSP370",2042,"Ca",515.106807011758,"ppmv CO2"
"SSP370",2043,"Ca",519.26733287468,"ppmv CO2"
"SSP370",2044,"Ca",523.453545292161,"ppmv CO2"
"SSP370",2045,"Ca",527.666053741532,"ppmv CO2"
"SSP370",2046,"Ca",531.905442240233,"ppmv CO2"
"SSP370",2047,"Ca",536.172298519634,"ppmv CO2"
"SSP370",2048,"Ca",540.467209647477,"ppmv CO2"
"SSP370",2049,"Ca",544.790740291145,"ppmv CO2"
"SSP370",2050,"Ca",549.143431770951,"ppmv CO2"
"SSP370",2051,"Ca",553.52581850985,"ppmv CO2"
"SSP370",2052,"Ca",557.937080925819,"ppmv CO2"
"SSP370",2053,"Ca",562.376531076548,"ppmv CO2"
"SSP370",2054,"Ca",566.844701757782,"ppmv CO2"
"SSP370",2055,"Ca",571.342056991872,"ppmv CO2"
"SSP370",2056,"Ca",575.869032045839,"ppmv CO2"
"SSP370",2057,"Ca",580.426047646806,"ppmv CO2"
"SSP370",2058,"Ca",585.013519435976,"ppmv CO2"
"SSP370",2059,"Ca",589.631928863535,"ppmv CO2"
"SSP370",2060,"Ca",594.281988631708,"ppmv CO2"
"SSP370",2061,"Ca",598.964470751944,"ppmv CO2"
"SSP370",2062,"Ca",603.676479651211,"ppmv CO2"
"SSP370",2063,"Ca",608.41522468961,"ppmv CO2"
"SSP370",2064,"Ca",613.181199032406,"ppmv CO2"
"SSP370",2065,"Ca",617.974862106744,"ppmv CO2"
"SSP370",2066,"Ca",622.796726737446,"ppmv CO2"
"SSP370",2067,"Ca",627.647292907251,"ppmv CO2"
"SSP370",2068,"Ca",632.527003693741,"ppmv CO2"
"SSP370",2069,"Ca",637.436280327048,"ppmv CO2"
"SSP370",2070,"Ca",642.375540427428,"ppmv CO2"
"SSP370",2071,"Ca",647.345204884303,"ppmv CO2"
"SSP370",2072,"Ca",652.344325768737,"ppmv CO2"
"SSP370",2073,"Ca",657.37204495693,"ppmv CO2"
"SSP370",2074,"Ca",662.428876371491,"ppmv CO2"
"SSP370",2075,"Ca",667.515306299398,"ppmv CO2"
"SSP370",2076,"Ca",672.631815197661,"ppmv CO2"
"SSP370",2077,"Ca",677.778881155741,"ppmv CO2"
"SSP370",2078,"Ca",682.956962550133,"ppmv CO2"
"SSP370",2079,"Ca",688.166509001446,"ppmv CO2"
"SSP370",2080,"Ca",693.407984231867,"ppmv CO2"
"SSP370",2081,"Ca",698.681837852717,"ppmv CO2"
"SSP370",2082,"Ca",703.994483872222,"ppmv CO2"
"SSP370",2083,"Ca",709.352090293649,"ppmv CO2"
"SSP370",2084,"Ca",714.754854053502,"ppmv CO2"
"SSP370",2085,"Ca",720.203021616832,"ppmv CO2"
"SSP370",2086,"Ca",725.696923604779,"ppmv CO2"
"SSP370",2087,"Ca",731.237405675747,"ppmv CO2"
"SSP370",2088,"Ca",736.825610612734,"ppmv CO2"
"SSP370",2089,"Ca",742.462110398064,"ppmv CO2"
"SSP370",2090,"Ca",748.147066338282,"ppmv CO2"
"SSP370",2091,"Ca",753.880594474499,"ppmv CO2"
"SSP370",2092,"Ca",759.668454487507,"ppmv CO2"
"SSP370",2093,"Ca",765.516325703637,"ppmv CO2"
"SSP370",2094,"Ca",771.424247058644,"ppmv CO2"
"SSP370",2095,"Ca",777.392249527141,"ppmv CO2"
"SSP370",2096,"Ca",783.420288832568,"ppmv CO2"
"SSP370",2097,"Ca",789.508273355775,"ppmv CO2"
"SSP370",2098,"Ca",795.656107436978,"ppmv CO2"
"SSP370",2099,"Ca",801.86376144969,"ppmv CO2"
"SSP370",2100,"Ca",808.131339172848,"ppmv CO2"
"SSP370",2101,"Ca",814.459005957838,"ppmv CO2"
"SSP370",2102,"Ca",820.775335931885,"ppmv CO2"
"SSP370",2103,"Ca",827.012080340309,"ppmv CO2"
"SSP370",2104,"Ca",833.170915827805,"ppmv CO2"
"SSP370",2105,"Ca",839.253234882404,"ppmv CO2"
"SSP370",2106,"Ca",845.260525634132,"ppmv CO2"
"SSP370",2107,"Ca",851.194421367559,"ppmv CO2"
"SSP370",2108,"Ca",857.056213634184,"ppmv CO2"
"SSP370",2109,"Ca",862.846871577686,"ppmv CO2"
"SSP370",2110,"Ca",868.567287688376,"ppmv CO2"
"SSP370",2111,"Ca",874.218386457938,"ppmv CO2"
"SSP370",2112,"Ca",879.801063201311,"ppmv CO2"
"SSP370",2113,"Ca",885.316153401527,"ppmv CO2"
"SSP370",2114,"Ca",890.764457949603,"ppmv CO2"
"SSP370",2115,"Ca",896.146754299989,"ppmv CO2"
"SSP370",2116,"Ca",901.463953264424,"ppmv CO2"
"SSP370",2117,"Ca",906.716987069746,"ppmv CO2"
"SSP370",2118,"Ca",911.906567635151,"ppmv CO2"
"SSP370",2119,"Ca",917.033300635291,"ppmv CO2"
"SSP370",2120,"Ca",922.09778542065,"ppmv CO2"
"SSP370",2121,"Ca",927.100617344353,"ppmv CO2"
"SSP370",2122,"Ca",932.042373600686,"ppmv CO2"
"SSP370",2123,"Ca",936.923593520195,"ppmv CO2"
"SSP370",2124,"Ca",941.744869427449,"ppmv CO2"
"SSP370",2125,"Ca",946.506748129906,"ppmv CO2"
"SSP370",2126,"Ca",951.20970127427,"ppmv CO2"
"SSP370",2127,"Ca",955.854197929346,"ppmv CO2"
"SSP370",2128,"Ca",960.440701298179,"ppmv CO2"
"SSP370",2129,"Ca",964.969656378386,"ppmv CO2"
"SSP370",2130,"Ca",969.441485895786,"ppmv CO2"
"SSP370",2131,"Ca",973.8566049629,"ppmv CO2"
"SSP370",2132,"Ca",978.215439825033,"ppmv CO2"
"SSP370",2133,"Ca",982.51843450376,"ppmv CO2"
"SSP370",2134,"Ca",986.76596740783,"ppmv CO2"
"SSP370",2135,"Ca",990.958348813593,"ppmv CO2"
"SSP370",2136,"Ca",995.095874299769,"ppmv CO2"
"SSP370",2137,"Ca",999.178838032236,"ppmv CO2"
"SSP370",2138,"Ca",1003.20751631247,"ppmv CO2"
"SSP370",2139,"Ca",1007.18218439375,"ppmv CO2"
"SSP370",2140,"Ca",1011.10311082322,"ppmv CO2"
"SSP370",2141,"Ca",1014.97056510794,"ppmv CO2"
"SSP370",2142,"Ca",1018.78479261332,"ppmv CO2"
"SSP370",2143,"Ca",1022.54603586934,"ppmv CO2"
"SSP370",2144,"Ca",1026.25452769946,"ppmv CO2"
"SSP370",2145,"Ca",1029.9104852929,"ppmv CO2"
"SSP370",2146,"Ca",1033.51413033515,"ppmv CO2"
"SSP370",2147,"Ca",1037.06567057811,"ppmv CO2"
"SSP370",2148,"Ca",1040.56527347816,"ppmv CO2"
"SSP370",2149,"Ca",1044.01305688483,"ppmv CO2"
"SSP370",2150,"Ca",1047.40912726215,"ppmv CO2"
"SSP370",2151,"Ca",1050.75362550217,"ppmv CO2"
"SSP370",2152,"Ca",1054.05333550337,"ppmv CO2"
"SSP370",2153,"Ca",1057.31467579141,"ppmv CO2"
"SSP370",2154,"Ca",1060.53756739452,"ppmv CO2"
"SSP370",2155,"Ca",1063.72188185526,"ppmv CO2"
"SSP370",2156,"Ca",1066.86750098958,"ppmv CO2"
"SSP370",2157,"Ca",1069.9743022931,"ppmv CO2"
"SSP370",2158,"Ca",1073.04214567878,"ppmv CO2"
"SSP370",2159,"Ca",1076.0708887533,"ppmv CO2"
"SSP370",2160,"Ca",1079.06039064334,"ppmv CO2"
"SSP370",2161,"Ca",1082.0105047429,"ppmv CO2"
"SSP370",2162,"Ca",1084.92106607266,"ppmv CO2"
"SSP370",2163,"Ca",1087.79191634294,"ppmv CO2"
"SSP370",2164,"Ca",1090.62294824522,"ppmv CO2"
"SSP370",2165,"Ca",1093.4141551086,"ppmv CO2"
"SSP370",2166,"Ca",1096.16553795819,"ppmv CO2"
"SSP370",2167,"Ca",1098.87737521978,"ppmv CO2"
"SSP370",2168,"Ca",1101.55008317408,"ppmv CO2"
"SSP370",2169,"Ca",1104.18371313715,"ppmv CO2"
"SSP370",2170,"Ca",1106.7779714658,"ppmv CO2"
"SSP370",2171,"Ca",1109.33248426291,"ppmv CO2"
"SSP370",2172,"Ca",1111.84707201513,"ppmv CO2"
"SSP370",2173,"Ca",1114.32162153183,"ppmv CO2"
"SSP370",2174,"Ca",1116.75585052758,"ppmv CO2"
"SSP370",2175,"Ca",1119.14935928051,"ppmv CO2"
"SSP370",2176,"Ca",1121.5017769374,"ppmv CO2"
"SSP370",2177,"Ca",1123.81281846611,"ppmv CO2"
"SSP370",2178,"Ca",1126.08230806103,"ppmv CO2"
"SSP370",2179,"Ca",1128.31011458089,"ppmv CO2"
"SSP370",2180,"Ca",1130.49601555343,"ppmv CO2"
"SSP370",2181,"Ca",1132.63967335027,"ppmv CO2"
"SSP370",2182,"Ca",1134.74078198418,"ppmv CO2"
"SSP370",2183,"Ca",1136.79907680136,"ppmv CO2"
"SSP370",2184,"Ca",1138.81427206004,"ppmv CO2"
"SSP370",2185,"Ca",1140.7861279736,"ppmv CO2"
"SSP370",2186,"Ca",1142.71486386078,"ppmv CO2"
"SSP370",2187,"Ca",1144.60079142184,"ppmv CO2"
"SSP370",2188,"Ca",1146.44369975397,"ppmv CO2"
"SSP370",2189,"Ca",1148.24313370926,"ppmv CO2"
"SSP370",2190,"Ca",1149.99865706041,"ppmv CO2"
"SSP370",2191,"Ca",1151.70989145872,"ppmv CO2"
"SSP370",2192,"Ca",1153.37647383739,"ppmv CO2"
"SSP370",2193,"Ca",1154.99806590619,"ppmv CO2"
"SSP370",2194,"Ca",1156.57436700631,"ppmv CO2"
"SSP370",2195,"Ca",1158.10575840098,"ppmv CO2"
"SSP370",2196,"Ca",1159.59289276216,"ppmv CO2"
"SSP370",2197,"Ca",1161.03568824349,"ppmv CO2"
"SSP370",2198,"Ca",1162.43360371,"ppmv CO2"
"SSP370",2199,"Ca",1163.78603021163,"ppmv CO2"
"SSP370",2200,"Ca",1165.1452688651,"ppmv CO2"
"SSP370",2201,"Ca",1166.32834246168,"ppmv CO2"
"SSP370",2202,"Ca",1167.57889506419,"ppmv CO2"
"SSP370",2203,"Ca",1168.73935292956,"ppmv CO2"
"SSP370",2204,"Ca",1169.85767576991,"ppmv CO2"
"SSP370",2205,"Ca",1170.92843921654,"ppmv CO2"
"SSP370",2206,"Ca",1171.95100579984,"ppmv CO2"
"SSP370",2207,"Ca",1172.92542132691,"ppmv CO2"
"SSP370",2208,"Ca",1173.85147122987,"ppmv CO2"
"SSP370",2209,"Ca",1174.72902240569,"ppmv CO2"
"SSP370",2210,"Ca",1175.55803371674,"ppmv CO2"
"SSP370",2211,"Ca",1176.3384565609,"ppmv CO2"
"SSP370",2212,"Ca",1177.0702030612,"ppmv CO2"
"SSP370",2213,"Ca",1177.75315628256,"ppmv CO2"
"SSP370",2214,"Ca",1178.38718763506,"ppmv CO2"
"SSP370",2215,"Ca",1178.97216896849,"ppmv CO2"
"SSP370",2216,"Ca",1179.50798438062,"ppmv CO2"
"SSP370",2217,"Ca",1179.99450555506,"ppmv CO2"
"SSP370",2218,"Ca",1180.43161739489,"ppmv CO2"
"SSP370",2219,"Ca",1180.81913389406,"ppmv CO2"
"SSP370",2220,"Ca",1181.15687656231,"ppmv CO2"
"SSP370",2221,"Ca",1181.44468203774,"ppmv CO2"
"SSP370",2222,"Ca",1181.68239577203,"ppmv CO2"
"SSP370",2223,"Ca",1181.92284610721,"ppmv CO2"
"SSP370",2224,"Ca",1181.98228022752,"ppmv CO2"
"SSP370",2225,"Ca",1182.10544230864,"ppmv CO2"
"SSP370",2226,"Ca",1182.13621494435,"ppmv CO2"
"SSP370",2227,"Ca",1182.1209974611,"ppmv CO2"
"SSP370",2228,"Ca",1182.05526404775,"ppmv CO2"
"SSP370",2229,"Ca",1181.93833017174,"ppmv CO2"
"SSP370",2230,"Ca",1181.77032032636,"ppmv CO2"
"SSP370",2231,"Ca",1181.55110423952,"ppmv CO2"
"SSP370",2232,"Ca",1181.28057862204,"ppmv CO2"
"SSP370",2233,"Ca",1180.95864696596,"ppmv CO2"
"SSP370",2234,"Ca",1180.58521465943,"ppmv CO2"
"SSP370",2235,"Ca",1180.16019054256,"ppmv CO2"
"SSP370",2236,"Ca",1179.6834868183,"ppmv CO2"
"SSP370",2237,"Ca",1179.15501914273,"ppmv CO2"
"SSP370",2238,"Ca",1178.57470670414,"ppmv CO2"
"SSP370",2239,"Ca",1177.94247225481,"ppmv CO2"
"SSP370",2240,"Ca",1177.25824212129,"ppmv CO2"
"SSP370",2241,"Ca",1176.52194620344,"ppmv CO2"
"SSP370",2242,"Ca",1175.7335179657,"ppmv CO2"
"SSP370",2243,"Ca",1174.8928944213,"ppmv CO2"
"SSP370",2244,"Ca",1174.00001611237,"ppmv CO2"
"SSP370",2245,"Ca",1173.10568930103,"ppmv CO2"
"SSP370",2246,"Ca",1172.03395881043,"ppmv CO2"
"SSP370",2247,"Ca",1171.01739925597,"ppmv CO2"
"SSP370",2248,"Ca",1169.91011080321,"ppmv CO2"
"SSP370",2249,"Ca",1168.75493832066,"ppmv CO2"
"SSP370",2250,"Ca",1167.54752740038,"ppmv CO2"
"SSP370",2251,"Ca",1166.28739228213,"ppmv CO2"
"SSP370",2252,"Ca",1165.00817967546,"ppmv CO2"
"SSP370",2253,"Ca",1163.74193328264,"ppmv CO2"
"SSP370",2254,"Ca",1162.48845213248,"ppmv CO2"
"SSP370",2255,"Ca",1161.24725057809,"ppmv CO2"
"SSP370",2256,"Ca",1160.01791179872,"ppmv CO2"
"SSP370",2257,"Ca",1158.80003596677,"ppmv CO2"
"SSP370",2258,"Ca",1157.593233847,"ppmv CO2"
"SSP370",2259,"Ca",1156.39712813389,"ppmv CO2"
"SSP370",2260,"Ca",1155.21135272439,"ppmv CO2"
"SSP370",2261,"Ca",1154.03555223415,"ppmv CO2"
"SSP370",2262,"Ca",1152.86938152563,"ppmv CO2"
"SSP370",2263,"Ca",1151.71250524156,"ppmv CO2"
"SSP370",2264,"Ca",1150.56459737105,"ppmv CO2"
"SSP370",2265,"Ca",1149.42534067033,"ppmv CO2"
"SSP370",2266,"Ca",1148.29442634336,"ppmv CO2"
"SSP370",2267,"Ca",1147.17155379435,"ppmv CO2"
"SSP370",2268,"Ca",1146.05643039068,"ppmv CO2"
"SSP370",2269,"Ca",1144.94877123841,"ppmv CO2"
"SSP370",2270,"Ca",1143.8482989723,"ppmv CO2"
"SSP370",2271,"Ca",1142.75474355965,"ppmv CO2"
"SSP370",2272,"Ca",1141.66784211674,"ppmv CO2"
"SSP370",2273,"Ca",1140.58733873661,"ppmv CO2"
"SSP370",2274,"Ca",1139.5129843261,"ppmv CO2"
"SSP370",2275,"Ca",1138.44453654104,"ppmv CO2"
"SSP370",2276,"Ca",1137.38175960411,"ppmv CO2"
"SSP370",2277,"Ca",1136.32442413397,"ppmv CO2"
"SSP370",2278,"Ca",1135.27230699195,"ppmv CO2"
"SSP370",2279,"Ca",1134.22519113859,"ppmv CO2"
"SSP370",2280,"Ca",1133.18286549695,"ppmv CO2"
"SSP370",2281,"Ca",1132.14512482106,"ppmv CO2"
"SSP370",2282,"Ca",1131.11176956809,"ppmv CO2"
"SSP370",2283,"Ca",1130.08260577384,"ppmv CO2"
"SSP370",2284,"Ca",1129.05744493054,"ppmv CO2"
"SSP370",2285,"Ca",1128.03610338833,"ppmv CO2"
"SSP370",2286,"Ca",1127.01840235795,"ppmv CO2"
"SSP370",2287,"Ca",1126.00416790981,"ppmv CO2"
"SSP370",2288,"Ca",1124.99323092205,"ppmv CO2"
"SSP370",2289,"Ca",1123.98542700666,"ppmv CO2"
"SSP370",2290,"Ca",1122.98059642312,"ppmv CO2"
"SSP370",2291,"Ca",1121.97858398218,"ppmv CO2"
"SSP370",2292,"Ca",1120.97923894221,"ppmv CO2"
"SSP370",2293,"Ca",1119.98241490376,"ppmv CO2"
"SSP370",2294,"Ca",1118.98796970594,"ppmv CO2"
"SSP370",2295,"Ca",1117.9957644931,"ppmv CO2"
"SSP370",2296,"Ca",1117.00566373832,"ppmv CO2"
"SSP370",2297,"Ca",1116.01753531136,"ppmv CO2"
"SSP370",2298,"Ca",1115.03125047957,"ppmv CO2"
"SSP370",2299,"Ca",1114.0466838794,"ppmv CO2"
"SSP370",2300,"Ca",1113.06371347213,"ppmv CO2"
"SSP370",1850,"Ftot",0.342759026289703,"W/m2"
"SSP370",1851,"Ftot",0.350098111398179,"W/m2"
"SSP370",1852,"Ftot",0.370119862020411,"W/m2"
"SSP370",1853,"Ftot",0.387205169816727,"W/m2"
"SSP370",1854,"Ftot",0.394292107486678,"W/m2"
"SSP370",1855,"Ftot",0.27088782859962,"W/m2"
"SSP370",1856,"Ftot",-0.186213405186818,"W/m2"
"SSP370",1857,"Ftot",-0.434669038624125,"W/m2"
"SSP370",1858,"Ftot",-0.119823041836269,"W/m2"
"SSP370",1859,"Ftot",0.205005061125198,"W/m2"
"SSP370",1860,"Ftot",0.325534106751617,"W/m2"
"SSP370",1861,"Ftot",0.319635570906573,"W/m2"
"SSP370",1862,"Ftot",0.237183749482628,"W/m2"
"SSP370",1863,"Ftot",0.253154614899428,"W/m2"
"SSP370",1864,"Ftot",0.340387616611361,"W/m2"
"SSP370",1865,"Ftot",0.386107532841228,"W/m2"
"SSP370",1866,"Ftot",0.411249364167669,"W/m2"
"SSP370",1867,"Ftot",0.421179434143404,"W/m2"
"SSP370",1868,"Ftot",0.4246314396114,"W/m2"
"SSP370",1869,"Ftot",0.418723097232148,"W/m2"
"SSP370",1870,"Ftot",0.416255661163285,"W/m2"
"SSP370",1871,"Ftot",0.420948374844812,"W/m2"
"SSP370",1872,"Ftot",0.409326508256772,"W/m2"
"SSP370",1873,"Ftot",0.395241309817448,"W/m2"
"SSP370",1874,"Ftot",0.409232960189019,"W/m2"
"SSP370",1875,"Ftot",0.4074508823765,"W/m2"
"SSP370",1876,"Ftot",0.367728725498206,"W/m2"
"SSP370",1877,"Ftot",0.36932873411027,"W/m2"
"SSP370",1878,"Ftot",0.406870113707705,"W/m2"
"SSP370",1879,"Ftot",0.42740518638919,"W/m2"
"SSP370",1880,"Ftot",0.438741774048239,"W/m2"
"SSP370",1881,"Ftot",0.452416055315728,"W/m2"
"SSP370",1882,"Ftot",0.342180312383244,"W/m2"
"SSP370",1883,"Ftot",-0.56804474188635,"W/m2"
"SSP370",1884,"Ftot",-1.29724235813446,"W/m2"
"SSP370",1885,"Ftot",-0.702892650522859,"W/m2"
"SSP370",1886,"Ftot",-0.203705325844111,"W/m2"
"SSP370",1887,"Ftot",-0.0788163097058818,"W/m2"
"SSP370",1888,"Ftot",0.0242379108435307,"W/m2"
"SSP370",1889,"Ftot",-0.0365810972905962,"W/m2"
"SSP370",1890,"Ftot",-0.0954724863704808,"W/m2"
"SSP370",1891,"Ftot",-0.0233092780329875,"W/m2"
"SSP370",1892,"Ftot",0.15386033237404,"W/m2"
"SSP370",1893,"Ftot",0.305842575091718,"W/m2"
"SSP370",1894,"Ftot",0.413899452068002,"W/m2"
"SSP370",1895,"Ftot",0.407807047617517,"W/m2"
"SSP370",1896,"Ftot",0.262976711518751,"W/m2"
"SSP370",1897,"Ftot",0.183939453284003,"W/m2"
"SSP370",1898,"Ftot",0.286096546381122,"W/m2"
"SSP370",1899,"Ftot",0.388246223257274,"W/m2"
"SSP370",1900,"Ftot",0.437370304038184,"W/m2"
"SSP370",1901,"Ftot",0.430476505700385,"W/m2"
"SSP370",1902,"Ftot",-0.0161488570369028,"W/m2"
"SSP370",1903,"Ftot",-0.416897987177693,"W/m2"
"SSP370",1904,"Ftot",-0.119699736024835,"W/m2"
"SSP370",1905,"Ftot",0.233927163686233,"W/m2"
"SSP370",1906,"Ftot",0.329824679827328,"W/m2"
"SSP370",1907,"Ftot",0.29092628344462,"W/m2"
"SSP370",1908,"Ftot",0.323175673682412,"W/m2"
"SSP370",1909,"Ftot",0.388469703239732,"W/m2"
"SSP370",1910,"Ftot",0.420321960556772,"W/m2"
"SSP370",1911,"Ftot",0.437760682088197,"W/m2"
"SSP370",1912,"Ftot",0.192159838851125,"W/m2"
"SSP370",1913,"Ftot",0.0766181623841571,"W/m2"
"SSP370",1914,"Ftot",0.316059284934933,"W/m2"
"SSP370",1915,"Ftot",0.430348330526722,"W/m2"
"SSP370",1916,"Ftot",0.441717949135907,"W/m2"
"SSP370",1917,"Ftot",0.447793143964085,"W/m2"
"SSP370",1918,"Ftot",0.463215934548267,"W/m2"
"SSP370",1919,"Ftot",0.505542871008609,"W/m2"
"SSP370",1920,"Ftot",0.404275744266661,"W/m2"
"SSP370",1921,"Ftot",0.442046689386546,"W/m2"
"SSP370",1922,"Ftot",0.52255915976048,"W/m2"
"SSP370",1923,"Ftot",0.510831921773167,"W/m2"
"SSP370",1924,"Ftot",0.507329485596213,"W/m2"
"SSP370",1925,"Ftot",0.51459171801052,"W/m2"
"SSP370",1926,"Ftot",0.527148201417729,"W/m2"
"SSP370",1927,"Ftot",0.518284413256955,"W/m2"
"SSP370",1928,"Ftot",0.477504686125302,"W/m2"
"SSP370",1929,"Ftot",0.41610693689888,"W/m2"
"SSP370",1930,"Ftot",0.47383055816771,"W/m2"
"SSP370",1931,"Ftot",0.547239437283919,"W/m2"
"SSP370",1932,"Ftot",0.56239710530075,"W/m2"
"SSP370",1933,"Ftot",0.563402649289561,"W/m2"
"SSP370",1934,"Ftot",0.584426661251928,"W/m2"
"SSP370",1935,"Ftot",0.577959761905581,"W/m2"
"SSP370",1936,"Ftot",0.578027272615211,"W/m2"
"SSP370",1937,"Ftot",0.562141517222283,"W/m2"
"SSP370",1938,"Ftot",0.581713353035952,"W/m2"
"SSP370",1939,"Ftot",0.569931912627852,"W/m2"
"SSP370",1940,"Ftot",0.569452105826811,"W/m2"
"SSP370",1941,"Ftot",0.576282494519458,"W/m2"
"SSP370",1942,"Ftot",0.553699157912077,"W/m2"
"SSP370",1943,"Ftot",0.556714470706686,"W/m2"
"SSP370",1944,"Ftot",0.59976278213411,"W/m2"
"SSP370",1945,"Ftot",0.668198402735908,"W/m2"
"SSP370",1946,"Ftot",0.694365984681144,"W/m2"
"SSP370",1947,"Ftot",0.655526050087008,"W/m2"
"SSP370",1948,"Ftot",0.654586375256033,"W/m2"
"SSP370",1949,"Ftot",0.668662266120375,"W/m2"
"SSP370",1950,"Ftot",0.644226581513713,"W/m2"
"SSP370",1951,"Ftot",0.6546719746064,"W/m2"
"SSP370",1952,"Ftot",0.662288929154624,"W/m2"
"SSP370",1953,"Ftot",0.670942273690159,"W/m2"
"SSP370",1954,"Ftot",0.702771573898207,"W/m2"
"SSP370",1955,"Ftot",0.716486792289239,"W/m2"
"SSP370",1956,"Ftot",0.727522413912722,"W/m2"
"SSP370",1957,"Ftot",0.748594356283327,"W/m2"
"SSP370",1958,"Ftot",0.790113335855632,"W/m2"
"SSP370",1959,"Ftot",0.799557468432975,"W/m2"
"SSP370",1960,"Ftot",0.742147326598062,"W/m2"
"SSP370",1961,"Ftot",0.592245881321991,"W/m2"
"SSP370",1962,"Ftot",0.546284573806163,"W/m2"
"SSP370",1963,"Ftot",0.0746486109083491,"W/m2"
"SSP370",1964,"Ftot",-0.261939208446628,"W/m2"
"SSP370",1965,"Ftot",0.0788408040651447,"W/m2"
"SSP370",1966,"Ftot",0.486661171669124,"W/m2"
"SSP370",1967,"Ftot",0.661498240586653,"W/m2"
"SSP370",1968,"Ftot",0.485543113434835,"W/m2"
"SSP370",1969,"Ftot",0.442929861706831,"W/m2"
"SSP370",1970,"Ftot",0.697260512629851,"W/m2"
"SSP370",1971,"Ftot",0.91811623586687,"W/m2"
"SSP370",1972,"Ftot",0.982354349148324,"W/m2"
"SSP370",1973,"Ftot",0.964010010532254,"W/m2"
"SSP370",1974,"Ftot",0.875452213594351,"W/m2"
"SSP370",1975,"Ftot",0.838678873365108,"W/m2"
"SSP370",1976,"Ftot",0.97821914905685,"W/m2"
"SSP370",1977,"Ftot",1.17781282325946,"W/m2"
"SSP370",1978,"Ftot",1.20939064335645,"W/m2"
"SSP370",1979,"Ftot",1.23323088842139,"W/m2"
"SSP370",1980,"Ftot",1.32860793354185,"W/m2"
"SSP370",1981,"Ftot",1.32535317643933,"W/m2"
"SSP370",1982,"Ftot",0.700643476427408,"W/m2"
"SSP370",1983,"Ftot",0.482129601465371,"W/m2"
"SSP370",1984,"Ftot",1.07850185040709,"W/m2"
"SSP370",1985,"Ftot",1.41874158154729,"W/m2"
"SSP370",1986,"Ftot",1.52983200861402,"W/m2"
"SSP370",1987,"Ftot",1.59614506426546,"W/m2"
"SSP370",1988,"Ftot",1.69535088477522,"W/m2"
"SSP370",1989,"Ftot",1.76595120480514,"W/m2"
"SSP370",1990,"Ftot",1.80968508439499,"W/m2"
"SSP370",1991,"Ftot",0.889363622983309,"W/m2"
"SSP370",1992,"Ftot",0.376776815165877,"W/m2"
"SSP370",1993,"Ftot",1.16159365193067,"W/m2"
"SSP370",1994,"Ftot",1.73878229838906,"W/m2"
"SSP370",1995,"Ftot",2.00427737036517,"W/m2"
"SSP370",1996,"Ftot",2.11337946962453,"W/m2"
"SSP370",1997,"Ftot",2.12864300813258,"W/m2"
"SSP370",1998,"Ftot",2.22718920625007,"W/m2"
"SSP370",1999,"Ftot",2.3553485777129,"W/m2"
"SSP370",2000,"Ftot",2.40400500552819,"W/m2"
"SSP370",2001,"Ftot",2.43985617810097,"W/m2"
"SSP370",2002,"Ftot",2.44042515678109,"W/m2"
"SSP370",2003,"Ftot",2.45097409143855,"W/m2"
"SSP370",2004,"Ftot",2.50274306480776,"W/m2"
"SSP370",2005,"Ftot",2.47949382771368,"W/m2"
"SSP370",2006,"Ftot",2.38772016497496,"W/m2"
"SSP370",2007,"Ftot",2.40582698256266,"W/m2"
"SSP370",2008,"Ftot",2.46418360584133,"W/m2"
"SSP370",2009,"Ftot",2.5256998171999,"W/m2"
"SSP370",2010,"Ftot",2.57821287987825,"W/m2"
"SSP370",2011,"Ftot",2.62131261300979,"W/m2"
"SSP370",2012,"Ftot",2.64915562830746,"W/m2"
"SSP370",2013,"Ftot",2.71008787791873,"W/m2"
"SSP370",2014,"Ftot",2.73632180244292,"W/m2"
"SSP370",2015,"Ftot",2.88504057953014,"W/m2"
"SSP370",2016,"Ftot",2.93808424330626,"W/m2"
"SSP370",2017,"Ftot",2.9911533765349,"W/m2"
"SSP370",2018,"Ftot",3.04587154230256,"W/m2"
"SSP370",2019,"Ftot",3.10209876725884,"W/m2"
"SSP370",2020,"Ftot",3.15976111501657,"W/m2"
"SSP370",2021,"Ftot",3.20832094840843,"W/m2"
"SSP370",2022,"Ftot",3.25760969939445,"W/m2"
"SSP370",2023,"Ftot",3.30728042050097,"W/m2"
"SSP370",2024,"Ftot",3.35732855173099,"W/m2"
"SSP370",2025,"Ftot",3.40774437972729,"W/m2"
"SSP370",2026,"Ftot",3.45851671556766,"W/m2"
"SSP370",2027,"Ftot",3.50963427545427,"W/m2"
"SSP370",2028,"Ftot",3.56108623862451,"W/m2"
"SSP370",2029,"Ftot",3.61286247934686,"W/m2"
"SSP370",2030,"Ftot",3.66495353866713,"W/m2"
"SSP370",2031,"Ftot",3.71704320024771,"W/m2"
"SSP370",2032,"Ftot",3.76922366857184,"W/m2"
"SSP370",2033,"Ftot",3.82134207497949,"W/m2"
"SSP370",2034,"Ftot",3.87341685391552,"W/m2"
"SSP370",2035,"Ftot",3.92546297203317,"W/m2"
"SSP370",2036,"Ftot",3.97749285092438,"W/m2"
"SSP370",2037,"Ftot",4.02951509296162,"W/m2"
"SSP370",2038,"Ftot",4.08153821153567,"W/m2"
"SSP370",2039,"Ftot",4.133573456805,"W/m2"
"SSP370",2040,"Ftot",4.18563007494376,"W/m2"
"SSP370",2041,"Ftot",4.2355934696951,"W/m2"
"SSP370",2042,"Ftot",4.2856383517255,"W/m2"
"SSP370",2043,"Ftot",4.33568412030056,"W/m2"
"SSP370",2044,"Ftot",4.38573026509309,"W/m2"
"SSP370",2045,"Ftot",4.43577625621572,"W/m2"
"SSP370",2046,"Ftot",4.48582168055163,"W/m2"
"SSP370",2047,"Ftot",4.53586644829856,"W/m2"
"SSP370",2048,"Ftot",4.58591069243507,"W/m2"
"SSP370",2049,"Ftot",4.63595451882362,"W/m2"
"SSP370",2050,"Ftot",4.68599797863927,"W/m2"
"SSP370",2051,"Ftot",4.73684795326518,"W/m2"
"SSP370",2052,"Ftot",4.78771255004201,"W/m2"
"SSP370",2053,"Ftot",4.8385772374421,"W/m2"
"SSP370",2054,"Ftot",4.88944016135905,"W/m2"
"SSP370",2055,"Ftot",4.94029935534718,"W/m2"
"SSP370",2056,"Ftot",4.99115300303201,"W/m2"
"SSP370",2057,"Ftot",5.04199949997004,"W/m2"
"SSP370",2058,"Ftot",5.09283749259698,"W/m2"
"SSP370",2059,"Ftot",5.14366648440361,"W/m2"
"SSP370",2060,"Ftot",5.19448827080688,"W/m2"
"SSP370",2061,"Ftot",5.24557308727526,"W/m2"
"SSP370",2062,"Ftot",5.29665423218462,"W/m2"
"SSP370",2063,"Ftot",5.3477008086022,"W/m2"
"SSP370",2064,"Ftot",5.39871204704696,"W/m2"
"SSP370",2065,"Ftot",5.44968728022163,"W/m2"
"SSP370",2066,"Ftot",5.50062660864503,"W/m2"
"SSP370",2067,"Ftot",5.55153026029733,"W/m2"
"SSP370",2068,"Ftot",5.60239818260297,"W/m2"
"SSP370",2069,"Ftot",5.65323032519863,"W/m2"
"SSP370",2070,"Ftot",5.70402677411971,"W/m2"
"SSP370",2071,"Ftot",5.75465589723428,"W/m2"
"SSP370",2072,"Ftot",5.80527302981218,"W/m2"
"SSP370",2073,"Ftot",5.85586551876166,"W/m2"
"SSP370",2074,"Ftot",5.90643259772811,"W/m2"
"SSP370",2075,"Ftot",5.95697361811938,"W/m2"
"SSP370",2076,"Ftot",6.00748816061699,"W/m2"
"SSP370",2077,"Ftot",6.05797601803727,"W/m2"
"SSP370",2078,"Ftot",6.10843702639538,"W/m2"
"SSP370",2079,"Ftot",6.15887112913198,"W/m2"
"SSP370",2080,"Ftot",6.20927853345997,"W/m2"
"SSP370",2081,"Ftot",6.26036300639832,"W/m2"
"SSP370",2082,"Ftot",6.31138507835154,"W/m2"
"SSP370",2083,"Ftot",6.36239485695309,"W/m2"
"SSP370",2084,"Ftot",6.41339567435049,"W/m2"
"SSP370",2085,"Ftot",6.46439069383171,"W/m2"
"SSP370",2086,"Ftot",6.51538325043253,"W/m2"
"SSP370",2087,"Ftot",6.56638004536263,"W/m2"
"SSP370",2088,"Ftot",6.61738946905802,"W/m2"
"SSP370",2089,"Ftot",6.66841530542414,"W/m2"
"SSP370",2090,"Ftot",6.71945806823719,"W/m2"
"SSP370",2091,"Ftot",6.77174605053527,"W/m2"
"SSP370",2092,"Ftot",6.82411635852291,"W/m2"
"SSP370",2093,"Ftot",6.87660433770344,"W/m2"
"SSP370",2094,"Ftot",6.92920551011777,"W/m2"
"SSP370",2095,"Ftot",6.98191558905113,"W/m2"
"SSP370",2096,"Ftot",7.03472990363588,"W/m2"
"SSP370",2097,"Ftot",7.08764355616851,"W/m2"
"SSP370",2098,"Ftot",7.14065170396325,"W/m2"
"SSP370",2099,"Ftot",7.19375001968499,"W/m2"
"SSP370",2100,"Ftot",7.24693511804081,"W/m2"
"SSP370",2101,"Ftot",7.29713431148719,"W/m2"
"SSP370",2102,"Ftot",7.34604936376809,"W/m2"
"SSP370",2103,"Ftot",7.39332334026309,"W/m2"
"SSP370",2104,"Ftot",7.43905112170987,"W/m2"
"SSP370",2105,"Ftot",7.48331728327656,"W/m2"
"SSP370",2106,"Ftot",7.5262001062344,"W/m2"
"SSP370",2107,"Ftot",7.56777286796694,"W/m2"
"SSP370",2108,"Ftot",7.608101489269,"W/m2"
"SSP370",2109,"Ftot",7.64724528489076,"W/m2"
"SSP370",2110,"Ftot",7.68525899917586,"W/m2"
"SSP370",2111,"Ftot",7.72219387139895,"W/m2"
"SSP370",2112,"Ftot",7.75809759200641,"W/m2"
"SSP370",2113,"Ftot",7.79301441818614,"W/m2"
"SSP370",2114,"Ftot",7.82698559902957,"W/m2"
"SSP370",2115,"Ftot",7.86004968273395,"W/m2"
"SSP370",2116,"Ftot",7.89224366153789,"W/m2"
"SSP370",2117,"Ftot",7.92360247761591,"W/m2"
"SSP370",2118,"Ftot",7.95415777350167,"W/m2"
"SSP370",2119,"Ftot",7.98393874981343,"W/m2"
"SSP370",2120,"Ftot",8.01297290212243,"W/m2"
"SSP370",2121,"Ftot",8.04128616201032,"W/m2"
"SSP370",2122,"Ftot",8.06890293164633,"W/m2"
"SSP370",2123,"Ftot",8.0958460791653,"W/m2"
"SSP370",2124,"Ftot",8.12213755630313,"W/m2"
"SSP370",2125,"Ftot",8.14779792155626,"W/m2"
"SSP370",2126,"Ftot",8.17284626036756,"W/m2"
"SSP370",2127,"Ftot",8.19730067527929,"W/m2"
"SSP370",2128,"Ftot",8.22117833514567,"W/m2"
"SSP370",2129,"Ftot",8.2444954692426,"W/m2"
"SSP370",2130,"Ftot",8.2672674039669,"W/m2"
"SSP370",2131,"Ftot",8.28950869840841,"W/m2"
"SSP370",2132,"Ftot",8.31123329584312,"W/m2"
"SSP370",2133,"Ftot",8.332454602938,"W/m2"
"SSP370",2134,"Ftot",8.35318507655863,"W/m2"
"SSP370",2135,"Ftot",8.37343625571156,"W/m2"
"SSP370",2136,"Ftot",8.39321909134719,"W/m2"
"SSP370",2137,"Ftot",8.41254405107527,"W/m2"
"SSP370",2138,"Ftot",8.43142106113508,"W/m2"
"SSP370",2139,"Ftot",8.44985962499485,"W/m2"
"SSP370",2140,"Ftot",8.46786881885996,"W/m2"
"SSP370",2141,"Ftot",8.48545735626665,"W/m2"
"SSP370",2142,"Ftot",8.50263347802239,"W/m2"
"SSP370",2143,"Ftot",8.51940508627005,"W/m2"
"SSP370",2144,"Ftot",8.53577972772065,"W/m2"
"SSP370",2145,"Ftot",8.55176458121997,"W/m2"
"SSP370",2146,"Ftot",8.56736657959166,"W/m2"
"SSP370",2147,"Ftot",8.58259232921599,"W/m2"
"SSP370",2148,"Ftot",8.5974479897498,"W/m2"
"SSP370",2149,"Ftot",8.61193924288392,"W/m2"
"SSP370",2150,"Ftot",8.62607150372736,"W/m2"
"SSP370",2151,"Ftot",8.63985016605402,"W/m2"
"SSP370",2152,"Ftot",8.65331415273298,"W/m2"
"SSP370",2153,"Ftot",8.66649994423573,"W/m2"
"SSP370",2154,"Ftot",8.67941070114215,"W/m2"
"SSP370",2155,"Ftot",8.69204921051915,"W/m2"
"SSP370",2156,"Ftot",8.70441819594675,"W/m2"
"SSP370",2157,"Ftot",8.71652024989112,"W/m2"
"SSP370",2158,"Ftot",8.7283577735848,"W/m2"
"SSP370",2159,"Ftot",8.73993305950315,"W/m2"
"SSP370",2160,"Ftot",8.75124831537667,"W/m2"
"SSP370",2161,"Ftot",8.76230563276617,"W/m2"
"SSP370",2162,"Ftot",8.77310692935426,"W/m2"
"SSP370",2163,"Ftot",8.78365407732566,"W/m2"
"SSP370",2164,"Ftot",8.79394912383467,"W/m2"
"SSP370",2165,"Ftot",8.80399453416803,"W/m2"
"SSP370",2166,"Ftot",8.8137927352335,"W/m2"
"SSP370",2167,"Ftot",8.82334743149011,"W/m2"
"SSP370",2168,"Ftot",8.83266291394164,"W/m2"
"SSP370",2169,"Ftot",8.84174161945297,"W/m2"
"SSP370",2170,"Ftot",8.85058425185963,"W/m2"
"SSP370",2171,"Ftot",8.85919108045029,"W/m2"
"SSP370",2172,"Ftot",8.8675632675884,"W/m2"
"SSP370",2173,"Ftot",8.87570224494839,"W/m2"
"SSP370",2174,"Ftot",8.88360858398817,"W/m2"
"SSP370",2175,"Ftot",8.89128225334143,"W/m2"
"SSP370",2176,"Ftot",8.89872332394087,"W/m2"
"SSP370",2177,"Ftot",8.90593223967751,"W/m2"
"SSP370",2178,"Ftot",8.91290992540483,"W/m2"
"SSP370",2179,"Ftot",8.9196574767103,"W/m2"
"SSP370",2180,"Ftot",8.92617551545329,"W/m2"
"SSP370",2181,"Ftot",8.93246408250869,"W/m2"
"SSP370",2182,"Ftot",8.93852333584197,"W/m2"
"SSP370",2183,"Ftot",8.94435359538739,"W/m2"
"SSP370",2184,"Ftot",8.94995504870491,"W/m2"
"SSP370",2185,"Ftot",8.95532806690452,"W/m2"
"SSP370",2186,"Ftot",8.960475137684,"W/m2"
"SSP370",2187,"Ftot",8.96539913411471,"W/m2"
"SSP370",2188,"Ftot",8.97010044275869,"W/m2"
"SSP370",2189,"Ftot",8.97457828133435,"W/m2"
"SSP370",2190,"Ftot",8.97883193221017,"W/m2"
"SSP370",2191,"Ftot",8.98286092270238,"W/m2"
"SSP370",2192,"Ftot",8.9866648255443,"W/m2"
"SSP370",2193,"Ftot",8.99024330242515,"W/m2"
"SSP370",2194,"Ftot",8.99359616274175,"W/m2"
"SSP370",2195,"Ftot",8.9967263389066,"W/m2"
"SSP370",2196,"Ftot",8.99963797231042,"W/m2"
"SSP370",2197,"Ftot",9.00233177170166,"W/m2"
"SSP370",2198,"Ftot",9.00480630215909,"W/m2"
"SSP370",2199,"Ftot",9.00705979746998,"W/m2"
"SSP370",2200,"Ftot",9.00933342561938,"W/m2"
"SSP370",2201,"Ftot",9.01078809655903,"W/m2"
"SSP370",2202,"Ftot",9.01254306713869,"W/m2"
"SSP370",2203,"Ftot",9.01387635314132,"W/m2"
"SSP370",2204,"Ftot",9.01500878152106,"W/m2"
"SSP370",2205,"Ftot",9.01591638085458,"W/m2"
"SSP370",2206,"Ftot",9.01659709378428,"W/m2"
"SSP370",2207,"Ftot",9.01705195858193,"W/m2"
"SSP370",2208,"Ftot",9.01728079522356,"W/m2"
"SSP370",2209,"Ftot",9.01728376715015,"W/m2"
"SSP370",2210,"Ftot",9.01706142773137,"W/m2"
"SSP370",2211,"Ftot",9.01661426678374,"W/m2"
"SSP370",2212,"Ftot",9.01594256640228,"W/m2"
"SSP370",2213,"Ftot",9.01504644811103,"W/m2"
"SSP370",2214,"Ftot",9.01392595239862,"W/m2"
"SSP370",2215,"Ftot",9.01258109381941,"W/m2"
"SSP370",2216,"Ftot",9.01101191459696,"W/m2"
"SSP370",2217,"Ftot",9.00921837272715,"W/m2"
"SSP370",2218,"Ftot",9.00720045830195,"W/m2"
"SSP370",2219,"Ftot",9.00495781224781,"W/m2"
"SSP370",2220,"Ftot",9.00249008202141,"W/m2"
"SSP370",2221,"Ftot",8.99979695592494,"W/m2"
"SSP370",2222,"Ftot",8.99687813424373,"W/m2"
"SSP370",2223,"Ftot",8.99397312286636,"W/m2"
"SSP370",2224,"Ftot",8.99025049494513,"W/m2"
"SSP370",2225,"Ftot",8.98681839353903,"W/m2"
"SSP370",2226,"Ftot",8.98297047042685,"W/m2"
"SSP370",2227,"Ftot",8.97891699219614,"W/m2"
"SSP370",2228,"Ftot",8.97463770531115,"W/m2"
"SSP370",2229,"Ftot",8.97012971250142,"W/m2"
"SSP370",2230,"Ftot",8.96539374909487,"W/m2"
"SSP370",2231,"Ftot",8.96042936833774,"W/m2"
"SSP370",2232,"Ftot",8.95523621649997,"W/m2"
"SSP370",2233,"Ftot",8.94981394123951,"W/m2"
"SSP370",2234,"Ftot",8.94416216937627,"W/m2"
"SSP370",2235,"Ftot",8.93828051379581,"W/m2"
"SSP370",2236,"Ftot",8.93216857290105,"W/m2"
"SSP370",2237,"Ftot",8.92582593087323,"W/m2"
"SSP370",2238,"Ftot",8.91925215787831,"W/m2"
"SSP370",2239,"Ftot",8.91244681005587,"W/m2"
"SSP370",2240,"Ftot",8.90540942940698,"W/m2"
"SSP370",2241,"Ftot",8.8981395436364,"W/m2"
"SSP370",2242,"Ftot",8.8906366659175,"W/m2"
"SSP370",2243,"Ftot",8.88290029467863,"W/m2"
"SSP370",2244,"Ftot",8.87492991332748,"W/m2"
"SSP370",2245,"Ftot",8.86695695435587,"W/m2"
"SSP370",2246,"Ftot",8.85817854698933,"W/m2"
"SSP370",2247,"Ftot",8.84965540396151,"W/m2"
"SSP370",2248,"Ftot",8.84072129574562,"W/m2"
"SSP370",2249,"Ftot",8.831571446502,"W/m2"
"SSP370",2250,"Ftot",8.82218553048123,"W/m2"
"SSP370",2251,"Ftot",8.81087837874332,"W/m2"
"SSP370",2252,"Ftot",8.7998750216056,"W/m2"
"SSP370",2253,"Ftot",8.78928691689618,"W/m2"
"SSP370",2254,"Ftot",8.77908329872372,"W/m2"
"SSP370",2255,"Ftot",8.76923566009554,"W/m2"
"SSP370",2256,"Ftot",8.7597184064681,"W/m2"
"SSP370",2257,"Ftot",8.75050810486859,"W/m2"
"SSP370",2258,"Ftot",8.74158315522007,"W/m2"
"SSP370",2259,"Ftot",8.73292359936768,"W/m2"
"SSP370",2260,"Ftot",8.72451097111773,"W/m2"
"SSP370",2261,"Ftot",8.71632817405135,"W/m2"
"SSP370",2262,"Ftot",8.70835937493797,"W/m2"
"SSP370",2263,"Ftot",8.70058990748971,"W/m2"
"SSP370",2264,"Ftot",8.69300618405738,"W/m2"
"SSP370",2265,"Ftot",8.68559561315051,"W/m2"
"SSP370",2266,"Ftot",8.67834652393761,"W/m2"
"SSP370",2267,"Ftot",8.67124809638501,"W/m2"
"SSP370",2268,"Ftot",8.66429029639005,"W/m2"
"SSP370",2269,"Ftot",8.65746381561211,"W/m2"
"SSP370",2270,"Ftot",8.65076001572793,"W/m2"
"SSP370",2271,"Ftot",8.6441708768396,"W/m2"
"SSP370",2272,"Ftot",8.63768894977211,"W/m2"
"SSP370",2273,"Ftot",8.6313073120051,"W/m2"
"SSP370",2274,"Ftot",8.62501952699064,"W/m2"
"SSP370",2275,"Ftot",8.61881960704476,"W/m2"
"SSP370",2276,"Ftot",8.61270197858461,"W/m2"
"SSP370",2277,"Ftot",8.60666145010422,"W/m2"
"SSP370",2278,"Ftot",8.60069318272348,"W/m2"
"SSP370",2279,"Ftot",8.59479266308923,"W/m2"
"SSP370",2280,"Ftot",8.58895567844022,"W/m2"
"SSP370",2281,"Ftot",8.58317829366587,"W/m2"
"SSP370",2282,"Ftot",8.5774568302004,"W/m2"
"SSP370",2283,"Ftot",8.57178784660846,"W/m2"
"SSP370",2284,"Ftot",8.56616812072547,"W/m2"
"SSP370",2285,"Ftot",8.56059463096056,"W/m2"
"SSP370",2286,"Ftot",8.55506454174918,"W/m2"
"SSP370",2287,"Ftot",8.5495751901942,"W/m2"
"SSP370",2288,"Ftot",8.54412407357264,"W/m2"
"SSP370",2289,"Ftot",8.5387088377555,"W/m2"
"SSP370",2290,"Ftot",8.53332726650084,"W/m2"
"SSP370",2291,"Ftot",8.52797727155716,"W/m2"
"SSP370",2292,"Ftot",8.52265688351655,"W/m2"
"SSP370",2293,"Ftot",8.51736424338023,"W/m2"
"SSP370",2294,"Ftot",8.51209759479328,"W/m2"
"SSP370",2295,"Ftot",8.50685527291525,"W/m2"
"SSP370",2296,"Ftot",8.50163569840724,"W/m2"
"SSP370",2297,"Ftot",8.4964373721448,"W/m2"
"SSP370",2298,"Ftot",8.49125887007955,"W/m2"
"SSP370",2299,"Ftot",8.48609883838967,"W/m2"
"SSP370",2300,"Ftot",8.48095598894782,"W/m2"
"SSP370",1850,"Tgav",0.11714020702554,"degC"
"SSP370",1851,"Tgav",0.122124591991989,"degC"
"SSP370",1852,"Tgav",0.128571608166981,"degC"
"SSP370",1853,"Tgav",0.135822647639025,"degC"
"SSP370",1854,"Tgav",0.142684329246122,"degC"
"SSP370",1855,"Tgav",0.137851332844833,"degC"
"SSP370",1856,"Tgav",0.0943666666554113,"degC"
"SSP370",1857,"Tgav",0.0377118072679191,"degC"
"SSP370",1858,"Tgav",0.02237900608797,"degC"
"SSP370",1859,"Tgav",0.0423519732660814,"degC"
"SSP370",1860,"Tgav",0.0689569846447355,"degC"
"SSP370",1861,"Tgav",0.087541782287272,"degC"
"SSP370",1862,"Tgav",0.0933487345894605,"degC"
"SSP370",1863,"Tgav",0.0983746276212696,"degC"
"SSP370",1864,"Tgav",0.110313073392515,"degC"
"SSP370",1865,"Tgav",0.124250005402407,"degC"
"SSP370",1866,"Tgav",0.137358996486239,"degC"
"SSP370",1867,"Tgav",0.148512745642835,"degC"
"SSP370",1868,"Tgav",0.157691887239198,"degC"
"SSP370",1869,"Tgav",0.164665220945669,"degC"
"SSP370",1870,"Tgav",0.170282744087937,"degC"
"SSP370",1871,"Tgav",0.175573356390908,"degC"
"SSP370",1872,"Tgav",0.179243893534166,"degC"
"SSP370",1873,"Tgav",0.181311346464658,"degC"
"SSP370",1874,"Tgav",0.184600173644304,"degC"
"SSP370",1875,"Tgav",0.187633750257234,"degC"
"SSP370",1876,"Tgav",0.186948249780991,"degC"
"SSP370",1877,"Tgav",0.18675495272082,"degC"
"SSP370",1878,"Tgav",0.190445548830516,"degC"
"SSP370",1879,"Tgav",0.19570843987078,"degC"
"SSP370",1880,"Tgav",0.20105931922921,"degC"
"SSP370",1881,"Tgav",0.206631970142871,"degC"
"SSP370",1882,"Tgav",0.201718544316888,"degC"
"SSP370",1883,"Tgav",0.118752424310098,"degC"
"SSP370",1884,"Tgav",-0.0129312040525703,"degC"
"SSP370",1885,"Tgav",-0.0630875812986548,"degC"
"SSP370",1886,"Tgav",-0.0510714836184401,"degC"
"SSP370",1887,"Tgav",-0.0305454922791917,"degC"
"SSP370",1888,"Tgav",-0.00929031401531195,"degC"
"SSP370",1889,"Tgav",-0.000421327201755684,"degC"
"SSP370",1890,"Tgav",-0.00106123718697597,"degC"
"SSP370",1891,"Tgav",0.00353749049250792,"degC"
"SSP370",1892,"Tgav",0.0225353435522128,"degC"
"SSP370",1893,"Tgav",0.0507149532977525,"degC"
"SSP370",1894,"Tgav",0.081534063854569,"degC"
"SSP370",1895,"Tgav",0.104354494714902,"degC"
"SSP370",1896,"Tgav",0.108730970707631,"degC"
"SSP370",1897,"Tgav",0.104542548266725,"degC"
"SSP370",1898,"Tgav",0.110740614156632,"degC"
"SSP370",1899,"Tgav",0.125978146795023,"degC"
"SSP370",1900,"Tgav",0.142726593501734,"degC"
"SSP370",1901,"Tgav",0.155203351559551,"degC"
"SSP370",1902,"Tgav",0.126188721769284,"degC"
"SSP370",1903,"Tgav",0.0669092682069369,"degC"
"SSP370",1904,"Tgav",0.0469595540147849,"degC"
"SSP370",1905,"Tgav",0.0665053849013008,"degC"
"SSP370",1906,"Tgav",0.091223688393483,"degC"
"SSP370",1907,"Tgav",0.105395394222376,"degC"
"SSP370",1908,"Tgav",0.117671435531606,"degC"
"SSP370",1909,"Tgav",0.132813674127005,"degC"
"SSP370",1910,"Tgav",0.147589362337198,"degC"
"SSP370",1911,"Tgav",0.160599339695503,"degC"
"SSP370",1912,"Tgav",0.149591399975894,"degC"
"SSP370",1913,"Tgav",0.129943767917993,"degC"
"SSP370",1914,"Tgav",0.136325578546449,"degC"
"SSP370",1915,"Tgav",0.153734460891851,"degC"
"SSP370",1916,"Tgav",0.168242196976542,"degC"
"SSP370",1917,"Tgav",0.179467693932731,"degC"
"SSP370",1918,"Tgav",0.1894919085741,"degC"
"SSP370",1919,"Tgav",0.201241323139732,"degC"
"SSP370",1920,"Tgav",0.202130562263361,"degC"
"SSP370",1921,"Tgav",0.205766032901413,"degC"
"SSP370",1922,"Tgav",0.216653793199167,"degC"
"SSP370",1923,"Tgav",0.224960557809713,"degC"
"SSP370",1924,"Tgav",0.231107080289305,"degC"
"SSP370",1925,"Tgav",0.236885549355951,"degC"
"SSP370",1926,"Tgav",0.242978427909548,"degC"
"SSP370",1927,"Tgav",0.247464845704717,"degC"
"SSP370",1928,"Tgav",0.247786759862206,"degC"
"SSP370",1929,"Tgav",0.242999988552329,"degC"
"SSP370",1930,"Tgav",0.244608660370308,"degC"
"SSP370",1931,"Tgav",0.253304209959151,"degC"
"SSP370",1932,"Tgav",0.261977502953581,"degC"
"SSP370",1933,"Tgav",0.268821047500803,"degC"
"SSP370",1934,"Tgav",0.276112653115062,"degC"
"SSP370",1935,"Tgav",0.281646504579319,"degC"
"SSP370",1936,"Tgav",0.286207567899421,"degC"
"SSP370",1937,"Tgav",0.288799560705514,"degC"
"SSP370",1938,"Tgav",0.292858970364679,"degC"
"SSP370",1939,"Tgav",0.295609016052349,"degC"
"SSP370",1940,"Tgav",0.297994430718301,"degC"
"SSP370",1941,"Tgav",0.300878735860811,"degC"
"SSP370",1942,"Tgav",0.301609338431612,"degC"
"SSP370",1943,"Tgav",0.302666336513157,"degC"
"SSP370",1944,"Tgav",0.30769087247283,"degC"
"SSP370",1945,"Tgav",0.318111955661879,"degC"
"SSP370",1946,"Tgav",0.328972752484812,"degC"
"SSP370",1947,"Tgav",0.334137897141224,"degC"
"SSP370",1948,"Tgav",0.337985586895313,"degC"
"SSP370",1949,"Tgav",0.342713167132939,"degC"
"SSP370",1950,"Tgav",0.344827195432693,"degC"
"SSP370",1951,"Tgav",0.347627647819339,"degC"
"SSP370",1952,"Tgav",0.351048666485208,"degC"
"SSP370",1953,"Tgav",0.354894657867092,"degC"
"SSP370",1954,"Tgav",0.361041422157275,"degC"
"SSP370",1955,"Tgav",0.367509715579614,"degC"
"SSP370",1956,"Tgav",0.373781916046655,"degC"
"SSP370",1957,"Tgav",0.38081436461706,"degC"
"SSP370",1958,"Tgav",0.390306664453017,"degC"
"SSP370",1959,"Tgav",0.399022696688795,"degC"
"SSP370",1960,"Tgav",0.401086123354408,"degC"
"SSP370",1961,"Tgav",0.389756555292747,"degC"
"SSP370",1962,"Tgav",0.376891236204645,"degC"
"SSP370",1963,"Tgav",0.327068737716739,"degC"
"SSP370",1964,"Tgav",0.257506832436133,"degC"
"SSP370",1965,"Tgav",0.233704103450774,"degC"
"SSP370",1966,"Tgav",0.254564213366453,"degC"
"SSP370",1967,"Tgav",0.286696611458364,"degC"
"SSP370",1968,"Tgav",0.294409596612496,"degC"
"SSP370",1969,"Tgav",0.293595640143591,"degC"
"SSP370",1970,"Tgav",0.314738336973717,"degC"
"SSP370",1971,"Tgav",0.35182392896324,"degC"
"SSP370",1972,"Tgav",0.386252081632022,"degC"
"SSP370",1973,"Tgav",0.410477532453223,"degC"
"SSP370",1974,"Tgav",0.421138790462671,"degC"
"SSP370",1975,"Tgav",0.426202486132393,"degC"
"SSP370",1976,"Tgav",0.443136916163962,"degC"
"SSP370",1977,"Tgav",0.47541319290107,"degC"
"SSP370",1978,"Tgav",0.504516520021214,"degC"
"SSP370",1979,"Tgav",0.529043313134517,"degC"
"SSP370",1980,"Tgav",0.556889665370549,"degC"
"SSP370",1981,"Tgav",0.5795293739467,"degC"
"SSP370",1982,"Tgav",0.543632011182236,"degC"
"SSP370",1983,"Tgav",0.494516172173302,"degC"
"SSP370",1984,"Tgav",0.510910819768454,"degC"
"SSP370",1985,"Tgav",0.559238014204943,"degC"
"SSP370",1986,"Tgav",0.606632325915374,"degC"
"SSP370",1987,"Tgav",0.647966574380365,"degC"
"SSP370",1988,"Tgav",0.688464127949688,"degC"
"SSP370",1989,"Tgav",0.726874087026284,"degC"
"SSP370",1990,"Tgav",0.761473113810311,"degC"
"SSP370",1991,"Tgav",0.70986366460367,"degC"
"SSP370",1992,"Tgav",0.621683527877757,"degC"
"SSP370",1993,"Tgav",0.624217097066584,"degC"
"SSP370",1994,"Tgav",0.685445827634919,"degC"
"SSP370",1995,"Tgav",0.757287796980018,"degC"
"SSP370",1996,"Tgav",0.820859268399942,"degC"
"SSP370",1997,"Tgav",0.870437882786596,"degC"
"SSP370",1998,"Tgav",0.917432294940021,"degC"
"SSP370",1999,"Tgav",0.966674218118192,"degC"
"SSP370",2000,"Tgav",1.01111536648202,"degC"
"SSP370",2001,"Tgav",1.05031602918777,"degC"
"SSP370",2002,"Tgav",1.08280244505693,"degC"
"SSP370",2003,"Tgav",1.11102583173426,"degC"
"SSP370",2004,"Tgav",1.13983917491282,"degC"
"SSP370",2005,"Tgav",1.16286952944692,"degC"
"SSP370",2006,"Tgav",1.17485181890079,"degC"
"SSP370",2007,"Tgav",1.18764179517173,"degC"
"SSP370",2008,"Tgav",1.20548550007239,"degC"
"SSP370",2009,"Tgav",1.22724725855964,"degC"
"SSP370",2010,"Tgav",1.25085596026664,"degC"
"SSP370",2011,"Tgav",1.2748399889174,"degC"
"SSP370",2012,"Tgav",1.29771502349794,"degC"
"SSP370",2013,"Tgav",1.32255190173927,"degC"
"SSP370",2014,"Tgav",1.34618179498788,"degC"
"SSP370",2015,"Tgav",1.37916874584737,"degC"
"SSP370",2016,"Tgav",1.41193961009445,"degC"
"SSP370",2017,"Tgav",1.44351030698114,"degC"
"SSP370",2018,"Tgav",1.47462257563562,"degC"
"SSP370",2019,"Tgav",1.50567846332362,"degC"
"SSP370",2020,"Tgav",1.53690434372943,"degC"
"SSP370",2021,"Tgav",1.56752982774139,"degC"
"SSP370",2022,"Tgav",1.5977355751686,"degC"
"SSP370",2023,"Tgav",1.62772711816104,"degC"
"SSP370",2024,"Tgav",1.65762445653288,"degC"
"SSP370",2025,"Tgav",1.68750527454102,"degC"
"SSP370",2026,"Tgav",1.71742205813683,"degC"
"SSP370",2027,"Tgav",1.74741139545926,"degC"
"SSP370",2028,"Tgav",1.77749939555892,"degC"
"SSP370",2029,"Tgav",1.8077050239138,"degC"
"SSP370",2030,"Tgav",1.83804223610135,"degC"
"SSP370",2031,"Tgav",1.86849478050938,"degC"
"SSP370",2032,"Tgav",1.89905673686452,"degC"
"SSP370",2033,"Tgav",1.92971265825187,"degC"
"SSP370",2034,"Tgav",1.96045161906224,"degC"
"SSP370",2035,"Tgav",1.99126736030925,"degC"
"SSP370",2036,"Tgav",2.02215627372675,"degC"
"SSP370",2037,"Tgav",2.05311616960011,"degC"
"SSP370",2038,"Tgav",2.08414581893457,"degC"
"SSP370",2039,"Tgav",2.11524495177259,"degC"
"SSP370",2040,"Tgav",2.14641388332438,"degC"
"SSP370",2041,"Tgav",2.17746951419214,"degC"
"SSP370",2042,"Tgav",2.2084460777101,"degC"
"SSP370",2043,"Tgav",2.23938446098866,"degC"
"SSP370",2044,"Tgav",2.27030781004414,"degC"
"SSP370",2045,"Tgav",2.30123087070486,"degC"
"SSP370",2046,"Tgav",2.33216351803615,"degC"
"SSP370",2047,"Tgav",2.36311263040997,"degC"
"SSP370",2048,"Tgav",2.39408314965471,"degC"
"SSP370",2049,"Tgav",2.42507869937214,"degC"
"SSP370",2050,"Tgav",2.45610197115317,"degC"
"SSP370",2051,"Tgav",2.48722482898333,"degC"
"SSP370",2052,"Tgav",2.51843887433181,"degC"
"SSP370",2053,"Tgav",2.5497282815206,"degC"
"SSP370",2054,"Tgav",2.58108333179584,"degC"
"SSP370",2055,"Tgav",2.61249757400178,"degC"
"SSP370",2056,"Tgav",2.64396638769809,"degC"
"SSP370",2057,"Tgav",2.67548626280848,"degC"
"SSP370",2058,"Tgav",2.70705441033772,"degC"
"SSP370",2059,"Tgav",2.73866859021388,"degC"
"SSP370",2060,"Tgav",2.77032714372429,"degC"
"SSP370",2061,"Tgav",2.80205208419213,"degC"
"SSP370",2062,"Tgav",2.83383876335375,"degC"
"SSP370",2063,"Tgav",2.86567807743509,"degC"
"SSP370",2064,"Tgav",2.89756355167114,"degC"
"SSP370",2065,"Tgav",2.92949052702563,"degC"
"SSP370",2066,"Tgav",2.96145548782262,"degC"
"SSP370",2067,"Tgav",2.99345567232878,"degC"
"SSP370",2068,"Tgav",3.02548880769927,"degC"
"SSP370",2069,"Tgav",3.05755296542135,"degC"
"SSP370",2070,"Tgav",3.08964648322091,"degC"
"SSP370",2071,"Tgav",3.12175649973142,"degC"
"SSP370",2072,"Tgav",3.15388558120411,"degC"
"SSP370",2073,"Tgav",3.18603590173161,"degC"
"SSP370",2074,"Tgav",3.21820826307345,"degC"
"SSP370",2075,"Tgav",3.25040289486993,"degC"
"SSP370",2076,"Tgav",3.2826197166901,"degC"
"SSP370",2077,"Tgav",3.31485848095156,"degC"
"SSP370",2078,"Tgav",3.34711884203115,"degC"
"SSP370",2079,"Tgav",3.37940040185846,"degC"
"SSP370",2080,"Tgav",3.41170275370994,"degC"
"SSP370",2081,"Tgav",3.44408639665812,"degC"
"SSP370",2082,"Tgav",3.47653802622494,"degC"
"SSP370",2083,"Tgav",3.50904429515025,"degC"
"SSP370",2084,"Tgav",3.54159800388817,"degC"
"SSP370",2085,"Tgav",3.57419465839045,"degC"
"SSP370",2086,"Tgav",3.60683138430655,"degC"
"SSP370",2087,"Tgav",3.63950663345987,"degC"
"SSP370",2088,"Tgav",3.67221994576273,"degC"
"SSP370",2089,"Tgav",3.7049712511405,"degC"
"SSP370",2090,"Tgav",3.7377604412196,"degC"
"SSP370",2091,"Tgav",3.77069366027312,"degC"
"SSP370",2092,"Tgav",3.80375928052893,"degC"
"SSP370",2093,"Tgav",3.83693930830318,"degC"
"SSP370",2094,"Tgav",3.8702236512793,"degC"
"SSP370",2095,"Tgav",3.90360571154783,"degC"
"SSP370",2096,"Tgav",3.93708076474675,"degC"
"SSP370",2097,"Tgav",3.97064514211289,"degC"
"SSP370",2098,"Tgav",4.0042958092147,"degC"
"SSP370",2099,"Tgav",4.03803016691326,"degC"
"SSP370",2100,"Tgav",4.07184597792682,"degC"
"SSP370",2101,"Tgav",4.10547554753892,"degC"
"SSP370",2102,"Tgav",4.13884159306122,"degC"
"SSP370",2103,"Tgav",4.1718765270314,"degC"
"SSP370",2104,"Tgav",4.20452928980089,"degC"
"SSP370",2105,"Tgav",4.23676620684351,"degC"
"SSP370",2106,"Tgav",4.26856529402275,"degC"
"SSP370",2107,"Tgav",4.29991283286675,"degC"
"SSP370",2108,"Tgav",4.3308008776134,"degC"
"SSP370",2109,"Tgav",4.36122553178302,"degC"
"SSP370",2110,"Tgav",4.39118587182271,"degC"
"SSP370",2111,"Tgav",4.42068323899615,"degC"
"SSP370",2112,"Tgav",4.44972068206643,"degC"
"SSP370",2113,"Tgav",4.47830251450865,"degC"
"SSP370",2114,"Tgav",4.50643398911288,"degC"
"SSP370",2115,"Tgav",4.53412105468565,"degC"
"SSP370",2116,"Tgav",4.56137024717249,"degC"
"SSP370",2117,"Tgav",4.5881885487883,"degC"
"SSP370",2118,"Tgav",4.61458314542859,"degC"
"SSP370",2119,"Tgav",4.64056129155207,"degC"
"SSP370",2120,"Tgav",4.66613026660515,"degC"
"SSP370",2121,"Tgav",4.69129734300799,"degC"
"SSP370",2122,"Tgav",4.71606974940984,"degC"
"SSP370",2123,"Tgav",4.74045462962964,"degC"
"SSP370",2124,"Tgav",4.76445905436732,"degC"
"SSP370",2125,"Tgav",4.78808998420357,"degC"
"SSP370",2126,"Tgav",4.81135422138154,"degC"
"SSP370",2127,"Tgav",4.83425840952749,"degC"
"SSP370",2128,"Tgav",4.85680903570545,"degC"
"SSP370",2129,"Tgav",4.87901242472613,"degC"
"SSP370",2130,"Tgav",4.90087473248966,"degC"
"SSP370",2131,"Tgav",4.92240194854414,"degC"
"SSP370",2132,"Tgav",4.94359990817629,"degC"
"SSP370",2133,"Tgav",4.96447430564797,"degC"
"SSP370",2134,"Tgav",4.98503066544155,"degC"
"SSP370",2135,"Tgav",5.00527431738679,"degC"
"SSP370",2136,"Tgav",5.02521040570829,"degC"
"SSP370",2137,"Tgav",5.04484390533835,"degC"
"SSP370",2138,"Tgav",5.06417962676639,"degC"
"SSP370",2139,"Tgav",5.08322222702189,"degC"
"SSP370",2140,"Tgav",5.10197621689298,"degC"
"SSP370",2141,"Tgav",5.12044597021819,"degC"
"SSP370",2142,"Tgav",5.13863572063895,"degC"
"SSP370",2143,"Tgav",5.15654956876664,"degC"
"SSP370",2144,"Tgav",5.17419148659298,"degC"
"SSP370",2145,"Tgav",5.19156531848971,"degC"
"SSP370",2146,"Tgav",5.20867479169758,"degC"
"SSP370",2147,"Tgav",5.22552351759437,"degC"
"SSP370",2148,"Tgav",5.24211498071793,"degC"
"SSP370",2149,"Tgav",5.2584525266013,"degC"
"SSP370",2150,"Tgav",5.27453937064234,"degC"
"SSP370",2151,"Tgav",5.29037862724535,"degC"
"SSP370",2152,"Tgav",5.30597623677678,"degC"
"SSP370",2153,"Tgav",5.32134030550823,"degC"
"SSP370",2154,"Tgav",5.33647756975065,"degC"
"SSP370",2155,"Tgav",5.35139346581485,"degC"
"SSP370",2156,"Tgav",5.366092586661,"degC"
"SSP370",2157,"Tgav",5.38057893343936,"degC"
"SSP370",2158,"Tgav",5.3948560608879,"degC"
"SSP370",2159,"Tgav",5.40892717690465,"degC"
"SSP370",2160,"Tgav",5.42279521288506,"degC"
"SSP370",2161,"Tgav",5.43646287057751,"degC"
"SSP370",2162,"Tgav",5.44993265069941,"degC"
"SSP370",2163,"Tgav",5.46320688496714,"degC"
"SSP370",2164,"Tgav",5.47628778068112,"degC"
"SSP370",2165,"Tgav",5.48917747708737,"degC"
"SSP370",2166,"Tgav",5.50187804999055,"degC"
"SSP370",2167,"Tgav",5.51439162573926,"degC"
"SSP370",2168,"Tgav",5.52672041948816,"degC"
"SSP370",2169,"Tgav",5.53886654515428,"degC"
"SSP370",2170,"Tgav",5.55083186775176,"degC"
"SSP370",2171,"Tgav",5.56261801500943,"degC"
"SSP370",2172,"Tgav",5.57422651196291,"degC"
"SSP370",2173,"Tgav",5.58565883280162,"degC"
"SSP370",2174,"Tgav",5.59691633102686,"degC"
"SSP370",2175,"Tgav",5.60800020133708,"degC"
"SSP370",2176,"Tgav",5.61891151803456,"degC"
"SSP370",2177,"Tgav",5.62965129266716,"degC"
"SSP370",2178,"Tgav",5.64022052621992,"degC"
"SSP370",2179,"Tgav",5.65062022095174,"degC"
"SSP370",2180,"Tgav",5.66085133110534,"degC"
"SSP370",2181,"Tgav",5.67091471348661,"degC"
"SSP370",2182,"Tgav",5.68081115296422,"degC"
"SSP370",2183,"Tgav",5.69054139191362,"degC"
"SSP370",2184,"Tgav",5.70010612508836,"degC"
"SSP370",2185,"Tgav",5.70950602024753,"degC"
"SSP370",2186,"Tgav",5.71874190437325,"degC"
"SSP370",2187,"Tgav",5.72781476798474,"degC"
"SSP370",2188,"Tgav",5.73672550149607,"degC"
"SSP370",2189,"Tgav",5.74547479521702,"degC"
"SSP370",2190,"Tgav",5.75406319204034,"degC"
"SSP370",2191,"Tgav",5.76249114938112,"degC"
"SSP370",2192,"Tgav",5.77075906371408,"degC"
"SSP370",2193,"Tgav",5.77886728841184,"degC"
"SSP370",2194,"Tgav",5.78681615238168,"degC"
"SSP370",2195,"Tgav",5.79460623207127,"degC"
"SSP370",2196,"Tgav",5.80223841296578,"degC"
"SSP370",2197,"Tgav",5.80971351162151,"degC"
"SSP370",2198,"Tgav",5.81703207463773,"degC"
"SSP370",2199,"Tgav",5.8241944117083,"degC"
"SSP370",2200,"Tgav",5.83122169185966,"degC"
"SSP370",2201,"Tgav",5.83805909618586,"degC"
"SSP370",2202,"Tgav",5.84475532664153,"degC"
"SSP370",2203,"Tgav",5.85129546075923,"degC"
"SSP370",2204,"Tgav",5.85767897226229,"degC"
"SSP370",2205,"Tgav",5.86390666166616,"degC"
"SSP370",2206,"Tgav",5.86997853743936,"degC"
"SSP370",2207,"Tgav",5.8758947115599,"degC"
"SSP370",2208,"Tgav",5.88165529877402,"degC"
"SSP370",2209,"Tgav",5.88726042677367,"degC"
"SSP370",2210,"Tgav",5.89271026946632,"degC"
"SSP370",2211,"Tgav",5.89800503096835,"degC"
"SSP370",2212,"Tgav",5.90314491722877,"degC"
"SSP370",2213,"Tgav",5.9081301193718,"degC"
"SSP370",2214,"Tgav",5.91296080943704,"degC"
"SSP370",2215,"Tgav",5.91763714255032,"degC"
"SSP370",2216,"Tgav",5.92215926316444,"degC"
"SSP370",2217,"Tgav",5.92652730001593,"degC"
"SSP370",2218,"Tgav",5.93074137118281,"degC"
"SSP370",2219,"Tgav",5.93480155597219,"degC"
"SSP370",2220,"Tgav",5.9387079013349,"degC"
"SSP370",2221,"Tgav",5.94246043334261,"degC"
"SSP370",2222,"Tgav",5.94605916250641,"degC"
"SSP370",2223,"Tgav",5.94952484549741,"degC"
"SSP370",2224,"Tgav",5.95280294677711,"degC"
"SSP370",2225,"Tgav",5.95594143105803,"degC"
"SSP370",2226,"Tgav",5.95892602196893,"degC"
"SSP370",2227,"Tgav",5.96175587011678,"degC"
"SSP370",2228,"Tgav",5.96443169475007,"degC"
"SSP370",2229,"Tgav",5.96695338824286,"degC"
"SSP370",2230,"Tgav",5.96932090637883,"degC"
"SSP370",2231,"Tgav",5.97153419331486,"degC"
"SSP370",2232,"Tgav",5.97359317538166,"degC"
"SSP370",2233,"Tgav",5.97549776719324,"degC"
"SSP370",2234,"Tgav",5.97724787200341,"degC"
"SSP370",2235,"Tgav",5.97884338217458,"degC"
"SSP370",2236,"Tgav",5.98028417952574,"degC"
"SSP370",2237,"Tgav",5.98157013558117,"degC"
"SSP370",2238,"Tgav",5.98270111176965,"degC"
"SSP370",2239,"Tgav",5.98367695957447,"degC"
"SSP370",2240,"Tgav",5.98449752064026,"degC"
"SSP370",2241,"Tgav",5.98516262684517,"degC"
"SSP370",2242,"Tgav",5.98567210034151,"degC"
"SSP370",2243,"Tgav",5.98602575357427,"degC"
"SSP370",2244,"Tgav",5.98622338927778,"degC"
"SSP370",2245,"Tgav",5.98628488112931,"degC"
"SSP370",2246,"Tgav",5.98615741499798,"degC"
"SSP370",2247,"Tgav",5.98588635760863,"degC"
"SSP370",2248,"Tgav",5.98545848560128,"degC"
"SSP370",2249,"Tgav",5.98487284787127,"degC"
"SSP370",2250,"Tgav",5.98412984536866,"degC"
"SSP370",2251,"Tgav",5.9830834989297,"degC"
"SSP370",2252,"Tgav",5.98180386109588,"degC"
"SSP370",2253,"Tgav",5.980374802199,"degC"
"SSP370",2254,"Tgav",5.97885082933821,"degC"
"SSP370",2255,"Tgav",5.97726796357134,"degC"
"SSP370",2256,"Tgav",5.97565097453156,"degC"
"SSP370",2257,"Tgav",5.9740173292465,"degC"
"SSP370",2258,"Tgav",5.97237952144517,"degC"
"SSP370",2259,"Tgav",5.9707465385486,"degC"
"SSP370",2260,"Tgav",5.9691248313459,"degC"
"SSP370",2261,"Tgav",5.96751897959047,"degC"
"SSP370",2262,"Tgav",5.96593216274119,"degC"
"SSP370",2263,"Tgav",5.96436650099417,"degC"
"SSP370",2264,"Tgav",5.96282330725178,"degC"
"SSP370",2265,"Tgav",5.96130327625959,"degC"
"SSP370",2266,"Tgav",5.9598066285633,"degC"
"SSP370",2267,"Tgav",5.95833322132452,"degC"
"SSP370",2268,"Tgav",5.95688263439542,"degC"
"SSP370",2269,"Tgav",5.95545423765753,"degC"
"SSP370",2270,"Tgav",5.95404724399798,"degC"
"SSP370",2271,"Tgav",5.95266075115795,"degC"
"SSP370",2272,"Tgav",5.95129377487996,"degC"
"SSP370",2273,"Tgav",5.94994527519773,"degC"
"SSP370",2274,"Tgav",5.94861417728504,"degC"
"SSP370",2275,"Tgav",5.94729938799984,"degC"
"SSP370",2276,"Tgav",5.94599980892886,"degC"
"SSP370",2277,"Tgav",5.94471434661424,"degC"
"SSP370",2278,"Tgav",5.94344192051471,"degC"
"SSP370",2279,"Tgav",5.94218146913891,"degC"
"SSP370",2280,"Tgav",5.94093195470095,"degC"
"SSP370",2281,"Tgav",5.9396923665802,"degC"
"SSP370",2282,"Tgav",5.93846172381411,"degC"
"SSP370",2283,"Tgav",5.93723907680996,"degC"
"SSP370",2284,"Tgav",5.9360235084273,"degC"
"SSP370",2285,"Tgav",5.93481413435857,"degC"
"SSP370",2286,"Tgav",5.9336101031866,"degC"
"SSP370",2287,"Tgav",5.93241059620822,"degC"
"SSP370",2288,"Tgav",5.93121482704089,"degC"
"SSP370",2289,"Tgav",5.93002204104608,"degC"
"SSP370",2290,"Tgav",5.9288315146063,"degC"
"SSP370",2291,"Tgav",5.9276425542886,"degC"
"SSP370",2292,"Tgav",5.92645449592299,"degC"
"SSP370",2293,"Tgav",5.92526670362093,"degC"
"SSP370",2294,"Tgav",5.92407856875625,"degC"
"SSP370",2295,"Tgav",5.9228895085815,"degC"
"SSP370",2296,"Tgav",5.92169896494328,"degC"
"SSP370",2297,"Tgav",5.920506403145,"degC"
"SSP370",2298,"Tgav",5.91931131088976,"degC"
"SSP370",2299,"Tgav",5.91811319727295,"degC"
"SSP370",2300,"Tgav",5.91691159181395,"degC"
