;SSP126 emissions
 ;https://www.rcmip.org/
 "Date","BC_emissions","C2F6_emissions","CCl4_emissions","CF4_emissions","CFC11_emissions","CFC113_emissions","CFC114_emissions","CFC115_emissions","CFC12_emissions","CH3Br_emissions","CH3CCl3_emissions","CH3Cl_emissions","CH4_emissions","CO_emissions","ffi_emissions","halon1211_emissions","halon1301_emissions","halon2402_emissions","HCFC141b_emissions","HCFC142b_emissions","HCFC22_emissions","HFC125_emissions","HFC134a_emissions","HFC143a_emissions","HFC227ea_emissions","HFC23_emissions","HFC245fa_emissions","HFC32_emissions","HFC4310_emissions","luc_emissions","N2O_emissions","NOX_emissions","OC_emissions","SF6_emissions","SO2_emissions","NMVOC_emissions"
"1750",2.09777075542297,0,0.024856862,0.010071225,0,0,0,0,0,105.08773,0,4275.7449,19.0197831178096,348.52735877736,0.0837191526558906,0.0077232726,0,0,0,0,0,0,0,0,0,0,0,0,0,0.0811267108673698,0.0273758691789487,4.05287309856365,15.4476681469614,0,1219.07211485333,60.0218262241548
"1751",2.07292592577364,0,0.024856862,0.010071225,0,0,0,0,0,105.1072,0,4276.7685,18.9151088699315,343.92636724866,0.0852117441132589,0.0077232726,0,0,0,0,0,0,0,0,0,0,0,0,0,0.08261920868713,0.0278930613080733,4.00739361646918,15.1887167442771,0,1203.2498238574,59.0881262814941
"1752",2.06431193291935,0,0.024856862,0.010071225,0,0,0,0,0,105.12502,0,4277.7049,18.8897118118868,341.809033901687,0.0867328010887766,0.0077232726,0,0,0,0,0,0,0,0,0,0,0,0,0,0.0841391641680991,0.028420024367088,4.00801965533746,15.034475741404,0,1197.62267161704,58.6319970268832
"1753",2.07195056351547,0,0.024856862,0.010071225,0,0,0,0,0,105.10373,0,4276.586,19.1213772311719,343.675456209175,0.0882808130104457,0.0077232726,0,0,0,0,0,0,0,0,0,0,0,0,0,0.0856870824521602,0.0289569429509732,3.99069137759481,15.1825451510084,0,1204.4060342321,59.0263494002083
"1754",2.09934978275426,0,0.024856862,0.010071225,0,0,0,0,0,105.07356,0,4274.9998,19.5090610650158,349.815625200644,0.089858310027186,0.0077232726,0,0,0,0,0,0,0,0,0,0,0,0,0,0.0872634779743519,0.0295040051421262,4.02156603918776,15.5587730495973,0,1230.07193316389,60.2699451738459
"1755",2.09917316496601,0,0.024856862,0.010071225,0,0,0,0,0,105.09182,0,4275.9598,19.5004549333117,348.144667955229,0.0914648081812188,0.0077232726,0,0,0,0,0,0,0,0,0,0,0,0,0,0.088868874633836,0.0300614025762465,4.06266835182839,15.3581825270901,0,1220.22456919522,59.8249337246985
"1756",2.06891540700232,0,0.024856862,0.010071225,0,0,0,0,0,105.08556,0,4275.6306,19.4625365998159,343.323151675845,0.0932772159745539,0.0077232726,0,0,0,0,0,0,0,0,0,0,0,0,0,0.0905038059680101,0.0306293305094658,3.95133835601373,15.1957766257221,0,1208.64820098131,58.9468293122355
"1757",2.14792367618288,0,0.024856862,0.010071225,0,0,0,0,0,105.09137,0,4275.9361,20.0235406641442,355.941892263191,0.0949433268309155,0.0077232726,0,0,0,0,0,0,0,0,0,0,0,0,0,0.092168815329823,0.0312079878867458,4.17951408099744,15.7048191203741,0,1252.75393848256,61.2636929962836
"1758",2.12061140956071,0,0.024856862,0.010071225,0,0,0,0,0,105.09662,0,4276.2118,19.9340053291859,351.839749049401,0.0966400690639939,0.0077232726,0,0,0,0,0,0,0,0,0,0,0,0,0,0.0938644560683528,0.0317975774115691,4.13056647562176,15.51461162934,0,1238.90432125522,60.4346124437883
"1759",2.1172674310974,0,0.024856862,0.010071225,0,0,0,0,0,105.08372,0,4275.5338,20.1414662138841,351.507762725668,0.0983680062028968,0.0077232726,0,0,0,0,0,0,0,0,0,0,0,0,0,0.0955912917127071,0.0323983056169457,4.05838954431548,15.5740134912391,0,1235.79885110221,60.4452630525709
"1760",2.1278041049415,0,0.024856862,0.010071225,0,0,0,0,0,105.04022,0,4273.2473,20.4167971445005,354.418285308152,0.100126704287103,0.0077232726,0,0,0,0,0,0,0,0,0,0,0,0,0,0.0973498961593057,0.0330103829377616,4.04570760399773,15.8190639303234,0,1247.89798233807,61.0517247888764
"1761",2.13775698945282,0,0.024856862,0.010071225,0,0,0,0,0,105.09143,0,4275.9395,20.4559901689881,354.707967919958,0.102180811569517,0.0077232726,0,0,0,0,0,0,0,0,0,0,0,0,0,0.0991408538626099,0.0336340237844942,4.12656953319777,15.6919158825748,0,1253.61180332467,60.9842272006638
"1762",2.10174810890934,0,0.024856862,0.010071225,0,0,0,0,0,105.08127,0,4275.4052,20.4516873819768,349.249697227733,0.104005824510809,0.0077232726,0,0,0,0,0,0,0,0,8.3203315e-08,0,0,1.5142326e-06,0,0.100964760029359,0.0342694466183199,3.97795183521451,15.5259353061462,0,1232.28964078611,60.0270893345371
"1763",2.10702975799492,0,0.024856862,0.010071225,0,0,0,0,0,105.09332,0,4276.0386,20.545179336814,350.059334922033,0.105864392072376,0.0077232726,0,0,0,0,0,0,0,0,6.6788058e-07,0,0,1.2367808e-05,0,0.102822220816384,0.0349168740276414,4.02033060826545,15.5267624877881,0,1239.52800437153,60.1270662726886
"1764",2.07154922669863,0,0.024856862,0.010071225,0,0,0,0,0,105.1104,0,4276.9364,20.2609172101632,342.044610656275,0.107757131562587,0.0077232726,0,0,0,0,0,0,0,0,1.2683334e-06,0,0,2.4998684e-05,0,0.104713853532053,0.03557653280606,4.00240804898933,14.9586989847644,0,1209.98895690714,58.4383571668174
"1765",2.12360002191313,0,0.024856862,0.010071225,0,0,0,0,0,105.07293,0,4274.9668,20.9191549980775,352.932725766386,0.109684671646509,0.0077232726,0,0,0,0,0,0,0,0,1.3852706e-06,0,0,3.0313258e-05,0,0.106640286841433,0.0362486540318213,4.05378585112364,15.6799241055036,0,1247.80249170016,60.6294578594889
"1766",2.11045997713535,0,0.024856862,0.010071225,0,0,0,0,0,105.07758,0,4275.2111,20.8535919006327,349.380645000613,0.111996371056294,0.0077232726,0,0,0,0,0,0,0,0,1.4212948e-06,0,0,3.4371719e-05,0,0.108602160975214,0.0369334731487623,4.06078684459809,15.3588308147083,0,1241.23474919693,59.8587846262672
"1767",2.11246070143864,0,0.024856862,0.010071225,0,0,0,0,0,105.08566,0,4275.6359,20.9991794556607,349.616098996423,0.113995444798113,0.0077232726,0,0,0,0,0,0,0,0,1.4573362e-06,0,0,3.8432158e-05,0,0.11060012794249,0.0376312300487866,4.05621209431615,15.400564496222,0,1240.40267712331,59.8910269005087
"1768",2.18313204020354,0,0.024856862,0.010071225,0,0,0,0,0,105.04673,0,4273.5893,21.6594521135173,362.653684827094,0.116031275377608,0.0077232726,0,0,0,0,0,0,0,0,1.4932143e-06,0,0,4.247379e-05,0,0.112634851747443,0.0383421691558991,4.22192021819953,16.063730202231,0,1291.67993831181,62.3658255529826
"1769",2.13763374164401,0,0.024856862,0.010071225,0,0,0,0,0,105.0767,0,4275.165,21.49633535034,355.02541845169,0.118104539014726,0.0077232726,0,0,0,0,0,0,0,0,1.5293427e-06,0,0,4.6544254e-05,0,0.114707008610019,0.0390665395118272,4.09190187164527,15.7350947915743,0,1270.38661126577,60.9504036050011
"1770",2.13936473875226,0,0.024856862,0.010071225,0,0,0,0,0,105.04544,0,4273.5216,21.6343975722445,355.360547556511,0.120215924369915,0.0077232726,0,0,0,0,0,0,0,0,1.5651961e-06,0,0,5.0583038e-05,0,0.116817287190665,0.0398045948632602,4.10497123050439,15.7427150854692,0,1274.50694960858,60.9660272086727
"1771",2.10090970062101,0,0.024856862,0.010071225,0,0,0,0,0,105.07227,0,4274.9318,21.4289211013294,347.861988293852,0.122732998337272,0.0077232726,0,0,0,0,0,0,0,0,1.6013494e-06,0,0,5.4656378e-05,0,0.118966388819195,0.0405565937507367,4.01723984214239,15.3219773917994,0,1227.25365867926,59.4242403293308
"1772",2.08707754134239,0,0.024856862,0.010071225,0,0,0,0,0,105.08887,0,4275.8046,21.3946157153924,344.613473832749,0.124922749658383,0.0077232726,0,0,0,0,0,0,0,0,1.6374741e-06,0,0,5.8726423e-05,0,0.121155027727873,0.0413227995992113,3.98565906659397,15.1141832862407,0,1214.99049144575,58.7249529460839
"1773",2.09275560314782,0,0.024856862,0.010071225,0,0,0,0,0,105.06952,0,4274.7874,21.5952313931809,345.776809088935,0.127152765631722,0.0077232726,0,0,0,0,0,0,0,0,1.6733555e-06,0,0,6.276843e-05,0,0.123383931288779,0.042103480810332,3.96764090989652,15.2046637911123,0,1217.83412862663,58.9165688498098
"1774",2.15490074052517,0,0.024856862,0.010071225,0,0,0,0,0,105.0265,0,4272.5262,22.2597077294568,358.103585035246,0.12942378701092,0.0077232726,0,0,0,0,0,0,0,0,1.709014e-06,0,0,6.6784746e-05,0,0.125653840255543,0.0428989108564618,4.06836847740942,15.8755931766279,0,1263.46920919759,61.31335787056
"1775",2.14899659687508,0,0.024856862,0.010071225,0,0,0,0,0,105.05246,0,4273.8905,22.2009632905598,355.047172855584,0.131736568177341,0.0077232726,0,0,0,0,0,0,0,0,1.7452255e-06,0,0,7.0864778e-05,0,0.127965509009531,0.0437093683764751,4.09554267078679,15.5891357036036,0,1247.68207433821,60.5408304641863
"1776",2.11214313151778,0,0.024856862,0.010071225,0,0,0,0,0,105.03944,0,4273.2061,22.1419421252091,348.898552512349,0.134478894456001,0.0077232726,0,0,0,0,0,0,0,0,1.7810977e-06,0,0,7.490574e-05,0,0.130319705810551,0.0445351372733657,3.94855504179141,15.3700770159586,0,1232.37354827628,59.3811447968516
"1777",2.17024478362092,0,0.024856862,0.010071225,0,0,0,0,0,105.05273,0,4273.9048,22.5687100598088,357.54536101292,0.136877514110063,0.0077232726,0,0,0,0,0,0,0,0,1.8172253e-06,0,0,7.8976112e-05,0,0.13271721305218,0.0453765068136972,4.11632140041078,15.6734575297917,0,1259.69298946659,60.893490070839
"1778",2.19800140223097,0,0.024856862,0.010071225,0,0,0,0,0,105.04465,0,4273.48,22.8560809295712,362.755413463088,0.139320240992099,0.0077232726,0,0,0,0,0,0,0,0,1.8531337e-06,0,0,8.3021224e-05,0,0.135158827521782,0.0462337717289336,4.20318015655146,15.8994562476704,0,1279.2838436295,61.7834869459774
"1779",2.15961577743864,0,0.024856862,0.010071225,0,0,0,0,0,105.03691,0,4273.0734,22.8206356943707,355.926171518125,0.141807886548066,0.0077232726,0,0,0,0,0,0,0,0,1.889034e-06,0,0,8.7065424e-05,0,0.137645360665316,0.047107232318683,4.04070928875801,15.6274578629257,0,1250.87928020983,60.500814881249
"1780",2.18926758767753,0,0.024856862,0.010071225,0,0,0,0,0,104.98817,0,4270.511,23.2461666537855,361.614042160722,0.144342285009131,0.0077232726,0,0,0,0,0,0,0,0,1.9244033e-06,0,0,9.1048394e-05,0,0.140177638857008,0.0479971945558931,4.04646125386331,16.0183808005612,0,1271.81874447102,61.6185956601449
"1781",2.18944119992145,0,0.024856862,0.010071225,0,0,0,0,0,105.04236,0,4273.3596,23.249655483904,360.090053862895,0.14741309504361,0.0077232726,0,0,0,0,0,0,0,0,1.961081e-06,0,0,9.5182182e-05,0,0.142756503673988,0.0489039701940328,4.09828236704864,15.8069522652824,0,1274.55088878199,61.1933064726229
"1782",2.16052270116026,0,0.024856862,0.010071225,0,0,0,0,0,105.03125,0,4272.7759,23.3417581189144,356.046554622282,0.150040522433012,0.0077232726,0,0,0,0,0,0,0,0,1.9969148e-06,0,0,9.9218691e-05,0,0.145382812175985,0.0498278768762998,3.96565033478053,15.7128208268288,0,1258.10403581499,60.4857214530589
"1783",2.15072558974323,0,0.024856862,0.010071225,0,0,0,0,0,105.0436,0,4273.4248,23.3799167872665,354.286924253673,0.152717274191528,0.0077232726,0,0,0,0,0,0,0,0,2.0330816e-06,0,0,0.00010329359,0,0.148057437190156,0.0507692382468907,3.96031936255965,15.6072604721391,0,1255.74988927705,60.1017127237332
"1784",2.14054221244343,0,0.024856862,0.010071225,0,0,0,0,0,105.05531,0,4274.0405,23.2940423024021,350.56949626404,0.155442223489941,0.0077232726,0,0,0,0,0,0,0,0,2.0692567e-06,0,0,0.00010736946,0,0.150781267601164,0.0517283840643735,4.00905291862319,15.2281412556845,0,1238.19118561526,59.2122598932431
"1785",2.16583969126229,0,0.024856862,0.010071225,0,0,0,0,0,105.02817,0,4272.6136,23.8021055372587,356.805125351722,0.158219375665533,0.0077232726,0,0,0,0,0,0,0,0,2.1048124e-06,0,0,0.0001113739,0,0.15355520864659,0.0527056503172018,3.99472082296087,15.7327114797729,0,1263.60841659525,60.4944793625465
"1786",2.15868348486803,0,0.024856862,0.010071225,0,0,0,0,0,105.02684,0,4272.5442,23.8319949982207,354.205877295797,0.161672355141207,0.0077232726,0,0,0,0,0,0,0,0,2.14077e-06,0,0,0.00011542471,0,0.15638018221778,0.0537013793414116,3.99959920185159,15.467157122377,0,1260.95239133635,59.9146824070755
"1787",2.18517929356942,0,0.024856862,0.010071225,0,0,0,0,0,105.03415,0,4272.9283,24.1765281796721,358.793368252137,0.164551426833996,0.0077232726,0,0,0,0,0,0,0,0,2.1768803e-06,0,0,0.00011949308,0,0.159257127166223,0.0547159199405415,4.06105349604552,15.7103314551862,0,1278.33718703303,60.7533570765427
"1788",2.25522348370701,0,0.024856862,0.010071225,0,0,0,0,0,104.9922,0,4270.7227,24.8559289242603,371.357092349607,0.167482418170754,0.0077232726,0,0,0,0,0,0,0,0,2.2120831e-06,0,0,0.00012345689,0,0.162186999615576,0.0557496275078184,4.22141241927087,16.343354337191,0,1322.98192240196,63.1243304667486
"1789",2.20766463190753,0,0.024856862,0.010071225,0,0,0,0,0,105.0242,0,4272.405,24.7170728366009,363.441644578768,0.170468318578935,0.0077232726,0,0,0,0,0,0,0,0,2.2486571e-06,0,0,0.00012757871,0,0.165170773279411,0.0568028641506514,4.08821363940529,16.0004086148267,0,1297.8950131926,61.6322923795075
"1790",2.21643699589562,0,0.024856862,0.010071225,0,0,0,0,0,104.99139,0,4270.6805,24.9422085737834,364.880216392627,0.173509111828702,0.0077232726,0,0,0,0,0,0,0,0,2.2839743e-06,0,0,0.00013155567,0,0.168209439784832,0.0578759988174785,4.1155079508631,16.056743908676,0,1301.75140569746,61.8459918081386
"1791",2.1725835564709,0,0.024856862,0.010071225,0,0,0,0,0,105.02128,0,4272.2515,24.7784321673312,356.658386166445,0.177220606770565,0.0077232726,0,0,0,0,0,0,0,0,2.320551e-06,0,0,0.00013567783,0,0.171304009002021,0.0589694074270083,4.02238766557231,15.6164498763779,0,1281.76653936636,60.2187392042358
"1792",2.16165079296011,0,0.024856862,0.010071225,0,0,0,0,0,105.04466,0,4273.4807,24.8188929443199,354.251537610875,0.180550627496799,0.0077232726,0,0,0,0,0,0,0,0,2.3570319e-06,0,0,0.00013978892,0,0.174455509379864,0.060083472999905,4.02662231686248,15.4466691925466,0,1276.94565051553,59.7056857413924
"1793",2.15327383392807,0,0.024856862,0.010071225,0,0,0,0,0,105.02605,0,4272.5025,25.031531409209,353.372309336672,0.183766373474255,0.0077232726,0,0,0,0,0,0,0,0,2.3926083e-06,0,0,0.00014379579,0,0.177664988287746,0.0612185857929599,3.97014137154496,15.477979537881,0,1273.69253785955,59.584939495999
"1794",2.21384311576881,0,0.024856862,0.010071225,0,0,0,0,0,104.98417,0,4270.301,25.7675377775895,365.721914030605,0.187022242421775,0.0077232726,0,0,0,0,0,0,0,0,2.4276195e-06,0,0,0.00014773748,0,0.180933512363628,0.0623751434357983,4.0786942057824,16.1652599737554,0,1320.29902498078,62.0382245319856
"1795",2.20269227276149,0,0.024856862,0.010071225,0,0,0,0,0,105.01093,0,4271.7076,25.7733428148813,362.192122689267,0.190354408943803,0.0077232726,0,0,0,0,0,0,0,0,2.4642054e-06,0,0,0.00015186068,0,0.184262167868543,0.0635535510701693,4.09659182224096,15.8831319462834,0,1304.06330053231,61.2427321418956
"1796",2.15315461557732,0,0.024856862,0.010071225,0,0,0,0,0,104.99978,0,4271.1214,25.7405840652996,354.478302935614,0.194044574118658,0.0077232726,0,0,0,0,0,0,0,0,2.4998985e-06,0,0,0.000155881,0,0.187652061047593,0.0647542214918663,3.91941867268545,15.628369801306,0,1283.40872584118,59.8642424284631
"1797",2.21347503619966,0,0.024856862,0.010071225,0,0,0,0,0,105.01623,0,4271.986,26.2300622583658,363.54823719908,0.197812880888314,0.0077232726,0,0,0,0,0,0,0,0,2.5362748e-06,0,0,0.00015998003,0,0.191104318497608,0.0659775752953297,4.11944961905778,15.93865304822,0,1319.08951431749,61.4713769474247
"1798",2.2340562829342,0,0.024856862,0.010070485,0,0,0,0,0,105.0081,0,4271.559,26.5464401224328,367.650102798519,0.201606503339084,0.0077232726,0,0,0,0,0,0,0,0,2.5720343e-06,0,0,0.00016400799,0,0.194620087541551,0.0672240410209809,4.19756001751838,16.1266727411613,0,1341.35247863397,62.1976390263918
"1799",2.20729216488394,0,0.024856862,0.010071964,0,0,0,0,0,104.99068,0,4270.6431,26.7064881693654,363.486046903874,0.205559111980813,0.0077232726,0,0,0,0,0,0,0,0,2.6075323e-06,0,0,0.00016800579,0,0.198200536609826,0.0684940553053397,4.05874904770389,16.0373427877956,0,1329.61841783844,61.4962301970686
"1800",2.21597405539367,0,0.024856862,0.010071225,0,0,0,0,0,104.95838,0,4268.9449,27.0563430777029,365.846636844107,0.209695348008371,0.0077232726,0,0,0,0,0,0,0,0,2.6425936e-06,0,0,0.00017195329,0,0.20184685562859,0.0697880630339779,4.04284821979884,16.2421416976914,0,1348.24391122694,62.0032091407313
"1801",2.21940168990087,0,0.024856862,0.010071225,0,0,0,0,0,105.01099,0,4271.7107,27.1248871815083,364.917068386481,0.213347900808072,0.0077232726,0,0,0,0,0,0,0,0,2.6800125e-06,0,0,0.00017617249,0,0.205560256415215,0.0711065174973627,4.09945292085618,16.0637332183204,0,1343.16658811715,61.6656477886345
"1802",2.20269266099551,0,0.024856862,0.010071225,0,0,0,0,0,104.99468,0,4270.8532,27.3397843155475,362.96270750694,0.219452623124873,0.0077232726,0,0,0,0,0,0,0,0,2.7155059e-06,0,0,0.00018016977,0,0.209341973081019,0.0724498805496445,3.98767195724051,16.0758236117733,0,1362.60085737798,61.3261565902245
"1803",2.18001582824322,0,0.024856862,0.010071225,0,0,0,0,0,105.0108,0,4271.7009,27.3204998542478,358.65077997506,0.221951913050732,0.0077232726,0,0,0,0,0,0,0,0,2.7519421e-06,0,0,0.00018427573,0,0.213193262441419,0.0738186227704434,3.94459722014796,15.8310308793259,0,1336.89187745268,60.4043418174605
"1804",2.19729808692907,0,0.024856862,0.010071225,0,0,0,0,0,105.0121,0,4271.7691,27.4647499735324,359.528695975631,0.226675202311416,0.0077232726,0,0,0,0,0,0,0,0,2.7879493e-06,0,0,0.00018833223,0,0.217115404433612,0.0752132236296939,4.04680132810436,15.676248110601,0,1344.84067981273,60.3647027490233
"1805",2.21504239814832,0,0.024856862,0.010071225,0,0,0,0,0,104.98963,0,4270.588,27.9507981978037,364.303704329983,0.230455603894809,0.0077232726,0,0,0,0,0,0,0,0,2.8232141e-06,0,0,0.00019230319,0,0.221109702541954,0.0766341716556028,4.01758034905369,16.0941547961942,0,1363.82745687759,61.3199114574693
"1806",2.22282258475612,0,0.024856862,0.010071225,0,0,0,0,0,104.98239,0,4270.2074,28.1343724468013,364.343229335741,0.234958040425446,0.0077232726,0,0,0,0,0,0,0,0,2.8589339e-06,0,0,0.00019632654,0,0.225177484231158,0.0780819646057802,4.05259115332792,15.9514431676928,0,1367.09510422491,61.2234496818829
"1807",2.23987198185746,0,0.024856862,0.010071225,0,0,0,0,0,104.99423,0,4270.8298,28.4586560272205,367.234932813752,0.239783899689758,0.0077232726,0,0,0,0,0,0,0,0,2.8952686e-06,0,0,0.00020042079,0,0.229320101387467,0.0795571096416043,4.08366659780066,16.1175640845187,0,1386.47800011568,61.7064691364527
"1808",2.31193648443435,0,0.024856862,0.010071225,0,0,0,0,0,104.95199,0,4268.6094,29.1852411681443,380.035272003442,0.243318092820048,0.0077232726,0,0,0,0,0,0,0,0,2.9298066e-06,0,0,0.00020430798,0,0.233538930767935,0.0810601235058794,4.25469323102649,16.7315468996311,0,1422.24381994612,64.0819597315563
"1809",2.26744264029356,0,0.024856862,0.010071225,0,0,0,0,0,104.979,0,4270.0292,29.128658126909,372.848685541282,0.24762314808744,0.0077232726,0,0,0,0,0,0,0,0,2.9666566e-06,0,0,0.0002084616,0,0.237835374457981,0.082591532703851,4.11850300083799,16.4401659936121,0,1399.85273052471,62.7100221287688
"1810",2.27952371575895,0,0.024856862,0.010071225,0,0,0,0,0,104.93988,0,4267.9729,29.4245324188519,374.718011905074,0.25261724015597,0.0077232726,0,0,0,0,0,0,0,0,3.0012296e-06,0,0,0.00021235282,0,0.242210860337357,0.0841518736876403,4.14100082465734,16.5253880814015,0,1410.88985283034,62.9735166544952
"1811",2.25253023597381,0,0.024856862,0.010071225,0,0,0,0,0,104.96903,0,4269.505,29.4057875581968,369.269486307912,0.257675073891987,0.0077232726,0,0,0,0,0,0,0,0,3.0381873e-06,0,0,0.00021651886,0,0.24666684255469,0.0857416930441634,4.09621455552167,16.1888655707127,0,1400.40658959187,61.8296059956191
"1812",2.22800693451288,0,0.024856862,0.010071225,0,0,0,0,0,104.99029,0,4270.6225,29.4202984968499,364.580687471872,0.262593813077441,0.0077232726,0,0,0,0,0,0,0,0,3.0749001e-06,0,0,0.00022065669,0,0.251204802010755,0.0873615476866001,4.05152116895352,15.9290506279897,0,1391.62454827501,60.8574699668142
"1813",2.23199685903048,0,0.024856862,0.010071225,0,0,0,0,0,104.97005,0,4269.5589,29.7784760297943,365.913887420596,0.267268394352272,0.0077232726,0,0,0,0,0,0,0,0,3.110098e-06,0,0,0.00022461994,0,0.255826246850634,0.0890120050494808,4.01817640294225,16.064915035547,0,1397.05325365414,61.1361301985127
"1814",2.29157969130028,0,0.024856862,0.010071225,0,0,0,0,0,104.93884,0,4267.9182,30.5478518581367,377.985541679142,0.272229341400531,0.0077232726,0,0,0,0,0,0,0,0,3.1448486e-06,0,0,0.00022853159,0,0.260532712964935,0.0906936432874583,4.12561613394435,16.7199234855389,0,1445.73355720388,63.4919282288462
"1815",2.28732469362944,0,0.024856862,0.010071225,0,0,0,0,0,104.94955,0,4268.4808,30.6443395408772,375.580664795567,0.277412557429233,0.0077232726,0,0,0,0,0,0,0,0,3.1811772e-06,0,0,0.00023262515,0,0.265325764500232,0.0924070514778356,4.15815050218229,16.4874968819337,0,1439.46296921084,62.871575698723
"1816",2.26102199999803,0,0.024856862,0.010071225,0,0,0,0,0,104.93504,0,4267.7184,30.7998562190583,371.62982276874,0.283581453280118,0.0077232726,0,0,0,0,0,0,0,0,3.2165261e-06,0,0,0.00023660577,0,0.270206994378886,0.0941528298269191,4.04108898025092,16.3950338505207,0,1446.1303784683,62.1464325187357
"1817",2.29618056912716,0,0.024856862,0.010071225,0,0,0,0,0,104.95336,0,4268.6815,31.198395410103,376.442944128395,0.289139670838874,0.0077232726,0,0,0,0,0,0,0,0,3.2531745e-06,0,0,0.00024073619,0,0.275178024828448,0.0959315898802706,4.1614999261311,16.5172286455556,0,1468.56602390733,62.941531008707
"1818",2.33549010475926,0,0.024856862,0.010071225,0,0,0,0,0,104.94012,0,4267.9855,31.6876083194051,383.91420960179,0.29428684421523,0.0077232726,0,0,0,0,0,0,0,0,3.2885565e-06,0,0,0.00024472062,0,0.280240507920777,0.097743954736932,4.29539417589443,16.8496488829493,0,1499.81775014117,64.2676804893198
"1819",2.30412948240945,0,0.024856862,0.010071225,0,0,0,0,0,104.92235,0,4267.0511,31.8454413501205,378.332583834446,0.299508585399501,0.0077232726,0,0,0,0,0,0,0,0,3.3237292e-06,0,0,0.00024868094,0,0.285396126121102,0.0995905592676961,4.14301571004837,16.6651982118601,0,1476.93779670299,63.2575892735396
"1820",2.32104876587155,0,0.024856862,0.010071225,0,0,0,0,0,104.88909,0,4265.3029,32.333394668844,382.419748279282,0.30497464430157,0.0077232726,0,0,0,0,0,0,0,0,3.3582175e-06,0,0,0.0002525624,0,0.290646592847161,0.101472050337502,4.13783426663737,16.9635644094755,0,1496.62190582296,64.0766432984354
"1821",2.33348377721098,0,0.024856862,0.010071225,0,0,0,0,0,104.93899,0,4267.9261,32.5213886326121,382.897534100888,0.310546904322997,0.0077232726,0,0,0,0,0,0,0,0,3.396252e-06,0,0,0.00025685255,0,0.295993653038647,0.103389087032032,4.21222672129276,16.8601003225413,0,1502.48091877709,63.9874490875823
"1822",2.30251511751705,0,0.024856862,0.010071225,0,0,0,0,0,104.92104,0,4266.9822,32.7345105197076,378.670800440073,0.316563298884139,0.0077232726,0,0,0,0,0,0,0,0,3.4313761e-06,0,0,0.00026080728,0,0.301439083737117,0.105342340888588,4.04644615900557,16.7962980794967,0,1495.97325590391,63.2272465302446
"1823",2.28247176465674,0,0.024856862,0.010071225,0,0,0,0,0,104.94096,0,4268.0293,32.7557150860918,374.393181315735,0.323013132012568,0.0077232726,0,0,0,0,0,0,0,0,3.4681677e-06,0,0,0.00026495418,0,0.306984694676573,0.107332496131331,4.02022883092299,16.5327122829057,0,1496.10045618857,62.2607643726146
"1824",2.3109478108826,0,0.024856862,0.010071225,0,0,0,0,0,104.93425,0,4267.6765,33.0519786956969,377.040711415511,0.32912334553189,0.0077232726,0,0,0,0,0,0,0,0,3.5037779e-06,0,0,0.00026896492,0,0.312632328884911,0.109360249910967,4.13575945488955,16.470725255518,0,1509.37715793705,62.5634337980066
"1825",2.32270311181016,0,0.024856862,0.010071225,0,0,0,0,0,104.91652,0,4266.7449,33.5253388167527,380.316749761887,0.335596096842022,0.0077232726,0,0,0,0,0,0,0,0,3.5388691e-06,0,0,0.00027291587,0,0.318383863296433,0.111426312548954,4.09655151933545,16.8086775248952,0,1534.60884234242,63.1857895539096
"1826",2.32096883364743,0,0.024856862,0.010071225,0,0,0,0,0,104.90841,0,4266.3186,33.7481029048361,378.822265514012,0.341612913928038,0.0077232726,0,0,0,0,0,0,0,0,3.5743855e-06,0,0,0.00027691579,0,0.324241209375626,0.113531407786332,4.08874993310346,16.6207790809988,0,1528.4028550148,62.8159415097774
"1827",2.34633778235475,0,0.024856862,0.010071225,0,0,0,0,0,104.91515,0,4266.6729,34.1550500103613,382.477339211744,0.348834903718407,0.0077232726,0,0,0,0,0,0,0,0,3.6105981e-06,0,0,0.00028099598,0,0.330206313752416,0.115676273037247,4.14225725055035,16.7999192299803,0,1562.43254930858,63.3899901072414
"1828",2.4207741526464,0,0.024856862,0.010071225,0,0,0,0,0,104.87222,0,4264.4159,34.9991285128467,395.975432466618,0.355094505015608,0.0077232726,0,0,0,0,0,0,0,0,3.6444139e-06,0,0,0.0002847999,0,0.336281158869115,0.117861659647267,4.30277299538907,17.4805644958821,0,1614.23971030757,65.9053594862966
"1829",2.37937633245975,0,0.024856862,0.010071225,0,0,0,0,0,104.90025,0,4265.8895,35.0164051294104,389.174628204149,0.361120657379796,0.0077232726,0,0,0,0,0,0,0,0,3.6816572e-06,0,0,0.00028899889,0,0.342467763639264,0.120088333156578,4.18151533553668,17.1940816540192,0,1593.50585446212,64.5728982366355
"1830",2.40315983075344,0,0.024856862,0.010071225,0,0,0,0,0,104.8667,0,4264.1256,35.4021553378615,392.10653286414,0.373686819421243,0.0077232726,0,0,0,0,0,0,0,0,3.7158665e-06,0,0,0.00029284816,0,0.348768184118598,0.122357073568153,4.22131932110658,17.3142515728544,0,1701.9168762552,64.9407617903359
"1831",2.36134712539415,0,0.024856862,0.010071225,0,0,0,0,0,104.89174,0,4265.442,35.3741870493336,384.201250724528,0.378830364360169,0.0077232726,0,0,0,0,0,0,0,0,3.7529959e-06,0,0,0.000297034,0,0.355184514188354,0.124668675620987,4.12617640860825,16.8777286670259,0,1657.15160604023,63.336821740765
"1832",2.35386329903938,0,0.024856862,0.010071225,0,0,0,0,0,104.90924,0,4266.362,35.5627234920032,382.363398002473,0.385390468275486,0.0077232726,0,0,0,0,0,0,0,0,3.7897747e-06,0,0,0.00030117945,0,0.361718886251156,0.127023949068493,4.12488610610886,16.7389867541092,0,1656.73004590611,62.8708965614142
"1833",2.35695938129061,0,0.024856862,0.010070485,0,0,0,0,0,104.89175,0,4265.4426,35.9808311106925,383.453792794313,0.392585494748155,0.0077232726,0,0,0,0,0,0,0,0,3.824754e-06,0,0,0.00030511746,0,0.368373471939691,0.129423718962158,4.08219714365979,16.8644969201089,0,1669.9634032735,63.0695837015995
"1834",2.41244546592856,0,0.024856862,0.010071964,0,0,0,0,0,104.854,0,4263.4584,36.7610609653118,394.14290233763,0.399838109646925,0.0077232726,0,0,0,0,0,0,0,0,3.8586347e-06,0,0,0.0003089289,0,0.375150482838436,0.13186882594056,4.16971454281514,17.4542853407093,0,1717.24706154253,65.1049926408151
"1835",2.40545637464962,0,0.024856862,0.010071225,0,0,0,0,0,104.8698,0,4264.2887,36.8827897257724,390.555139181957,0.407310504124604,0.0077232726,0,0,0,0,0,0,0,0,3.8953332e-06,0,0,0.00031306506,0,0.382052171218651,0.134360126523841,4.17964136668255,17.1704867897311,0,1714.20696076163,64.2354431656444
"1836",2.40418795603443,0,0.024856862,0.010071225,0,0,0,0,0,104.84901,0,4263.1961,37.2472923514293,389.978664389183,0.418284205291492,0.0077232726,0,0,0,0,0,0,0,0,3.9300645e-06,0,0,0.00031697451,0,0.389080830786899,0.13689849341375,4.09485599231464,17.2350042860374,0,1778.91668648309,64.0801633313215
"1837",2.44021017372272,0,0.024856862,0.010071225,0,0,0,0,0,104.86946,0,4264.2707,37.699806775526,394.756503767819,0.425481477902421,0.0077232726,0,0,0,0,0,0,0,0,3.9670389e-06,0,0,0.00032114251,0,0.396238797447341,0.139484815799344,4.22318716870048,17.3538352375906,0,1793.88640079789,64.8224271448119
"1838",2.47731174566685,0,0.024856862,0.010071225,0,0,0,0,0,104.85548,0,4263.5362,38.242109615281,401.296187012592,0.433798801465974,0.0077232726,0,0,0,0,0,0,0,0,4.0021199e-06,0,0,0.00032509225,0,0.403528450078044,0.142119999668476,4.32976009164662,17.6415384708968,0,1837.23979680294,65.9472465668563
"1839",2.45263813807886,0,0.024856862,0.010071225,0,0,0,0,0,104.83788,0,4262.6108,38.5111755560176,396.911636864437,0.442243807604972,0.0077232726,0,0,0,0,0,0,0,0,4.0369741e-06,0,0,0.00032901588,0,0.410952211321579,0.144804968125158,4.19715393567649,17.505176328593,0,1838.77388795976,65.1113121804398
"1840",2.44387752197197,0,0.024856862,0.010071225,0,0,0,0,0,104.80755,0,4261.0163,38.8877619438202,395.880916186434,0.452035210335091,0.0077232726,0,0,0,0,0,0,0,0,4.0710717e-06,0,0,0.00033285227,0,0.418512548390166,0.147540661712927,4.10198813673214,17.5751324788561,0,1869.76230801543,64.9229817603403
"1841",2.49048985213744,0,0.024856862,0.010071225,0,0,0,0,0,104.84789,0,4263.137,39.3816231677432,402.372741816837,0.460792250031081,0.0077232726,0,0,0,0,0,0,0,0,4.1092335e-06,0,0,0.00033715711,0,0.426211973885621,0.150328038744318,4.27464491477817,17.7455435709324,0,1911.78625564656,65.9454451837981
"1842",2.44917046898703,0,0.024856862,0.010070485,0,0,0,0,0,104.84034,0,4262.7403,39.6187288761472,396.995122136809,0.470670838885903,0.0077232726,0,0,0,0,0,0,0,0,4.1446349e-06,0,0,0.0003411438,0,0.434053046634397,0.153168075636556,4.11442592635104,17.590961717478,0,1926.949040298,64.9216735941624
"1843",2.41113627097354,0,0.024856862,0.010071964,0,0,0,0,0,104.85726,0,4263.6297,39.6532638222405,389.736780871837,0.479466080612062,0.0077232726,0,0,0,0,0,0,0,0,4.1814844e-06,0,0,0.00034529738,0,0.442038372537985,0.156061767253599,4.02024362076306,17.2182183219738,0,1925.15114182652,63.424060913522
"1844",2.44382589632679,0,0.024856862,0.010071225,0,0,0,0,0,104.85117,0,4263.3094,40.0442649921991,392.707441714055,0.489993448803699,0.0077232726,0,0,0,0,0,0,0,0,4.2169694e-06,0,0,0.00034929371,0,0.450170605438958,0.159010127254636,4.14488739198225,17.1801218980614,0,1986.7920101144,63.762454300302
"1845",2.47137187513873,0,0.024856862,0.010071225,0,0,0,0,0,104.83257,0,4262.3319,40.6696766670097,397.850055995684,0.502218057931004,0.0077232726,0,0,0,0,0,0,0,0,4.2516813e-06,0,0,0.0003532009,0,0.458452448002946,0.162014188449173,4.13711731654431,17.5993633007351,0,2075.51963010866,64.6855672324959
"1846",2.47119874227904,0,0.024856862,0.010071225,0,0,0,0,0,104.82423,0,4261.8933,40.975199745155,395.908262173564,0.511057262972984,0.0077232726,0,0,0,0,0,0,0,0,4.2869996e-06,0,0,0.00035717802,0,0.466886652616846,0.165075003158825,4.12840505203502,17.3988785661563,0,2067.44787855462,64.2440515263961
"1847",2.52111522807965,0,0.024856862,0.010071225,0,0,0,0,0,104.82758,0,4262.0693,41.6164716752548,402.985157474871,0.522911898938282,0.0077232726,0,0,0,0,0,0,0,0,4.3230378e-06,0,0,0.00036123808,0,0.475476022303545,0.168193643585943,4.22355185588756,17.7605141904158,0,2149.19656868387,65.4436207520381
"1848",2.57737179982101,1.4945332e-05,0.024856862,0.010070485,0,0,0,0,0,104.78829,0,4260.004,42.4494706296137,413.558292945212,0.531312686379555,0.0077232726,0,0,0,0,0,0,0,0,4.3563791e-06,0,0,0.00036498734,0,0.484223411653478,0.171371202189209,4.34322719990435,18.3006937302433,0,2199.26542507073,67.3982437532775
"1849",2.5523940889282,0.00011956415,0.024856862,0.010071964,0,0,0,0,0,104.81678,0,4261.5016,42.633964605672,408.939934123463,0.541953587943723,0.0077232726,0,0,0,0,0,0,0,0,4.3940071e-06,0,0,0.00036923065,0,0.493131727773322,0.17460879206632,4.27211052029094,18.0747862697481,0,2219.69655384167,66.4270715406579
"1850",2.57112447874272,0.00022473666,0.024856862,0.010071225,0,0,0,0,0,104.93295,0,4267.6083,43.1423636533434,411.462874319483,0.553557710149825,0.0077232726,0,0,0,0,0,0,0,0,4.4373643e-06,0,0,0.00037413425,0,0.502203931252143,0.177907547343909,4.2824413562894,18.2268247866406,0,2270.45864609422,66.7830487503041
"1851",2.52669258931247,0.00024082745,0.024856862,0.010071225,0,0,0,0,0,104.96457,0,4269.2706,43.1519137077748,402.244815254155,0.545887909307781,0.0077232726,0,0,0,0,0,0,0,0,4.475348e-06,0,0,0.00037841858,0,0.494356824728465,0.181897784119043,4.19201719134643,17.7263004940531,0,2251.54139176073,64.9500465918497
"1852",2.50763416018221,0.00024179888,0.024856862,0.010071225,0,0,0,0,0,104.98199,0,4270.1861,43.3441293340896,397.49851999155,0.603962294317834,0.0077232726,0,0,0,0,0,0,0,0,4.5124367e-06,0,0,0.0003825997,0,0.550352397713471,0.186213200738964,4.13771863454656,17.4792615499916,0,2272.31199915212,63.957899864882
"1853",2.52781174269614,0.00024277992,0.024856862,0.010071225,0,0,0,0,0,104.9693,0,4269.5191,43.8843596268708,400.338804143776,0.604217325689289,0.0077232726,0,0,0,0,0,0,0,0,4.5475315e-06,0,0,0.00038655105,0,0.548298858912725,0.190055965603744,4.14804045211046,17.6584898791648,0,2320.98420565164,64.4455541781473
"1854",2.61004854301573,0.00024405566,0.024856862,0.010071225,0,0,0,0,0,104.9226,0,4267.0641,44.8090790640635,413.399131509534,0.612264443937035,0.0077232726,0,0,0,0,0,0,0,0,4.5802996e-06,0,0,0.00039023425,0,0.546408692832398,0.194060153507481,4.2714344041627,18.3404313264306,0,2529.23400340178,66.7946952193758
"1855",2.59326431336451,0.00024547759,0.024856862,0.010070485,0,0,0,0,0,104.95064,0,4268.5385,44.9570538963326,408.11045388039,0.609949299241621,0.0077232726,0,0,0,0,0,0,0,0,4.6181251e-06,0,0,0.0003945003,0,0.543429010784804,0.197578620743799,4.25605099960462,17.991648595042,0,2525.96553511718,65.6515639784113
"1856",2.57343000723329,0.00024704559,0.024856862,0.010071964,0,0,0,0,0,104.92886,0,4267.3934,45.3214732334632,404.85491673018,0.620544980083916,0.0077232726,0,0,0,0,0,0,0,0,4.6525374e-06,0,0,0.000398373,0,0.549392376312848,0.200607981067043,4.12000128078907,17.954118052236,0,2592.25155373794,65.0425347041364
"1857",2.63645257748344,0.0002487597,0.024856862,0.010071225,0,0,0,0,0,104.94976,0,4268.4922,46.0130069384002,414.67319184548,0.626575203718112,0.0077232726,0,0,0,0,0,0,0,0,4.6899086e-06,0,0,0.0004025867,0,0.554724792177398,0.2037642861407,4.34749668343491,18.2915656459755,0,2640.81075112057,66.7277987695944
"1858",2.66012264188343,0.00025062,0.024856862,0.010071225,0,0,0,0,0,104.93987,0,4267.9722,46.540577288358,419.014023608829,0.632381895223245,0.0077232726,0,0,0,0,0,0,0,0,4.7251299e-06,0,0,0.00040655264,0,0.559397957869642,0.206259933630388,4.43292954726355,18.4792762976941,0,2678.57941732607,67.470603763473
"1859",2.6482032498788,0.00025262647,0.024856862,0.010071225,0,0,0,0,0,104.91443,0,4266.635,46.9496261547903,416.299748493125,0.644846754657633,0.0077232726,0,0,0,0,0,0,0,0,4.7592242e-06,0,0,0.00041038866,0,0.567041785151752,0.208499922969647,4.30628071967028,18.4495059840592,0,2758.88939395384,66.9569473390933
"1860",2.64840473052575,0.00025477919,0.024856862,0.010810676,0,0,0,0,0,104.89112,0,4265.4096,47.3761402271678,416.063996586097,0.657313218864407,0.0077232726,0,0,0,0,0,0,0,0,4.7934342e-06,0,0,0.00041423802,0,0.571559389341346,0.210377518908844,4.24488633637866,18.520468003225,0,2891.60481675082,66.8495349284179
"1861",2.67026866260939,0.00025707803,0.024856862,0.010810691,0,0,0,0,0,104.94268,0,4268.1198,48.2346866999306,417.244137216887,0.673125055588248,0.0077232726,0,0,0,0,0,0,0,0,4.8330788e-06,0,0,0.00041871377,0,0.582742248845798,0.211681167647167,4.3496624986178,18.4371198287373,0,2964.33551896071,66.8857555112241
"1862",2.64856498312774,0.00025952295,0.024856862,0.010071254,0,0,0,0,0,104.93302,0,4267.612,49.130562118109,414.162806560876,0.614449844761229,0.0077232726,0,0,0,0,0,0,0,0,4.8682827e-06,0,0,0.00042267767,0,0.522639883636167,0.21298544268157,4.22552040187041,18.4158932051938,0,2969.43278042011,66.358960161654
"1863",2.62926951443249,0.00026211454,0.024856862,0.010071254,0,0,0,0,0,104.9509,0,4268.552,49.710222528728,408.122419407505,0.62024702914895,0.0077232726,0,0,0,0,0,0,0,0,4.9055252e-06,0,0,0.00042687657,0,0.522817509535339,0.214217593684301,4.15137818037373,18.0914110061879,0,3057.28586636647,65.0096354004002
"1864",2.6677556336556,0.00026485186,0.024856862,0.010071254,0,0,0,0,0,104.94467,0,4268.2247,50.6603247262476,411.331064286496,0.627826107087751,0.0077232726,0,0,0,0,0,0,0,0,4.9409793e-06,0,0,0.0004308693,0,0.523164385444953,0.215508357740356,4.27256811559838,18.0938173005725,0,3185.75630385227,65.3990666416105
"1865",2.72020106629949,0.00026773567,0.024856862,0.010810706,0,0,0,0,0,104.93017,0,4267.4623,51.9800750985754,420.489004980176,0.634802062221778,0.0077232726,0,0,0,0,0,0,0,0,4.9757947e-06,0,0,0.00043478845,0,0.523932921124036,0.216720652923226,4.3459501392045,18.6665683795394,0,3319.30541057784,67.1034735116069
"1866",2.71029833664246,0.0002707659,0.024856862,0.01081072,0,0,0,0,0,104.92398,0,4267.1368,52.7469929283151,417.101184931402,0.63873784596862,0.0077232726,0,0,0,0,0,0,0,0,5.0112266e-06,0,0,0.00043877866,0,0.524068818130064,0.21787366200383,4.32087339753657,18.394680194366,0,3380.34035140516,66.3752815601366
"1867",2.76102267059592,0.00027394196,0.024856862,0.010070544,0,0,0,0,0,104.93094,0,4267.5026,53.9410217812425,424.296975298747,0.64506763384997,0.0077232726,0,0,0,0,0,0,0,0,5.0476689e-06,0,0,0.0004428853,0,0.522559824015109,0.219106605364277,4.42279912172892,18.768356166587,0,3557.10377795059,67.6602644874195
"1868",2.82514056235026,0.00027726501,0.024856862,0.010072023,0,0,0,0,0,104.89186,0,4265.4483,55.2876735641624,434.930228259825,0.646633030393855,0.0077232726,0,0,0,0,0,0,0,0,5.0805177e-06,0,0,0.0004465778,0,0.521099652201846,0.22071841817209,4.56090640587017,19.3012475695919,0,3659.7365794957,69.6472938136691
"1869",2.78500431697748,0.00028073396,0.024856862,0.010810735,0,0,0,0,0,104.93014,0,4267.4609,55.833597283054,426.403616729083,0.652666953858574,0.0077232726,0,0,0,0,0,0,0,0,5.1194221e-06,0,0,0.00045096821,0,0.519456147285164,0.221955430635334,4.4375888824883,18.888825035193,0,3782.60280414021,67.9294955911712
"1870",2.83120078244554,0.00028434934,0.024856862,0.01081075,0,0,0,0,0,104.89317,0,4265.5174,56.9965923070036,433.228762449781,0.654949395125842,0.0077232726,0,0,0,0,0,0,0,0,5.1523804e-06,0,0,0.00045467331,0,0.518357775462845,0.22332128610557,4.51926625815247,19.2581207473838,0,3878.44490505761,69.1218769360993
"1871",2.79783034726939,0.00028811122,0.024856862,0.010071314,0,0,0,0,0,104.92871,0,4267.3856,57.574014220573,425.160651320294,0.683650137160135,0.0077232726,0,0,0,0,0,0,0,0,5.1911213e-06,0,0,0.0004590449,0,0.538488932540345,0.227169295017625,4.46275321220288,18.7617737662342,0,4006.64756129897,67.4286235796074
"1872",2.77129269383798,0.00029201899,0.024856862,0.010810765,0,0,0,0,0,104.95075,0,4268.5441,58.1871054542925,417.744273357014,0.784109204960982,0.0077232726,0,0,0,0,0,0,0,0,5.2288177e-06,0,0,0.00046329615,0,0.623859790614982,0.235432687340271,4.36795170913874,18.365341648997,0,4240.32485878485,65.8455371112281
"1873",2.84163384778051,0.00029607326,0.024856862,0.01081078,0,0,0,0,0,104.93223,0,4267.5705,59.620161653133,429.280289041138,0.804805607712961,0.0077232726,0,0,0,0,0,0,0,0,5.2632224e-06,0,0,0.00046716788,0,0.634813127918782,0.246948568689082,4.50517440097311,18.9372989048866,0,4462.99601129417,67.9943704508943
"1874",2.8680589101535,0.00030027407,0.024856862,0.010810794,0,0,0,0,0,104.88493,0,4265.0843,60.8885003518059,435.804180008044,0.802985017405948,0.0077232726,0,0,0,0,0,0,0,0,5.2952178e-06,0,0,0.00047076201,0,0.642069877071955,0.260869430995148,4.56748354368739,19.3048107237096,0,4371.93622415678,69.349080072407
"1875",2.8334891051221,0.0003046214,0.024856862,0.010810809,0,0,0,0,0,104.93101,0,4267.5065,61.447170295791,426.893495453106,0.823081852388739,0.0077232726,0,0,0,0,0,0,0,0,5.3349387e-06,0,0,0.00047524653,0,0.6499277026659,0.27608342101345,4.50680391144932,18.7538760901586,0,4541.87198941607,67.4820885998621
"1876",2.84312526652243,0.00030911468,0.024856862,0.010810824,0,0,0,0,0,104.90175,0,4265.968,62.6029481076692,429.480547731397,0.833473602071421,0.0077232726,0,0,0,0,0,0,0,0,5.3683812e-06,0,0,0.00047900744,0,0.657641910134318,0.291443283842158,4.46719137427306,19.0021406600937,0,4629.47913855452,68.0726648919426
"1877",2.88157917291786,0.00031375456,0.024856862,0.010810839,0,0,0,0,0,104.92824,0,4267.3608,63.6452425862349,434.06034599617,0.844008030984761,0.0077232726,0,0,0,0,0,0,0,0,5.4065191e-06,0,0,0.00048330951,0,0.664291577014009,0.306115142568254,4.6133808547058,19.089059096309,0,4751.47543726125,68.7783807279057
"1878",2.90503649430211,0.00031854156,0.024856862,0.010810853,0,0,0,0,0,104.92472,0,4267.1759,64.7112038286943,437.959949769398,0.851846591485492,0.0077232726,0,0,0,0,0,0,0,0,5.4421234e-06,0,0,0.00048731959,0,0.671179078956627,0.318861075951668,4.70706483892142,19.2281713056928,0,4795.08503111746,69.4697957410236
"1879",2.92925864018093,0.0003234746,0.024856862,0.010810868,0,0,0,0,0,104.88028,0,4264.8396,65.9027984125859,440.851759073737,0.871262814715993,0.0077232726,0,0,0,0,0,0,0,0,5.4741834e-06,0,0,0.00049092116,0,0.678204354942573,0.329465314713512,4.64855756141667,19.4873153893207,0,5042.82313507819,70.0857200164786
"1880",2.92117206246468,0.00032855365,0.024856862,0.010810144,0,0,0,0,0,104.88174,0,4264.9162,66.6649843021011,437.365727538686,0.903649886193705,0.0077232726,0,0,0,0,0,0,0,0,5.5101807e-06,0,0,0.00049497652,0,0.684442704055691,0.336390854880786,4.58541527730911,19.3268212800425,0,5463.89383474359,69.1878811908345
"1881",2.96287722560832,0.00033377873,0.024856862,0.011551088,0,0,0,0,0,104.92914,0,4267.4079,67.7067009478897,440.97372482251,0.947275407446103,0.0077232726,0,0,0,0,0,0,0,0,5.5502216e-06,0,0,0.00049949792,0,0.722188612739045,0.340320341499492,4.73705535020864,19.327166243418,0,5642.34665911038,69.7089688899747
"1882",2.94434585100583,0.00033915105,0.024856862,0.011550379,0,0,0,0,0,104.92759,0,4267.3266,68.5778752392072,436.078630115498,0.910775745011907,0.0077232726,0,0,0,0,0,0,0,0,5.585991e-06,0,0,0.00050352702,0,0.673970234016791,0.344629855480845,4.60955038063944,19.1581622853224,0,5864.84362295233,68.750167487118
"1883",2.91808408807993,0.00034467465,0.024856862,0.010810957,0,0,0,0,0,104.95902,0,4268.979,69.1859791013324,428.221203430495,0.931784115575215,0.0077232726,0,0,0,0,0,0,0,0,5.6247084e-06,0,0,0.00050789587,0,0.681041369388464,0.347938310360514,4.54146705437541,18.7093613653127,0,6122.41037455499,67.0625447575578
"1884",2.97815873983765,0.0003503391,0.024856862,0.010810972,0,0,0,0,0,104.93535,0,4267.7345,70.4806051466233,436.518349179487,0.936965714817275,0.0077232726,0,0,0,0,0,0,0,0,5.6585019e-06,0,0,0.00051169724,0,0.684268927503736,0.350847276002351,4.71190755736271,19.0098899761772,0,6228.75806721696,68.5940232624499
"1885",2.98765865324227,0.00035614909,0.024856862,0.011550438,0,0,0,0,0,104.93798,0,4267.8727,71.6054624134184,438.141538538,0.94473433674844,0.0077232726,0,0,0,0,0,0,0,0,5.6946521e-06,0,0,0.00051577023,0,0.690445424745627,0.353947504754446,4.69631461421493,19.2068690605773,0,6280.2282178222,68.949778184354
"1886",3.00014837627636,0.0003621046,0.024856862,0.011550467,0,0,0,0,0,104.9357,0,4267.7531,72.5825438821738,437.733326854925,0.949685602731612,0.0077232726,0,0,0,0,0,0,0,0,5.7303568e-06,0,0,0.00051979186,0,0.6915159065952,0.356318472485358,4.74010439378541,19.0678195820955,0,6338.1814553013,68.8692628437906
"1887",3.04459007471036,0.00036821147,0.024856862,0.011550497,0,0,0,0,0,104.94903,0,4268.4538,73.7774306331033,443.107738137652,0.962275724219442,0.0077232726,0,0,0,0,0,0,0,0,5.7675003e-06,0,0,0.00052397934,0,0.691466488043127,0.359110429532319,4.82817602456378,19.3284536381454,0,6590.33052106915,69.7940394218542
"1888",3.12348405191855,0.00037446389,0.024856862,0.011550526,0,0,0,0,0,104.91459,0,4266.6433,75.1103555305725,452.502307970539,0.989964010850448,0.0077232726,0,0,0,0,0,0,0,0,5.8002124e-06,0,0,0.00052765607,0,0.691121017606473,0.362114234292041,4.95664395245619,19.7857464261865,0,7165.4811970158,71.4272374400245
"1889",3.10466833772335,0.00038086186,0.024856862,0.011550556,0,0,0,0,0,104.95877,0,4268.9657,75.9296001940716,448.690869632702,0.989845327528061,0.0077232726,0,0,0,0,0,0,0,0,5.840258e-06,0,0,0.00053217801,0,0.690630738654763,0.365384192065645,4.94124412445692,19.5527770549291,0,7161.81720958835,70.6571877163949
"1890",3.15919494899398,0.00038741134,0.024856862,0.011550586,0,0,0,0,0,104.9317,0,4267.5425,77.0786231910674,453.89903232867,1.01243545227918,0.0077232726,0,0,0,0,0,0,0,0,5.8736235e-06,0,0,0.00053593004,0,0.687346460859763,0.377832986022213,5.02565357129989,19.7780648627801,0,7710.37140020767,71.476597166027
"1891",3.12518069600555,0.00039410043,0.024856862,0.011550615,0,0,0,0,0,104.97344,0,4269.7366,77.6822929240742,444.382731801162,1.02424470226026,0.0077232726,0,0,0,0,0,0,0,0,5.9135147e-06,0,0,0.00054043419,0,0.683996957341364,0.383500245715783,4.95811691770312,19.1996730269824,0,8007.14514273389,69.5317219050457
"1892",3.11052836475986,0.00040093536,0.024856862,0.011550645,0,0,0,0,0,104.99082,0,4270.6504,78.5455808898155,439.8086590466,1.04124649709122,0.0077232726,0,0,0,0,0,0,0,0,5.951126e-06,0,0,0.00054467556,0,0.698508077937627,0.389138508993148,4.90833641134911,18.9495217570774,0,8147.0604034641,68.6639195897412
"1893",3.12543089469416,0.0004079215,0.024856862,0.012290126,0,0,0,0,0,104.97994,0,4270.0783,79.8150132886225,443.35065579219,1.03695519963964,0.0077232726,0,0,0,0,0,0,0,0,5.9860238e-06,0,0,0.00054860421,0,0.699289409318618,0.394867219945106,4.92877953943024,19.1784562012074,0,8101.66830424064,69.4870580190981
"1894",3.20511061786081,0.00041505353,0.024856862,0.01229017,0,0,0,0,0,104.93101,0,4267.5063,81.3834562627669,456.696032509021,1.06605994939679,0.0077232726,0,0,0,0,0,0,0,0,6.0171901e-06,0,0,0.00055210279,0,0.715148071017873,0.40100466279123,5.11035512315333,19.8361284777738,0,8391.73262904559,71.9080438066473
"1895",3.2161638449501,0.00042233098,0.024856862,0.011550763,0,0,0,0,0,104.96751,0,4269.4251,82.2311601433576,453.551885049953,1.09199546805215,0.0077232726,0,0,0,0,0,0,0,0,6.0566901e-06,0,0,0.00055656184,0,0.720508523744782,0.406446192765492,5.1419465401731,19.5225004823903,0,8825.99400104187,71.1517865819554
"1896",3.17076874650216,0.00042976003,0.024856862,0.012290244,0,0,0,0,0,104.96751,0,4269.4252,83.0000542618628,444.094427781488,1.10644518569413,0.0077232726,0,0,0,0,0,0,0,0,6.0926241e-06,0,0,0.00056061007,0,0.723002704588555,0.412053838189365,4.94838377759477,19.1772877169249,0,9068.35773844304,69.4226770580313
"1897",3.26870211190749,0.00043732909,0.024856862,0.012290288,0,0,0,0,0,104.99693,0,4270.9718,84.3925363531851,456.412205473663,1.12717645226247,0.0077232726,0,0,0,0,0,0,0,0,6.1314997e-06,0,0,0.00056499701,0,0.725438710599518,0.417321003384849,5.25440781278814,19.582182879234,0,9498.14647153602,71.5467325041292
"1898",3.29687025876911,0.00044504943,0.02485618,0.012290333,0,0,0,0,0,105.01512,0,4271.9281,85.3612716218997,456.603767356317,1.1509833726453,0.0077232356,0,0,0,0,0,0,0,0,6.1692876e-06,0,0,0.00056925874,0,0.727935496832536,0.422155126128057,5.32890480418551,19.501681112943,0,9986.70410752022,71.4566595158959
"1899",3.35583134512378,0.00048567326,0.024857703,0.012290377,0,0,0,0,0,104.97653,0,4269.8993,86.7054338655931,462.103599391943,1.19115160338374,0.0077232334,0,0,0,0,0,0,0,0,6.2013454e-06,0,0,0.00057286006,0,0.728114976326427,0.426894178897804,5.3257165201694,19.86870992901,0,10812.7868065827,72.460722558435
"1900",3.3618210367956,0.0023926675,0.024856437,0.028558348,0,0,0,0,0,104.98481,0,4270.3344,87.6132884502065,459.544466850433,1.2179902139952,0.0077232681,0,0,0,0,0,0,0,0,6.2381326e-06,0,0,0.00057700646,0,0.730129957919673,0.431587350368815,5.31964236099995,19.750787925179,0,11322.2076427182,71.9065663146162
"1901",3.38295293538014,0.0048200969,0.024857442,0.047784449,0,0,0,0,0,105.04131,0,4273.3046,88.3911671107081,457.616830505855,1.30060396653248,0.0077232681,0,0,0,0,0,0,0,0,6.2798935e-06,0,0,0.0005817261,0,0.796423741390064,0.435705526707906,5.43773446122351,19.4876221672477,0,11747.7386300609,71.6326316116258
"1902",3.38154146958844,0.0057781223,0.024856062,0.050743008,0,0,0,0,0,105.04898,0,4273.708,89.2628246419279,455.02617682463,1.3188246474151,0.0077232681,0,0,0,0,0,0,0,0,6.3166789e-06,0,0,0.00058587229,0,0.799794022856236,0.440610299572812,5.41426138738854,19.3580614989368,0,12072.2720434789,71.2414984631659
"1903",3.38938633235436,0.0069576127,0.024857979,0.05591998,0,0,0,0,0,105.09555,0,4276.1561,89.890740567475,449.962530411043,1.39518039527635,0.0077232681,0,0,0,0,0,0,0,0,6.3575353e-06,0,0,0.00059048768,0,0.829068794139491,0.445332970698639,5.42514849332268,19.0305978775881,0,13013.6763936528,70.2537639328316
"1904",3.4640582999698,0.0094363385,0.024855289,0.068491568,0,0,0,0,0,105.07939,0,4275.3063,91.3567494284264,462.621765029928,1.43038550343641,0.0077232681,0,0,0,0,0,0,0,0,6.3918668e-06,0,0,0.00059435105,0,0.8555816577375,0.45050196952973,5.64478747645337,19.6561197272653,0,13243.4173081314,72.8843762524644
"1905",3.52533473807817,0.013412831,0.024859105,0.087718467,0,0,0,0,0,105.08907,0,4275.8152,92.4013243220992,467.440128837385,1.49448112434082,0.0077232681,0,0,0,0,0,0,0,0,6.4289102e-06,0,0,0.00059852698,0,0.882555657194809,0.455901040679744,5.82318791203261,19.7529671569586,0,14068.0270256487,73.7097352169233
"1906",3.54932448038869,0.018196454,0.024853655,0.11138246,0,0,0,0,0,105.10645,0,4276.7286,93.2499831638467,466.435647896789,1.55727866183945,0.0077232681,0,0,0,0,0,0,0,0,6.4667883e-06,0,0,0.00060279911,0,0.913392449909454,0.461434852135162,5.86180533840407,19.6069313609146,0,14731.9436825236,73.4617385122198
"1907",3.67445736846999,0.016966195,0.025812945,0.10398923,0,0,0,0,0,105.14627,0,4278.822,94.5608019449233,480.317456357766,1.64891388993959,0.0077232681,0,0,0,0,0,0,0,0,6.507102e-06,0,0,0.00060735196,0,0.922438101138163,0.466781238402938,6.19411196590494,20.1444907483043,0,16226.9789715262,76.0044451430592
"1908",3.67587664037973,0.021404879,0.029231937,0.12765503,0,0,0,0,0,105.12414,0,4277.6586,95.7123719340486,482.582634009137,1.63462060163377,0.0077232681,0,0,0,0,0,0,0,0,6.5407783e-06,0,0,0.0006111398,0,0.931813857037364,0.471991832481674,6.24585384110971,20.3421895457249,0,15554.2805332214,76.8562379962719
"1909",3.6900486620571,0.036714367,0.765086,0.21121463,0,0,0,0,0,105.16533,0,4279.824,96.4666946033028,480.689468786321,1.66780652507343,0.0077232681,0,0,0,0,0,0,0,0,6.5813135e-06,0,0,0.00061571818,0,0.938895089198482,0.47707613559893,6.31532744871873,20.1096713132971,0,16332.7494885616,76.4408770994379
"1910",3.76760810695306,0.042342327,1.0366888,0.24301505,0,0,0,0,0,105.14442,0,4278.7248,97.7718710278043,491.471362218532,1.71028218292464,0.0077232681,0,0,0,0,0,0,0,0,6.6151047e-06,0,0,0.00061951928,0,0.945019478268491,0.482436575061759,6.5071650403552,20.6023283958656,0,17083.0571014083,78.4812434271531
"1911",3.72591753195231,0.047217079,0.55672031,0.27037941,0,0,0,0,0,105.20214,0,4281.7592,98.4293811567004,482.37364836879,1.66740800881289,0.0077232681,0,0,0,0,0,0,0,0,6.6575406e-06,0,0,0.00062431671,0,0.886866302421873,0.488088856820711,6.48648107361509,20.0076074257428,0,17203.8890503171,76.7337056850132
"1912",3.70910046781752,0.055977137,1.3372385,0.31844894,0,0,0,0,0,105.23472,0,4283.4718,99.2661463233571,477.988921458039,1.66979429507207,0.0077232681,0,0,0,0,0,0,0,0,6.6972695e-06,0,0,0.00062880214,0,0.850324639132227,0.49621306618642,6.50112575547163,19.6808924286815,0,17947.1595168541,75.8316081908469
"1913",3.78793903604599,0.05934571,2.7874772,0.33694139,0,0,0,0,0,105.25437,0,4284.5046,100.612558373191,488.267603493965,1.70884702097495,0.0077232681,0,0,0,0,0,0,0,0,6.7356009e-06,0,0,0.00063312652,0,0.819851713482164,0.505723005322448,6.74615748593201,20.0073286905069,0,19028.1837245579,77.5799615988333
"1914",3.76441879212778,0.064801984,4.5655912,0.36726542,0,0,0,0,0,105.19867,0,4281.5767,102.284058651112,494.497882628955,1.61971445145062,0.0077232681,0,0,0,0,0,0,0,0,6.7654802e-06,0,0,0.00063647677,0,0.808714485920618,0.516067774017783,6.79350597618106,20.5924810867744,0,17553.3191508588,79.7780734287914
"1915",3.7223377832743,0.084000629,6.2098372,0.47153519,0,0,0,0,0,105.2716,0,4285.4105,103.057919746651,484.247684884698,1.59942448959355,0.0077232681,0,0,0,0,0,0,0,0,6.8098518e-06,0,0,0.00064149729,0,0.796919086737955,0.527312874426921,6.77635839583683,20.0614245779743,0,17532.0509534517,78.3504006235675
"1916",3.74420706877738,0.10465075,5.9968917,0.58467971,0,0,0,0,0,105.29863,0,4286.831,104.088943520662,482.95426600786,1.66403274012684,0.0077232681,0,0,0,0,0,0,0,0,6.8490958e-06,0,0,0.00064592684,0,0.799225956330382,0.538898841378073,6.90065222268084,19.9082986071494,0,19020.9318032116,78.2798515477064
"1917",3.82639685559959,0.11034348,5.1585271,0.61870744,0,0,0,0,0,105.37275,0,4290.7275,105.439741450196,492.960044752499,1.69833809696899,0.0077232681,0,0,0,0,0,0,0,0,6.8937875e-06,0,0,0.00065098427,0,0.802259466726655,0.550131022804809,7.32088849912933,20.1775610401122,0,19860.4799926273,80.4548180697849
"1918",3.83059737971303,0.10461425,4.2721672,0.58914082,0,0,0,0,0,105.37311,0,4290.7462,106.745931600544,496.242073076373,1.6924059408678,0.0077232681,0,0,0,0,0,0,0,0,6.9300659e-06,0,0,0.00065507202,0,0.805547749847564,0.560616631859001,7.44055390848309,20.36895157688,0,19697.1086905714,81.6129481397805
"1919",3.72264113468219,0.10155164,3.196035,0.57214502,0,0,0,0,0,105.33647,0,4288.8202,108.095107043779,490.979417116724,1.59105549308509,0.0077232681,0,0,0,0,0,0,0,0,6.9620427e-06,0,0,0.00065866401,0,0.810667945328563,0.570120071930687,7.24062331439818,20.3686382125989,0,16955.0732264281,81.6772438643896
"1920",3.81301012078344,0.071874804,4.0059497,0.41169313,0,0,0,0,0,105.40157,0,4292.2427,109.133638533057,498.874599875397,1.71553907101337,0.0077232681,0,0,0,0,0,0,0,0,7.0058716e-06,0,0,0.00066362215,0,0.813025823714073,0.578820266289737,7.65026348452928,20.4023950987993,0,18758.7605266796,82.96992111207
"1921",3.66122270240522,0.05599481,6.3575755,0.32444592,0,0,0,0,0,105.42979,0,4293.7261,109.809347962644,486.61362418744,1.65413292028839,0.0077232681,0,0,0,0,0,0,0,0,7.0454555e-06,0,0,0.00066809072,0,0.860777768525154,0.586712272391519,7.4706151314369,19.8461087749024,0,16012.2007664301,81.1872551924439
"1922",3.65833372276427,0.10093674,7.5196689,0.56921203,0,0,0,0,0,105.47367,0,4296.0327,110.48581040151,484.827341844401,1.69623807754763,0.0077232681,0,0,0,0,0,0,0,0,7.0869364e-06,0,0,0.00067277807,0,0.852852441385118,0.594393160924936,7.58046304294676,19.4742783957345,0,16911.284919199,80.5306943051295
"1923",3.88124620999929,0.13753371,8.1995609,0.77479139,0,0,0,0,0,105.54539,0,4299.8026,112.253564131947,514.234395144391,1.81994066713055,0.007723268,0,0,0,0,0,0,0,0,7.131803e-06,0,0,0.00067785565,0,0.860962732929082,0.602564011543938,8.37676020477252,20.4178252089315,0,19677.5814855935,86.2758342447368
"1924",3.77480901588259,0.14595489,10.064032,0.82730698,0,0,0,0,0,105.55899,0,4300.5175,112.63350596588,499.097414395057,1.83690974595496,0.0077232683,0,0,0,0,0,0,0,0,7.1698012e-06,0,0,0.00068214162,0,0.867137912401773,0.611113093854285,8.14309696341369,19.7788237604208,0,19476.2750538652,83.211231142207
"1925",3.79060698216446,0.15281139,9.887985,0.86947278,0,0,0,0,0,105.60265,0,4302.8128,113.670426918965,502.695768758678,1.85342326047952,0.0077232681,0,0,0,0,0,0,0,0,7.2114506e-06,0,0,0.00068684841,0,0.870319824675082,0.618899168590794,8.34480314167339,19.7534548371689,0,19692.7637396237,84.0617442345492
"1926",3.72438363827789,0.16877181,10.020584,0.96266008,0,0,0,0,0,105.65209,0,4305.4116,114.545630272465,499.041820374083,1.84536367637137,0.0077232683,0,0,0,0,0,0,0,0,7.2538666e-06,0,0,0.00069164354,0,0.874758124787264,0.626309714747215,8.42205225613137,19.5730201112363,0,19762.6235033383,84.168770834883
"1927",3.85035738238543,0.19366311,13.691728,1.1076116,0,0,0,0,0,105.65063,0,4305.3352,115.747479983475,515.091088383354,1.98559442369017,0.0077232677,0,0,0,0,0,0,0,0,7.2901344e-06,0.0049450274,0,0.00069573008,0,0.914261271084245,0.633386344756807,8.88470440623256,19.8755098646628,0,21090.3825631091,86.5275352496404
"1928",3.82813493155723,0.2132805,16.914307,1.2252077,0,0.020814729,0,0,0,105.59392,0,4302.3537,116.795866607944,515.840088933696,1.99322846254002,0.007723269,0,0,0,0,0,0,0,0,7.3196023e-06,0.030139896,0,0.0006990329,0,0.917705848402827,0.639896283347588,8.95709042504245,19.9159307610944,0,21015.8223781349,87.1158633685081
"1929",3.89021599373553,0.20802541,19.38339,1.2037865,0,0.33502494,0,0,0,105.60372,0,4297.9849,118.019997715787,527.053575508753,2.10121469051972,0.0077232662,0,0,0,0,0,0,0,0,7.3457199e-06,0.003329301,0,0.00070194961,0,0.944963901960164,0.645417564139056,9.29728775725581,20.2749739444676,0,22349.8697119033,89.3767024687707
"1930",3.90762280583765,0.17035764,20.571834,0.99750344,0,1.1701026,0,0,0,105.91829,0,4287.8382,119.670178810036,535.034902818078,2.094418305808,0.0077232725,0,0,0,0,0,0,0,0,7.3580298e-06,-0.026051043,0,0.00070327493,0,1.02218152035434,0.650188978757699,9.24218955324845,20.9523885886757,0,20743.7520411892,91.5957386266706
"1931",3.69919308633346,0.11326202,21.232329,0.6766021,0,1.6600329,0,0,0,106.6887,0,4282.6938,119.907507823089,504.898134504353,2.00058981361206,0.0077232589,0,0,0,0,0,0,0,0,7.3819696e-06,-0.0038292076,0,0.00070594063,0,1.03250467230164,0.653662917546692,8.57795688988563,19.782983456664,0,18305.2698064603,86.4853186650603
"1932",3.70112051869593,0.085847633,23.837144,0.51911084,0,1.6167368,0,0,0,107.41813,0,4276.7559,121.421987287049,510.182331503615,1.81416021299258,0.0077232888,0,0,0,0,0.0057643486,0,0,0,7.403862e-06,0.0007431065,0,0.00070837036,0,0.934418874934364,0.657057017114264,8.51123427481444,20.1618155483039,0,16113.3630784757,87.9072537284969
"1933",3.67399169564083,0.1016274,28.120028,0.61081444,0,1.6336582,0,0,0,108.09758,0,4271.2585,122.343765896593,508.116012058426,1.85413049034911,0.0077232216,0,0,0,0,0.14482802,0,0,0,7.4266479e-06,0.00080764091,0,0.00071090308,0,0.931237084840636,0.659892751447834,8.46926461061547,20.0196133104578,0,16955.3265721238,87.7392644228229
"1934",3.81762240665386,0.15202423,34.519287,0.91252255,0,1.6505883,0,0,0,108.91202,0,4272.3774,123.953299851001,528.033166008916,1.91955462655389,0.0077233742,0,0,0,0,0.60639434,0,0,0,7.4653224e-06,0.00087789025,0,0.00071526698,0,0.919472625613363,0.663035365720936,8.99331160085204,20.7026178368248,0,18636.2612994829,91.4970396842338
"1935",3.8267632354571,0.22028466,40.132859,1.3303298,0,1.6675173,0,0,0,109.70014,0,4272.1486,124.894604387297,529.440940629194,1.96808867381392,0.0077230226,0,0,0,0,0.97427321,0,0,0,7.5007413e-06,0.00095422447,0,0.0007192557,0,0.918128000479909,0.666230060217087,9.17701986591853,20.5431970421555,0,20031.0249159945,91.9021407415456
"1936",3.97200802306577,0.28820401,42.33712,1.7570203,0,1.6844464,0,0,0,110.56758,0,4275.9063,126.464704754388,550.039854853317,2.07617810688845,0.0077238462,0,0,0,0,1.0455299,0,0,0,7.5459344e-06,0.001037276,0,0.0007243709,0,0.926507996148818,0.669348907927688,9.786024287172,21.1641865412487,0,21547.1022954294,95.8348454332348
"1937",3.97721507447183,0.34372195,44.188471,2.1186454,0,1.7013755,0.0063900215,0,0,111.3625,0,4275.9946,127.182337067508,550.610941906018,2.13432635922424,0.0077218498,0,0,0,0,1.1131878,0,0,0,7.5821791e-06,0.0011274768,0,0.00072845477,0,0.903968756194909,0.673266612450415,10.0092836354791,20.8506047086175,0,23177.4238583782,95.8456743304301
"1938",3.87954643138801,0.39883954,49.06474,2.4891541,0,1.7183047,0.1328808,0,0,112.0603,0,4271.2734,127.905393036164,535.426848455551,2.06749077299617,0.0077285525,0,0,0,0,1.185033,0,0,0,7.6064912e-06,0.0012254241,0,0.00073116337,0,0.906772107904091,0.677567299723519,9.54724741827411,20.28381800386,0,21492.63395386,93.2370606174549
"1939",4.01082060145164,0.43390074,56.683054,2.745053,0,1.7352338,0.68779311,0,0,112.8293,0,4270.1197,129.50135676592,554.537917123026,2.13719875393082,0.11813875,0,0,0,0,1.2571398,0,0,0,7.6395717e-06,0.0013320616,0,0.00073488257,0,0.905331466629,0.683418581273169,10.0692344883303,21.0208533254851,0,22956.4981076989,97.3453542325121
"1940",4.02625362643362,0.50172554,67.980741,3.2190952,0,1.7521629,1.4928916,0,0,113.75015,0,4276.3916,130.134994262416,550.465405645506,2.22461016503837,0.21814961,0,0,0,0,1.3304594,0,0,0,7.6912641e-06,0.0014481828,0,0.00074074684,0,0.892922587104,0.689798636083452,10.4124909671755,20.5662757472668,0,25100.282060921,96.4961288683248
"1941",4.05029426686639,0.64957282,81.740279,4.2240743,0,1.769092,2.2339929,0,0,114.54353,0,4282.9257,132.218093939934,552.9500650768,2.23206133614359,0.1951164,0,0,0,0,1.4028748,0,0,0,7.7273175e-06,0.0015741503,0,0.00074480867,0,0.875550886674818,0.713535759590731,10.6553559743669,20.4620313675557,0,26052.9262805892,97.0940734523221
"1942",4.11419328381665,0.84353078,95.021136,5.585489,0,1.7860212,2.976471,0,0.19841173,115.26991,0,4303.7401,134.706024081269,560.184186108921,2.25499748608974,0.16898031,0,0,0,0,1.4745564,0,0,0,7.7551846e-06,0.0017109548,0,0.00074792699,0,0.896771147524364,0.764913744271536,10.8140013373088,21.0141937700247,0,26639.6450986006,98.657196954013
"1943",4.11408578168194,0.80476688,89.521615,5.4576739,0.056451758,1.8029502,3.7199961,0,4.3053247,116.04761,0,4331.4951,136.629686884281,561.018550295933,2.29368087361287,0.14684461,0,0,0,0,1.5467027,0,0,0,7.789335e-06,0.0018597366,0,0.0007517695,0,0.8915846112081,0.838901507968898,11.1261022192666,20.7646990065382,0,27046.9967631082,99.4863464447604
"1944",4.11126989604166,0.41764093,72.694302,2.9606569,0.97266311,1.8198794,4.4638059,0,16.545617,116.85265,0,4354.745,138.93105622392,569.427557849745,2.28484762962018,0.11439264,0,0,0,0,1.6191675,0,0,0,7.8268219e-06,0.0020215068,0,0.0007559967,0,0.897774969705818,0.926877417168081,11.4690474555739,20.9181222824943,0,26516.0433330349,102.008305151123
"1945",3.97040631716241,0.20111842,68.369262,1.5076942,3.4593405,1.8368084,5.2077233,0,24.846154,117.6118,0,4376.5008,141.022963956905,562.388140302765,2.07847925563939,0.080798572,0,0,0,0,1.69101,0,0,0,7.8587212e-06,0.0021972582,0,0.0007595796,0,0.898277884808454,1.02342429526053,11.3006604762891,20.6304151923746,0,23360.2065556135,102.386862892787
"1946",3.9716964354581,0.27970458,74.717234,2.0726649,4.9404679,1.8537378,5.9856104,0,24.839378,118.39896,0,4399.6117,142.706402245253,555.289962951508,2.27577912632555,0.064300427,0,0,0,0,1.7631908,0,0,0,7.8940343e-06,0.0023883489,0,0.00076355611,0,0.982351777893818,1.12112415833951,11.2994897507094,20.3059334995586,0,23083.2237092663,102.65818348678
"1947",4.00428959939025,0.34838359,84.081746,2.6369074,4.8390374,1.8706665,6.4443541,0,24.982371,119.2973,0,4428.0553,144.794496495104,563.403775373477,2.46203839752201,0.046731228,0,0,0,0,1.8372679,0,0,0,7.9428476e-06,0.0025963146,0,0.00076908855,0,1.01302145213318,1.2143343518975,12.0100133055042,20.1909994737031,0.0033728385,25917.8730434944,104.157367607663
"1948",4.123520872977,0.33316898,90.670686,2.6243892,4.8563661,1.8875961,6.6649072,0,24.987103,120.08364,0,4451.0369,147.27202945137,586.536080045712,2.56198335941817,0.020169381,0,0,0,0,1.966277,0,0,0,7.9780491e-06,0.0033276717,0,0.00077305219,0,1.02117021562855,1.29483001794979,12.7480765314138,20.6503570635797,0.023611977,27098.8434911604,108.096417388017
"1949",4.09574655107731,0.31424196,91.962416,2.5926444,5.561141,1.8955033,7.1640705,0,27.295461,120.70601,0,4466.7618,150.215714887783,588.441038683493,2.54572067865759,-0.0015784357,0,0,0,0,1.6426278,0,0,0,7.9933905e-06,0.02463759,0,0.0007747269,0,1.03160403638373,1.35701492410028,12.4012567712429,21.081179377217,0.063741035,26137.6295436837,109.154425777144
"1950",4.33126079127977,0.32876887,78.580053,2.8441101,8.1460574,1.9897329,7.4706053,0,32.673745,121.62274,0,4499.2896,152.201008446252,619.943970914887,2.73945527812863,0.0002432756,0,0,0,0,1.0661465,0,0,0,8.0453408e-06,0.10531435,0,0.00078062089,0,1.04480132110827,1.39342004932002,13.7268592110725,22.1058105613688,0.16053368,29080.4321086795,113.859847195318
"1951",4.21233606735614,0.33222262,70.47669,3.0430784,12.050138,2.1685287,7.5542237,0,36.815853,122.51807,0.014330518,4529.1876,155.271935165369,593.199450584402,3.07927936049283,0.0011664316,0,0,0,0,1.0527789,0,0,0,8.0850349e-06,0.2343219,0,0.00078510233,0,1.26302316747491,1.41540459795237,13.7478193775796,20.3981881836981,0.23983988,30307.9450713982,109.090954418722
"1952",4.27824996657228,0.32854487,76.508762,3.2228257,16.078842,2.4120426,7.6734014,0,40.441283,123.26435,0.21725302,4558.7052,160.573357604806,606.956339993574,3.14148109326792,-0.0020300648,0,0,0,0,1.4414744,0,0,0,8.1000921e-06,0.3628351,0,0.00078674427,0,1.29072657732327,1.43674301186907,14.097385506428,20.9579343511797,0.24565292,30700.9689041395,112.618210904841
"1953",4.4001348909131,0.31999622,81.681224,3.3863087,20.201055,2.8478934,7.7034458,0,45.581432,124.06078,1.3575508,4600.7084,165.681832308174,623.975054798231,3.19261529601089,-0.00022819236,0,0,0,0,2.100408,0,0,0,8.1248995e-06,0.48047903,0,0.00078950997,0,1.28788222177118,1.45924514162149,14.6869330186961,21.6009397082087,0.24572915,31319.0846780654,116.776537790236
"1954",4.47510777313042,0.29457384,86.86347,3.4048632,25.212381,3.2763156,7.760213,0,51.892411,124.75392,3.6198833,4629.2231,170.371007918932,628.909663531406,3.29601194577668,-0.0040708208,0,0,0,0,2.8888848,0,0,0,8.1370738e-06,0.59576061,0,0.00079081967,0,1.34187017445273,1.48266128349415,15.0026175458222,21.6547389490166,0.24580572,31527.7934826001,118.789692857319
"1955",4.58574511189321,0.26311875,91.980019,3.3346824,30.727319,3.6788015,7.6370702,0,59.871881,125.74327,6.4848679,4666.3367,174.74044705675,641.326725331522,3.52447194204667,0.0010493547,0,0,0,0,3.5564777,0,0,0,8.1848459e-06,0.70910415,0,0.00079623211,0,1.38698027993045,1.5080109000794,16.0554904249893,21.6119405722403,0.24588273,34474.6531986406,122.542581513614
"1956",4.84440148888687,0.22075982,97.008491,3.0796375,33.546756,4.2759912,7.5430316,0,66.950489,126.58168,9.1561662,4699.2729,180.671117460758,673.806229029288,3.73505995240851,0.0066401621,0,0,0,0,4.5322658,0,0,0,8.2145095e-06,0.82044371,0,0.00079955749,0,1.445407836825,1.53385553245694,17.1507902630672,22.724482756859,0.24595899,37032.0314503805,129.823020043142
"1957",5.08452257235024,0.18587639,102.11597,2.8571248,32.871446,4.9612019,7.3765313,0,72.204141,127.41838,11.488509,4733.2024,186.055567738644,695.949613056693,3.85992876003076,0.004342369,0,0,0,0,5.9875108,0,0,0,8.2451464e-06,0.92977447,0,0.00080299506,0,1.47659987341227,1.56139209646718,17.9813312686297,23.8263494462838,0.24603635,38782.9136060685,135.591520560629
"1958",5.06048804252402,0.17928487,107.206,2.9954591,34.746284,5.6330503,6.9087313,0,80.925329,128.42262,14.781202,4771.3965,188.385539949677,661.285485841322,3.99327320038453,0.0026052944,1.5255345e-05,0.0001550744,0,0,7.120204,0,0,0,8.2860065e-06,1.0371306,0,0.00080761087,0,1.52767169595136,1.59210346748868,17.8149385187625,22.2466504021495,0.2461131,39250.0564697076,129.208583611804
"1959",5.18676234928297,0.18081021,112.29185,3.2476716,43.506257,6.3880226,6.8760458,0,93.983467,129.47587,18.063698,4808.726,192.686757311104,665.436722212326,4.07487214435597,0.00086846123,0.00012225318,0.0012460364,0,0,8.0253807,0,0,0,8.3259739e-06,1.1424694,0,0.0008121238,0,1.4727759,1.62517081584117,18.3084829604616,22.1369504516644,0.30755864,41222.9176159549,131.210497441216
"1960",5.28821308430271,0.17259465,117.2597,3.3209398,56.281481,7.3201718,7.2392631,0,107.5417,130.53321,21.750437,4847.0424,197.261100475771,668.565662983345,4.18742912177927,-0.0008684921,0.00023072394,0.0023750868,0,0,9.5885732,0,0,0,8.3712137e-06,1.2458107,0,0.00081724438,0,1.4606345,1.66197397953047,18.9594046359352,22.0686631393982,0.4304021,42870.320128364,133.336814910278
"1961",5.28018777491346,0.16861102,121.58986,3.4304351,70.618557,8.4287849,7.4514735,0.0018618006,123.80387,131.26152,27.278298,4864.0212,205.138341304527,701.005345257634,4.28066629868664,-0.0026053238,0.00024913556,0.003546415,0,0,11.884386,0,0,0,8.367737e-06,1.346892,0,0.00081675024,0,1.530231,1.77269823149806,19.5876329083831,23.3735731426072,0.55328481,48257.7141979045,143.565263482079
"1962",5.26837110854788,0.17112099,125.71015,3.6249821,86.214551,9.6127678,7.5805279,0.045181371,144.89716,132.4011,32.049021,4895.6486,207.212299182616,678.849223371448,4.38645940628736,-0.0043425207,0.00025250226,0.0049206759,0,0,14.500089,0,0,0,8.405538e-06,1.4460951,0,0.00082101348,0,1.5198038,1.83940239984304,20.2084628141662,22.5500946381933,0.61483924,49258.0861083903,140.105892014807
"1963",5.43787574291204,0.18314033,128.88013,3.9881367,101.83231,10.949721,7.9110854,0.24720738,167.67883,132.99126,37.52532,4904.2354,216.192265589753,741.319601617532,4.56063208003903,-0.0078699311,0.00035209498,0.0059727591,0,0,17.280228,0,0,0,8.3926404e-06,1.5429261,0,0.00081943362,0,1.5262845,1.90189927254753,21.4501782312982,24.6092109338749,0.55366285,50799.5607840794,156.130953991967
"1964",5.25990946510033,0.20130699,129.76929,4.4326257,116.30072,12.657214,8.4778946,0.46848862,189.8766,134.07707,49.914046,4933.087,216.556162955819,689.111460008773,4.70898553205086,-0.00075970859,0.0010303711,0.033580017,0,0,20.771971,0,0,0,8.4360463e-06,1.6379776,0,0.0008243428,0,1.5173337,1.97288868008742,22.2130071468854,22.3776239846091,0.49245891,52708.1799946831,146.454775561429
"1965",5.27001025271217,0.2250418,129.69213,4.9089192,130.83984,14.528257,9.0358315,0.58010695,213.3919,135.19804,70.507935,4953.0596,222.666415702745,709.312296270327,4.88849491832859,0.015948649,0.0021406888,0.11324642,0,0,25.0603,0,0,0,8.4640089e-06,1.7308461,0,0.00082747214,0,1.5484721,2.05760966262142,23.0830873261771,22.6499729310238,0.4926084,53937.4647721022,153.405391194269
"1966",5.28517479593693,0.26721734,129.70542,5.6248074,147.99606,16.547774,9.5008952,0.77191369,240.15802,136.46754,94.258765,4976.4474,226.310695802059,710.941466458106,5.05042566253416,0.069786165,0.0031030971,0.20275693,0,0,30.477075,0,0,0,8.5066137e-06,1.8217969,0,0.00083228903,0,1.5508256,2.15561128036134,23.8825029418208,22.4342971424415,0.61550021,55140.1626888002,156.49498091068
"1967",5.39045884930069,0.32052973,129.68847,6.3547572,169.42177,18.918172,9.9208119,1.0373,269.58286,137.66763,116.32544,4995.4184,232.333146488266,746.209820874695,5.21866928858423,0.24404072,0.0037542491,0.26151045,0,0,36.036945,1.246032e-05,0,6.8991852e-05,8.5446127e-06,1.9105949,0,0.00083657509,0,1.594899,2.24090191835194,25.2920162050221,23.5852935370891,0.7384486,54634.9264315844,164.775316210399
"1968",5.37037309217012,0.40423022,129.73308,7.3324415,195.13757,21.713594,10.295172,1.3673824,299.71437,139.24379,133.08156,5029.5667,235.335402666216,740.482418230303,5.37832950376352,0.44305972,0.0055431793,0.29037411,0,0.0092379775,40.359034,8.8038453e-05,0,0.00048559101,8.6257131e-06,1.9976935,0,0.00084582889,0,1.5460563,2.30916334316951,26.5615960233177,22.825796914652,0.67731523,56735.4880880207,165.095708773085
"1969",5.404091612813,0.5206411,129.76058,8.4831718,220.72612,24.938178,10.638634,1.7120901,327.55328,140.05867,146.61896,5026.2804,239.184851612565,747.029731535071,5.60188232019528,0.55613635,0.03648951,0.30862539,0,0.18322115,44.144508,9.3679956e-05,0,0.0005038868,0.0098248184,2.0817369,0,0.00084505326,0,1.5427741,2.36632149559893,27.245481904077,22.1004895116614,0.67751619,58331.1824401782,169.681571322428
"1970",5.54970879729037,0.6581692,129.69302,9.5318801,245.38621,28.576904,11.00827,1.8909658,354.60102,141.52757,173.56366,5048.3132,244.418395546292,781.037552297546,5.85189731441579,0.64373178,0.11813403,0.34789664,0,0.60795801,49.037394,2.4685116e-05,0,0.00010851205,0.036330653,2.1644992,0,0.0008520249,0,1.5310014,2.35710893425525,29.0841577614988,22.7802243232263,0.80047128,61385.9961843306,179.685954668391
"1971",5.70374899233827,0.82992065,129.60227,10.711494,276.44309,32.729139,11.452529,2.1402118,387.53989,143.1196,217.72405,5067.5026,249.28953308379,796.202942530111,5.9122167635368,0.78786166,0.2232129,0.40686343,0,0.8564576,55.790888,1.3254363e-05,0,4.2594654e-05,0.064586906,2.2451174,0,0.00085867175,0,1.4047031,2.33177465547336,29.9132585307644,23.195116011534,0.86210262,61572.5750016055,183.535557899153
"1972",5.97115337472252,1.0559029,129.65777,12.24311,314.22879,37.465523,11.97792,2.5517628,427.68026,144.52172,267.60333,5079.1924,257.210205426586,868.473570754702,6.02977786611088,1.0951867,0.31882408,0.4721474,0,0.87667663,61.456633,1.3479254e-05,0,4.3040854e-05,0.082580189,2.3233295,0,0.00086363194,0,1.3261336,2.46538547337309,31.6055340472401,25.5274345396008,0.86237286,63316.7981426474,196.665524707939
"1973",5.89583157589574,1.330787,129.79157,14.085332,338.0693,42.979262,12.585161,2.92937,454.71123,146.54158,301.85553,5118.3195,260.294724974358,826.029313226929,6.29022605013781,1.5930673,0.39726303,0.54390644,0,0.82240702,65.420113,1.3772853e-05,0,5.4973948e-05,0.090214925,2.4006492,0,0.00087687677,0,1.3175873,2.52542783295061,32.6548720843398,23.4556481073101,0.92401065,66162.7397772654,186.52593193282
"1974",5.97164393839969,1.4191691,129.76026,14.311146,340.6055,49.247959,13.447442,3.5184015,453.22872,147.80664,327.35544,5113.8208,261.808277053765,824.621402216006,6.23492031691453,2.1806547,0.67241083,0.65809554,0,0.76119143,71.666995,1.3967525e-05,0,0.052416219,0.087063163,2.474116,0,0.00087789564,0,1.2897675,2.51722427893644,32.4848134444531,23.5996246221271,1.0394718,65218.865382497,183.600525082191
"1975",5.99843137404117,1.4004084,129.65616,14.321042,337.71465,57.565811,14.538442,4.2176868,440.16522,148.91662,384.99818,5104.4298,263.058548645258,816.919485858178,6.22805364293135,2.8018363,1.2682709,0.8287437,0,0.80304672,79.153904,1.4151174e-05,0,0.19213674,0.072875586,2.545125,0,0.00087775104,0,1.3024158,2.60342160410181,32.1596942942339,23.1296537907324,1.1646458,64032.7856772789,177.513067307363
"1976",6.23749653181893,1.5554771,129.63321,16.011714,329.27602,57.24638,15.386466,4.743647,426.10768,150.23158,475.43135,5104.2152,269.948209658087,856.063491529847,6.5109212639729,3.4107057,1.8435573,0.98712807,0,0.82394648,92.664426,1.4358855e-05,0,0.33759564,0.047412585,2.614347,0,0.00088049315,0,1.3194059,2.67619649414425,33.7488019022786,24.4057179174258,1.4235416,66996.4837851878,186.247427298102
"1977",6.35317876828784,1.692355,129.63647,16.762577,306.11158,55.875241,15.71703,5.1782548,404.2283,152.04264,533.0325,5117.6518,274.030152402707,868.431309692876,6.7124593780473,3.8826089,2.1420878,1.0852977,0,0.93269902,109.06413,2.1399971e-06,0,0.42456315,0.022180513,3.5323931,0,0.00088740955,0,1.3512792,2.74974797328987,34.5564515862094,24.3872442702508,2.1583469,67618.8081850949,189.225532256017
"1978",6.57904481781486,1.7691766,130.48849,16.898235,278.45958,72.245349,15.529417,5.5214166,383.9896,153.91731,529.79652,5132.0601,276.333354462941,897.405148357044,6.87693790845428,4.2701212,2.1599238,1.1209157,0,1.277913,112.78031,-6.2543157e-05,0,0.45249588,-0.059867027,4.661461,0,0.00089480636,0,1.2985151,2.81257689119425,35.8211476750337,25.019744191924,2.8286901,67864.0847293561,192.934795546537
"1979",6.67723164939947,1.9203395,128.37989,17.898313,271.13342,94.634628,14.991238,6.1020639,394.80033,155.58904,518.50501,5138.651,281.600065612012,900.466422701635,6.97882116098259,4.6513697,2.0579417,1.1328091,0,1.7595655,113.22088,-2.0391387e-06,0,0.42017076,-0.17766763,5.0937882,0,0.00090008302,0,1.2515593,2.90355787436857,36.5996711528749,25.2124798625983,2.8296177,68958.3434970422,196.016902873184
"1980",6.61838712485469,1.9633226,125.08456,17.664267,276.09356,120.23426,14.760861,7.2362595,398.43779,157.04196,513.02719,5131.8984,283.346470235154,890.511495194399,6.8909084015168,5.1129913,2.1545661,1.1562096,0,2.0330453,118.29604,7.9351775e-05,0,0.35605477,-0.12485274,5.1732709,0,0.00090155542,8.167018e-05,1.2433824,2.93649669369213,36.3387824090228,25.2325456582929,2.8304823,68623.1105629751,194.391242040249
"1981",6.57778222986221,1.7391266,126.52811,16.187192,271.00597,128.45086,13.920115,8.6372447,403.07178,158.51506,516.86109,5123.4643,279.789420716314,875.781609441744,6.78803650340773,6.0090215,2.4863888,1.1742814,0,1.96562,122.37567,1.7112574e-05,0,0.32601335,0.11779446,4.4274361,0,0.00090259513,0.00069675129,1.2520549,2.90272069297266,35.6604069983779,24.8732959713971,2.9541119,66532.9878832748,189.168613859002
"1982",6.91525857752297,1.6205522,129.38621,15.97381,277.72577,128.57689,13.885459,9.2748324,391.79861,159.18065,532.93449,5083.3728,287.669315388234,967.429298286815,6.73131632730012,6.4693449,3.0131287,1.352411,0,1.6573364,125.26367,-8.228379e-05,0,0.33083911,0.22216908,3.5575865,0,0.00089426293,0.0015785006,1.2573836,3.02154902870749,35.7029237180412,28.2722057143829,2.9550432,65379.1650016147,206.88446477767
"1983",6.6254022138405,1.8456854,130.75989,16.384525,353.29433,150.74703,15.564841,9.057039,385.70972,160.09109,547.19948,5047.3484,281.617658355317,862.021494330486,6.9118982917193,6.0034055,3.8198142,1.378774,0,1.3378778,129.4055,-2.7098867e-05,0,0.33559498,0.09748991,3.8040369,0,0.0008871233,0.0020178464,1.4321564,3.03293477124231,34.79251787648,24.4595134272755,3.2014371,64401.5692309483,183.835822334783
"1984",6.81501895511844,1.954181,134.9934,14.927399,352.61795,167.86607,17.177696,10.537606,438.30954,162.15076,546.6524,5054.1956,285.003045167874,889.702010704909,7.07594246868374,6.3412338,4.7987259,1.1329507,0,1.2391705,137.14097,8.6590518e-05,0,0.48356263,0.027417786,4.8805395,0,0.00089282411,0.0043071608,1.46034,2.99820551012188,35.8793409839547,25.3262763576757,3.570683,65157.2821139995,189.333525731447
"1985",6.92276198858398,1.930951,138.44665,13.863624,321.80334,191.20489,18.042992,12.093107,487.46531,164.43684,559.24581,5072.7864,285.675269715598,906.936819948039,7.17429171394512,7.6862714,5.5359652,1.1864916,0,1.4290266,148.48134,0.00021606645,0,0.56320674,0.085787554,5.2553933,0,0.00090213205,0.012966035,1.4988356,2.99829464858272,36.4402878760252,25.8324399755022,3.6945657,65321.0864346987,190.456885666339
"1986",7.01370366212348,2.0447892,134.66824,14.595216,363.19165,226.48099,17.343175,11.156209,561.19711,166.53505,605.54478,5079.9439,290.808448753962,914.521809319305,7.31001862927533,8.6199267,5.6626388,1.453026,0,2.1480617,163.26271,0.00021612991,0.0006836251,0.57273931,0.044305139,5.6896951,0,0.00090805661,0.028102657,1.529187,3.06161486060403,36.8427443690033,25.9121168517712,3.9411958,65326.2586534589,195.665223466597
"1987",7.20013915401729,2.1868179,140.05915,15.122737,377.17492,234.71551,15.986362,11.176584,543.59326,168.70781,636.85035,5087.8651,295.048514693287,952.061149189977,7.45322812553045,9.1692428,5.2412687,1.7364871,0.0011578226,3.2631248,177.25124,5.8214754e-05,0.0048785865,0.79616882,-0.099665792,6.5386064,0,0.00091426979,0.044783508,1.5147715,3.17513288370487,38.0883388094149,27.2518671698659,4.3106697,66565.1792588188,203.585170051448
"1988",7.39663506024057,2.2384091,134.89421,15.295333,324.40759,225.34631,14.052169,12.063592,433.01446,171.54521,645.54402,5119.7697,298.685495083767,950.41518742898,7.64382600236739,10.094657,4.7030971,1.770198,0.34924766,5.2661192,185.3279,0.021115007,0.06849384,0.88192316,-0.073662439,6.6278139,0,0.00092784993,0.060567348,1.5141773,3.09417308752422,39.5095437446504,27.1850661260987,4.6802608,67130.2456170185,203.532227607211
"1989",7.32023366765065,2.2075539,105.50252,15.212081,246.46809,212.83728,10.119863,11.292045,357.7641,174.22363,713.52261,5139.3872,302.164174394028,930.846775462043,7.73856206773258,10.904862,4.3864096,1.6702493,0.72136249,10.730464,189.56819,0.31476996,0.67304705,0.82629641,0.054397397,6.6572182,0,0.0060655338,0.076147787,1.5312021,3.13228316965007,39.8654238750928,26.3314067674717,5.0499664,67155.6349974572,200.316505203573
"1990",7.5082715315992,2.1076967,86.426532,14.407865,208.25652,176.8456,7.0905085,10.591201,333.97703,176.36773,658.40311,5137.248,305.272554652138,940.562631348547,7.62728703852638,10.051338,4.2741531,1.7373255,1.5203264,17.768055,192.30881,0.96053501,1.7208698,0.69729352,0.18589003,6.6838429,0,0.02696988,0.091767095,1.4442218,3.13859449062623,39.9897760265616,27.3653683547108,5.1743108,66937.2854756562,203.021230992051
"1991",8.01153626939582,1.982897,85.142226,12.924815,159.81289,120.64491,6.9542228,10.775591,286.27307,177.30503,474.47964,5089.9323,318.731192051454,1129.98388325256,7.82225158081499,9.6580528,4.1585749,1.6735462,6.9394223,22.06288,185.52075,1.727734,2.7251313,0.70613627,0.24819351,7.0572566,0,0.058141591,0.10715402,1.6358689,3.17249134346328,41.4900520868289,34.3949383279495,5.29866,66316.9816295201,244.428634110261
"1992",7.36488899334218,1.9500444,85.437279,11.907588,106.91739,74.361852,5.3089984,10.120439,227.43518,179.3441,361.04368,5056.1355,299.401795474459,913.375418597907,7.82422917860341,10.784362,3.8127392,1.4631107,22.26499,24.233416,194.061,2.4767485,4.0250116,1.0018637,0.18194194,7.9102615,0,0.088755914,0.12273589,1.6820379,3.17925680621584,40.4705668271573,26.6489768891126,5.4230636,64073.8463296113,198.238473013946
"1993",7.53112284662026,1.9984803,84.458339,11.381334,84.3251,50.567396,3.463778,8.6771649,231.9618,179.76429,256.33383,5078.4684,299.442514065742,941.881635326004,7.73543516761905,11.612337,3.3180441,1.2514505,34.33223,22.551362,208.33854,3.0949997,11.967198,1.5166355,0.157163,8.3534838,0,0.1188094,0.13825367,1.5457908,3.15539445582166,41.5436075386771,28.1149962597806,5.424762,63047.8743188213,203.775783162266
"1994",7.89573273408769,2.1430557,86.05046,11.006658,85.893495,37.565451,4.6095776,8.163643,238.58315,178.03958,159.08791,5003.2837,310.251836762507,1060.28274433342,7.7390951451499,11.303115,2.9604627,1.1962062,45.287421,24.423112,237.88968,3.5515518,24.558229,2.3253155,0.20390529,8.737968,0,0.14808425,0.15358509,1.5028061,3.22093233069656,42.0951460594168,33.1433506335185,5.5491826,61676.0382718769,231.05035429377
"1995",7.81318950119108,2.3880707,80.480245,10.682998,86.264975,23.473127,5.7076242,7.6747577,210.72453,180.13151,95.783763,5016.3948,305.409588895629,955.036306160309,7.85870518924649,11.011358,2.8923304,1.0842597,51.095458,27.59918,230.3453,3.8771223,36.211193,3.4395305,0.29614801,9.315257,0,0.17780027,0.16982122,1.4851806,3.25205708047676,42.282291946013,29.715407538921,5.6736625,60493.8132103944,206.47424846775
"1996",7.68633955072649,2.6638414,75.256035,10.505743,85.278741,13.005309,4.6522227,5.5242189,170.78176,183.444,59.514335,5297.7083,307.29120752308,930.021880719768,7.97673997429189,10.510994,2.8654227,0.84755661,53.568363,26.00128,224.86947,4.0579149,48.538296,4.5014521,0.39044285,9.7707047,0,0.20547879,0.23841137,1.4693037,3.27112917571896,42.2820665419786,28.7141915249516,5.5527008,59510.6250838606,200.872420789072
"1997",8.2697887427177,2.8728437,75.489912,10.417958,86.341446,10.398164,3.7691062,3.4559389,160.63531,180.149,29.550907,5288.9251,331.28891975653,1204.99230540678,8.75258447770369,9.8242768,2.8566852,0.76826308,55.763481,29.370536,240.5221,4.6266327,58.758537,5.5717023,0.427562,9.7952259,4.9588597e-05,0.25820595,0.31501343,2.18199187142857,3.37024772616206,43.7903778940298,38.3413823159471,5.7834259,59728.3758313839,264.675150304483
"1998",8.41222687644445,2.9899069,72.916263,10.335348,86.348141,12.992477,3.9615346,2.9318362,156.67666,176.1082,23.412636,5175.5355,315.332621195414,1085.43059919664,8.12678094967559,10.323837,2.701239,0.76943857,55.956781,28.471196,234.46613,6.9049469,70.049792,6.8917397,0.54029666,10.02529,0.00035834931,0.60512272,0.38665542,1.54031197142857,3.22327960466068,44.2519018780713,37.812278303322,5.6031107,58467.4201217006,232.318018201813
"1999",7.69816212543214,2.9607505,72.96355,10.216505,82.703538,14.054175,3.9749853,3.1538842,140.42544,168.37661,18.420173,5112.4264,309.4083708526,940.700677985927,7.95993641730622,10.262658,2.1509855,0.7706312,58.338707,25.741051,252.31636,8.6848445,91.978363,7.9486502,0.7424207,10.07373,0.0031081514,1.0699013,0.49435229,1.30264117142857,3.14059376447352,42.8015834042952,30.4491713253834,5.1676463,55393.7965815402,205.111878164337
"2000",7.45734723171792,2.8153943,72.651408,9.9231457,76.330076,9.4043884,3.9867142,2.3476518,122.76605,165.25876,19.471227,5074.2696,310.186809826493,886.56473023412,8.08960367597474,9.4801348,1.9694412,0.77151922,56.341686,25.730152,263.60627,10.640667,99.657424,8.5987563,0.86319988,9.2978389,0.034006926,1.411492,0.57423278,1.20061057142857,3.05613277431206,43.1323339433185,27.9819783980249,5.2735332,55530.9321464477,195.324158185274
"2001",7.5917587685289,3.0480682,70.656969,10.593275,68.271466,5.9590471,3.2771364,1.1600545,111.64066,165.599,19.806901,5094.2258,312.896378699807,881.670395580645,7.9140936941175,8.8337936,2.3248261,0.74608572,56.368781,24.490463,261.60586,11.075295,96.243251,9.8521252,0.94275566,8.9840003,0.80619906,1.6540309,0.63867332,0.961219671428571,3.09402268037506,43.251030227064,27.8779984365221,5.3282102,55918.1899897431,196.187782810541
"2002",8.04647418676617,3.4534372,70.456674,11.982167,63.484809,3.1513602,2.420559,0.95011524,101.90454,161.14055,12.302716,5096.5932,322.278831247572,970.72441719435,8.16365326195586,8.3685909,2.2797577,0.67660085,50.843174,25.156097,270.32175,12.214474,102.73275,11.617585,1.2107813,9.7208997,2.9170651,2.8037817,0.73327062,1.07000417142857,3.17979671390999,43.7962600847325,33.8082432859957,5.4976481,55557.3910196965,218.460414124282
"2003",8.24169759796008,3.16329,69.839024,12.579882,62.277955,5.7693016,1.7336337,0.74505988,97.844828,158.92828,10.122917,5113.7538,328.124224195484,944.747078612637,8.32068855469817,8.0831154,2.0262772,0.60195554,44.441172,25.070909,287.30923,15.640539,117.40605,13.114832,1.560512,11.005369,5.226518,4.7856897,0.85366012,0.900496271428572,3.21417144338464,44.6151195374798,34.3621813473596,5.5417194,57507.0257533487,214.403391430571
"2004",8.54246550729489,2.2029533,66.998563,12.194883,60.966802,9.216749,1.4729969,0.75667708,87.654103,156.21655,9.7469995,5141.4447,338.94177221491,945.546950068732,8.84549779424256,7.5267646,2.1192661,0.55294607,49.135801,28.554887,307.57676,15.758879,125.65071,13.097501,2.0510461,12.712613,6.6512131,5.4873038,0.97410928,1.03758447142857,3.29525428853553,46.5747092710239,32.3303304109863,5.6480085,60199.8465859749,216.687283406189
"2005",8.8401283857181,1.9480504,63.195607,11.060838,60.331179,4.6297025,1.8139658,0.58070615,71.956593,154.12291,7.5405195,5209.9819,346.395554623601,950.592444436393,9.11362632494414,6.9433284,1.8947828,0.46971744,53.955471,33.447493,329.52471,16.143675,126.49199,12.434284,2.365528,14.626529,7.0791974,6.3606922,1.0845927,1.02503607142857,3.3468093086085,47.6884888317892,32.7239907067027,6.2799143,62441.570654404,218.788064783975
"2006",8.92564814952246,2.045423,60.048081,10.21735,63.037203,0.6450641,1.7510311,0.58710647,65.575271,152.41471,9.3190485,5272.2746,356.469689564619,986.151008889247,9.44505426279789,6.3118449,1.5902358,0.43579597,51.911598,36.489809,346.30497,19.891066,133.41048,14.118518,2.3531588,12.639849,6.8754044,8.3862482,1.1852524,1.09198117142857,3.43782357488322,48.7512875593902,34.3551466019379,6.9409178,62899.0176114703,229.89543951647
"2007",9.2844940924787,1.7666158,57.257154,9.3272415,64.737513,4.5089203,1.5545493,0.78280059,61.623755,147.28895,9.6981304,5250.6823,355.02257553638,945.869594435841,9.64151803741093,5.7707437,1.7021554,0.59162888,49.953532,37.109679,357.26506,26.595246,127.25708,16.399738,2.4154053,9.3262891,6.6980995,8.4029745,1.2649376,0.965626871428571,3.29808996230361,50.3105698531351,33.2772979922888,6.9754073,62494.9780368133,219.7058706603
"2008",9.09185091379891,1.746034,56.837697,9.0353429,63.060877,8.3395339,1.9164483,0.45696793,57.108479,144.47281,6.337645,5191.6855,360.4917104977,912.510484307159,9.3957846728738,5.5737514,1.6171325,0.63840472,54.881457,33.091627,362.72449,30.815622,138.28669,17.544095,2.6196596,8.8123411,7.076053,10.669375,1.3164863,0.667933271428571,3.31915758906674,50.2104481816325,31.6190115051709,6.8835341,61132.5805419263,214.69549502704
"2009",9.10951400167173,1.7995507,55.355253,9.6854874,60.065148,5.7877004,1.6755174,0.3835494,54.788238,144.24254,3.7694324,5145.2658,364.200363381646,917.729230935204,9.33419758614501,5.2570896,1.7272846,0.47723148,61.506343,32.081369,366.5558,33.926872,160.10848,21.142804,2.9666725,9.9336003,7.8522494,16.223306,1.4335012,0.754406171428571,3.35641109622072,48.5881830349637,31.7724763661884,7.159861,58583.9413240608,218.758114337086
"2010",9.66512937564763,1.7742176,56.090865,10.48947,58.86009,4.4070317,1.4644148,0.65896445,52.271203,142.6745,2.4614781,5179.9719,370.896252786586,953.228630292002,9.85468256150827,4.8975548,1.8511656,0.39655186,65.209531,29.851794,361.74691,35.069515,165.044,20.460881,3.1827017,11.247607,8.7778712,15.914528,1.3375544,0.884574071428571,3.35420729367476,49.4612082323988,34.6105325102312,7.2759031,58113.337171707,224.602112102427
"2011",9.4788765655795,1.8467555,57.565927,11.056837,62.415615,4.6237938,2.0468287,0.85601742,52.120722,140.42156,3.0036158,5252.9333,372.657683178334,906.767367514325,10.1634625254007,4.3361773,2.096153,0.39105944,67.690592,28.645628,366.94427,43.330418,190.47655,22.158614,3.410604,12.498165,9.4654578,20.415233,1.1291345,0.913101271428571,3.32448714372565,50.6882964627395,32.518259270417,7.4656928,58697.0367259471,218.62875398112
"2012",9.70528517131601,1.794986,59.464919,9.6609456,70.235225,5.4529267,2.0520518,0.7168607,53.35878,136.71475,3.0096674,5232.3317,380.809766644364,949.602218353889,10.3510668745261,3.8379813,1.7328717,0.41594871,63.311547,25.468261,356.29002,45.81505,205.00564,21.423,3.2771162,12.591587,9.054248,24.0671,0.98551995,0.970101271428571,3.37141802638823,50.3585329602973,35.8269019553909,7.7062836,57789.654141332,229.106936239987
"2013",9.5605537350962,1.6324652,62.512861,8.3027436,75.740842,6.5167934,1.9408617,0.61330322,54.819887,133.39273,1.8384424,5231.2321,381.594392817586,901.238756641243,10.5716484625039,3.5745493,0.96258078,0.44442215,59.817791,19.467118,342.89828,38.8888,202.01825,23.8069,2.9986006,11.604213,9.7859,21.452891,0.87225171,0.918101271428571,3.42397534068779,49.6576278361589,33.2455658270856,7.686158,57279.3531954802,219.381179250881
"2014",9.74437965808752,1.6517,53.5475,9.8735,54.9365,2.8024,1.6696,1.114899,28.9612,133.6791,1.2625,5358.4982,387.873539205888,964.047618150183,10.8084403783495,3.481,1.2299,0.3854,59.82,22.47,358.8813,57.1243,200.0249,25.2487,3.5393,12.991,10.1025,30.4858,1.1516,1.09510127142857,3.45810249246288,49.5311806132025,36.1458213850366,7.8784,56959.845125283,233.525518005609
"2015",9.72742357688298,1.57,47.5476,10.8699,43.5734,0.8742,1.6696,1.6714,14.6096,133.823,0,5404.8069,388.072795663322,934.349884684776,10.6780162631962,3.2933,1.3378,0.3481,59.82,22.47,358.8813,78.7906,201.9534,32.381,3.6633,14.4857,11.7285,38.5792,1.1516,0.959301818181818,3.46883247600698,49.4930630935177,34.7460242280008,8.02,50346.26276027,227.244819319533
"2020",7.78133932704258,1.9704,34.8954,12.617484,35.1105,0.411,0.89775727,1.3855073,6.0003,141.1514,0,5586.3293,347.49096804304,789.848993650531,10.8556400271582,2.1847,1.1071,0.279,64.934393,20.070778,322.60083,162.31655,245.486,59.1174,5.2138035,2.4754,19.858886,6.5926,1.2019472,0.866817093937372,3.27294378488671,45.9663686780743,29.1026208084878,6.4891,40034.5329330754,188.959055707711
"2030",5.02784691906959,0.8922,18.7952,7.6949292,22.7964,0.0909,0.2594467,0.95192085,1.0122,121.4174,0,5075.0211,285.852108554515,563.510467981763,9.47302463287459,0.9614,0.7583,0.1793,53.992384,11.628452,143.31023,167.27078,156.817,59.9463,3.996022,0.4154,19.874206,1.1063,0.56880051,0.0512897898500725,2.83592079754408,34.84916792741,21.5544169384654,4.0845,25848.2803260877,128.046930709749
"2040",4.1804958767238,0.2737,10.1234,3.2463701,14.8012,0.0201,0.075055824,0.65442361,0.1707,110.0972,0,4612.947,242.790147758617,534.243681572673,7.22977709682247,0.4231,0.5193,0.1153,31.766544,3.6001414,20.28877,32.319362,24.6651,12.0109,0.65213025,0.0408,4.025654,0.1087,0.073801621,-0.105763342330827,2.61466145769404,29.5095879469483,19.7961120196293,2.5364,17527.3920705004,118.029453315201
"2050",3.61301826300564,0.1582,5.4526,2.2667791,9.6101,0.0044,0.021732582,0.44976238,0.0288,107.9832,0,4511.1964,211.108799575225,502.831689272515,4.89914702876888,0.1862,0.3557,0.0741,18.162426,1.0107539,1.8833129,20.413639,14.5566,7.737,0.37878009,0.0116,2.6719382,0.0309,0.038435786,-0.479624450936883,2.5272286011057,23.7019773184897,18.2287302921847,2.1102,13354.8728249004,109.124334374022
"2060",3.37334013693874,0.0967,2.9369,1.8366831,6.2396,0.001,0.0062733226,0.30910175,0.0049,106.8576,0,4466.5221,190.891541336659,472.538403990784,2.87126690736847,0.0819,0.2436,0.0476,10.38426,0.28377633,0.17484446,22.113912,15.017,8.4297,0.35838977,0.0062,3.0148982,0.0165,0.035857027,-0.705440586956757,2.49013582061009,21.403669170848,16.973289599187,1.8655,11011.5426965276,100.578234066673
"2070",3.14686842398888,0.0629,1.5818,1.6122852,4.0512,2e-04,0.0017923779,0.21239756,8e-04,106.2389,0,4443.2138,166.43631184477,451.537137664578,1.2208168152788,0.0361,0.1668,0.0306,5.9372433,0.079630696,0.016253147,23.933745,15.9916,9.276,0.34375672,0.0033,3.3832108,0.0088,0.034874643,-0.704718661906849,2.4901764344933,18.866629345249,16.5775875553811,1.6301,8867.19781166779,90.2557394685729
"2080",2.75247897119213,0.043,0.852,1.4254869,2.6304,0,0.00044809447,0.14593541,1e-04,105.8747,0,4423.8109,139.312168422122,418.716454388536,-0.895920892122959,0.0159,0.1143,0.0197,3.3946516,0.022401243,0.0014775588,25.522914,17.4072,9.9967,0.33476099,0.0017,3.7244447,0.0045,0.034874643,-0.664609590605716,2.55404767210697,15.8396286901854,15.7616420370675,1.3755,6625.30858960873,77.4424853729613
"2090",2.47231281630872,0.0261,0.4589,1.1750892,1.7078,0,0.00022404724,0.1002207,0,105.5654,0,4397.802,130.129686253669,393.528808268932,-2.28686808144286,0.007,0.0783,0.0126,1.9408441,0.0062952398,0.0001641732,26.08856,18.5388,10.2095,0.31976812,8e-04,3.9292066,0.0021,0.034506249,-0.568549255892163,2.71914895303366,14.1717949375364,14.855449748014,1.14,5147.50814690387,70.3951408109967
"2100",2.22702706181535,0.0092,0.2461,0.92469149,1.1067,0,0,0.068572059,0.012,105.2561,0,4371.7931,122.195342902875,353.275928395433,-2.35030533264703,0.008,0.0536,0.0081,1.2003525,0.020929628,0.009029526,24.902251,18.3662,9.7449,0.28786327,0,3.8389086,0,0.032173086,-0.79064611632114,2.65954988327418,13.1210869212094,13.0876611465113,0.8968,4032.02481917573,62.3050562975041
"2110",2.15357034125088,0.00858666666666667,0.229693333333333,0.863045390666667,1.03292,0,0,0.0640005884,0.0112,98.2390266666667,0,4080.34022666667,118.659784439857,343.291581030873,-2.1921761093828,0.00746666666666667,0.0500266666666667,0.00756,1.120329,0.0195343194666667,0.0084275576,23.2421009333333,17.1417866666667,9.09524,0.268672385333333,0,3.58298136,0,0.0300282136,-0.632516893056912,2.62767770469664,12.6250032895777,12.7688199885885,0.837013333333333,3807.95886703759,60.765671816548
"2120",2.0801136206864,0.00797333333333333,0.213286666666667,0.801399291333333,0.95914,0,0,0.0594291178,0.0104,91.2219533333333,0,3788.88735333333,115.124225976839,333.307233666313,-2.03404688611858,0.00693333333333333,0.0464533333333333,0.00702,1.0403055,0.0181390109333333,0.0078255892,21.5819508666667,15.9173733333333,8.44558,0.249481500666667,0,3.32705412,0,0.0278833412,-0.474387669792684,2.59580552611911,12.1289196579459,12.4499788306657,0.777226666666667,3583.89291489944,59.2262873355918
"2130",2.00665690012193,0.00736,0.19688,0.739753192,0.88536,0,0,0.0548576472,0.0096,84.20488,0,3497.43448,111.588667513821,323.322886301753,-1.87591766285435,0.0064,0.04288,0.00648,0.960282,0.0167437024,0.0072236208,19.9218008,14.69296,7.79592,0.230290616,0,3.07112688,0,0.0257384688,-0.316258446528456,2.56393334754157,11.6328360263141,12.1311376727428,0.71744,3359.8269627613,57.6869028546356
"2140",1.93320017955745,0.00674666666666667,0.180473333333333,0.678107092666667,0.81158,0,0,0.0502861766,0.0088,77.1878066666667,0,3205.98160666667,108.053109050803,313.338538937193,-1.71778843959012,0.00586666666666667,0.0393066666666667,0.00594,0.8802585,0.0153483938666667,0.0066216524,18.2616507333333,13.4685466666667,7.14626,0.211099731333333,0,2.81519964,0,0.0235935964,-0.158129223264228,2.53206116896403,11.1367523946824,11.81229651482,0.657653333333333,3135.76101062316,56.1475183736794
"2150",1.85974345899298,0.00613333333333333,0.164066666666667,0.616460993333333,0.7378,0,0,0.045714706,0.008,70.1707333333333,0,2914.52873333333,104.517550587784,303.354191572633,-1.24772737306071,0.00533333333333333,0.0357333333333333,0.0054,0.800235,0.0139530853333333,0.006019684,16.6015006666667,12.2441333333333,6.4966,0.191908846666667,0,2.5592724,0,0.021448724,0,2.5001889903865,10.6406687630506,11.4934553568972,0.597866666666667,2911.69505848502,54.6081338927232
"2160",1.7862867384285,0.00552,0.14766,0.554814894,0.66402,0,0,0.0411432354,0.0072,63.15366,0,2623.07586,100.981992124766,293.369844208073,-0.935795529795535,0.0048,0.03216,0.00486,0.7202115,0.0125577768,0.0054177156,14.9413506,11.01972,5.84694,0.172717962,0,2.30334516,0,0.0193038516,0,2.46831681180896,10.1445851314189,11.1746141989744,0.53808,2687.62910634688,53.0687494117671
"2170",1.71283001786403,0.00490666666666667,0.131253333333333,0.493168794666667,0.59024,0,0,0.0365717648,0.0064,56.1365866666667,0,2331.62298666667,97.4464336617483,283.385496843513,-0.623863686530357,0.00426666666666667,0.0285866666666667,0.00432,0.640188,0.0111624682666667,0.0048157472,13.2812005333333,9.79530666666667,5.19728,0.153527077333333,0,2.04741792,0,0.0171589792,0,2.43644463323142,9.64850149978711,10.8557730410516,0.478293333333333,2463.56315420873,51.5293649308109
"2180",1.63937329729956,0.00429333333333333,0.114846666666667,0.431522695333333,0.51646,0,0,0.0320002942,0.0056,49.1195133333333,0,2040.17011333333,93.9108751987302,273.401149478953,-0.311931843265178,0.00373333333333333,0.0250133333333333,0.00378,0.5601645,0.00976715973333333,0.0042137788,11.6210504666667,8.57089333333333,4.54762,0.134336192666667,0,1.79149068,0,0.0150141068,0,2.40457245465389,9.15241786815535,10.5369318831288,0.418506666666667,2239.49720207059,49.9899804498547
"2190",1.56591657673508,0.00368,0.09844,0.369876596,0.44268,0,0,0.0274288236,0.0048,42.10244,0,1748.71724,90.3753167357122,263.416802114393,0,0.0032,0.02144,0.00324,0.480141,0.0083718512,0.0036118104,9.9609004,7.34648,3.89796,0.115145308,0,1.53556344,0,0.0128692344,0,2.37270027607635,8.65633423652359,10.2180907252059,0.35872,2015.43124993245,48.4505959688985
"2200",1.49245985617061,0.00306666666666667,0.0820333333333333,0.308230496666667,0.3689,0,0,0.022857353,0.004,35.0853666666667,0,1457.26436666667,86.8397582726941,253.432454749833,0,0.00266666666666667,0.0178666666666667,0.0027,0.4001175,0.00697654266666667,0.003009842,8.30075033333333,6.12206666666667,3.2483,0.0959544233333333,0,1.2796362,0,0.010724362,0,2.34082809749881,8.16025060489183,9.89924956728312,0.298933333333333,1791.36529779431,46.9112114879424
"2210",1.41900313560613,0.00245333333333333,0.0656266666666667,0.246584397333333,0.29512,0,0,0.0182858824,0.0032,28.0682933333333,0,1165.81149333333,83.304199809676,243.448107385273,0,0.00213333333333333,0.0142933333333333,0.00216,0.320094,0.00558123413333333,0.0024078736,6.64060026666667,4.89765333333333,2.59864,0.0767635386666667,0,1.02370896,0,0.0085794896,0,2.30895591892128,7.66416697326007,9.5804084093603,0.239146666666667,1567.29934565617,45.3718270069862
"2220",1.34554641504166,0.00184,0.04922,0.184938298,0.22134,0,0,0.0137144118,0.0024,21.05122,0,874.35862,79.768641346658,233.463760020713,0,0.0016,0.01072,0.00162,0.2400705,0.0041859256,0.0018059052,4.9804502,3.67324,1.94898,0.057572654,0,0.76778172,0,0.0064346172,0,2.27708374034374,7.16808334162831,9.26156725143749,0.17936,1343.23339351802,43.83244252603
"2230",1.27208969447718,0.00122666666666667,0.0328133333333333,0.123292198666667,0.14756,0,0,0.0091429412,0.0016,14.0341466666667,0,582.905746666667,76.2330828836399,223.479412656153,0,0.00106666666666667,0.00714666666666666,0.00108,0.160047,0.00279061706666667,0.0012039368,3.32030013333333,2.44882666666667,1.29932,0.0383817693333333,0,0.51185448,0,0.0042897448,0,2.2452115617662,6.67199970999655,8.94272609351467,0.119573333333333,1119.16744137988,42.2930580450738
"2240",1.19863297391271,0.000613333333333332,0.0164066666666667,0.0616460993333333,0.07378,0,0,0.0045714706,0.000799999999999999,7.01707333333333,0,291.452873333333,72.6975244206219,213.495065291593,0,0.000533333333333334,0.00357333333333333,0.00054,0.0800235,0.00139530853333333,0.0006019684,1.66015006666667,1.22441333333333,0.649660000000001,0.0191908846666667,0,0.25592724,0,0.0021448724,0,2.21333938318867,6.17591607836479,8.62388493559185,0.0597866666666667,895.101489241742,40.7536735641177
"2250",1.12517625334823,0,0,0,0,0,0,0,0,0,0,0,69.1619659576038,203.510717927033,0,0,0,0,0,0,0,0,0,0,0,0,0,0,0,0,2.18146720461113,5.67983244673303,8.30504377766904,0,671.035537103599,39.2142890831615
"2260",1.12517625334823,0,0,0,0,0,0,0,0,0,0,0,69.1619659576038,203.510717927033,0,0,0,0,0,0,0,0,0,0,0,0,0,0,0,0,2.18146720461113,5.67983244673303,8.30504377766904,0,671.035537103599,39.2142890831615
"2270",1.12517625334823,0,0,0,0,0,0,0,0,0,0,0,69.1619659576038,203.510717927033,0,0,0,0,0,0,0,0,0,0,0,0,0,0,0,0,2.18146720461113,5.67983244673303,8.30504377766904,0,671.035537103599,39.2142890831615
"2280",1.12517625334823,0,0,0,0,0,0,0,0,0,0,0,69.1619659576038,203.510717927033,0,0,0,0,0,0,0,0,0,0,0,0,0,0,0,0,2.18146720461113,5.67983244673303,8.30504377766904,0,671.035537103599,39.2142890831615
"2290",1.12517625334823,0,0,0,0,0,0,0,0,0,0,0,69.1619659576038,203.510717927033,0,0,0,0,0,0,0,0,0,0,0,0,0,0,0,0,2.18146720461113,5.67983244673303,8.30504377766904,0,671.035537103599,39.2142890831615
"2300",1.12517625334823,0,0,0,0,0,0,0,0,0,0,0,69.1619659576038,203.510717927033,0,0,0,0,0,0,0,0,0,0,0,0,0,0,0,0,2.18146720461113,5.67983244673303,8.30504377766904,0,671.035537103599,39.2142890831615
